[
    {
        "id": "33905390",
        "title": "西安3日2晚私家团",
        "subTitle": "【春日限时·樱花之旅】青龙寺早樱盛放，抢位畅游古都！『专车专导，尊享服务』加购《长恨歌》演出，品味“大秦小宴”<严选五钻酒店>，兵马俑、华清宫、古城墙一网打尽，24小时接送站，畅游无忧！",
        "tags": [
            "无购物",
            "成团保障",
            "赠取消险",
            "车型可选",
            "自选酒店"
        ],
        "sellNum": "已售56人",
        "pmRec": "★ 【优选度假】拒绝司机兼职导游，专属车司机与专业导游服务。连续入住品牌五星级酒店，确保舒适睡眠。品味创意秦文化餐厅“大秦小宴”。家庭游、亲友同行、朋友相聚首选。\n★ 【精彩景点】推荐“春赏花”🌸青龙寺，不负春光。樱花节期间3月21日至4月21日🌸。可选观大型实景舞剧《长恨歌》，聆听专业讲解兵马俑，亲手触摸古城墙，感受千年皇家浴池文化，告别肤浅游览。\n★ 【服务承诺】提供全天候24小时专车接送机/站服务，20年资深地接社，自有车辆和专业团队。全程管家式服务，行前中后全方位保障。私人定制或行程变更，请点击咨询在线客服或拨打4008663333转28353。",
        "detailDescriptionContentView": {
            "text": "🌸【春日赏樱盛宴】\n\n🌸 青龙寺樱花节：3月21日至4月21日\n\n🌸【限时预约攻略】免费入园，提前锁定美景！\n\n👇点击预约👇\n\n【美团小程序】、【携程小程序】畅行无阻，轻松赏樱！\n\n\n📍【赏樱地址】西安市雁塔区西影路与雁翔路交叉口北355米\n\n🚇【附近地铁】3号线、5号线青龙寺站，A口或G口出站即达\n\n🚌【公交指南】31路、33路、252路至青龙路东口\n\n🌸【最佳观赏期】3月中旬至4月中旬，错过再等一年！"
        },
        "dailyItinerary": [
            {
                "title": "【金秋长安•尊享行】直飞西安，尊享3晚超豪华住宿，尝地道美食，探秘古城秋韵！首站安心，专车接送，下榻豪华酒店，自由安排游览：大唐芙蓉园、陕西历史博物馆，夜宿西安，待续精彩。",
                "subItems": [
                    {
                        "time": "08:00",
                        "daily_itinerary_sub_tit": "早餐",
                        "rich_content_view": "成人：不含餐 儿童：不含餐",
                        "meal_hours_box": "行驶：约1千米/约1分钟"
                    },
                    {
                        "time": "全天",
                        "daily_itinerary_sub_tit": "交通",
                        "rich_content_view": "💗自行搭乘选定航班/高铁，抵达西安古城。\n\n我们为您提供24小时专属接机/站服务，无需拼车，无需等待。”\n\n💌【温馨提醒】：\n\n1、接机/站团队将在出发前一天与您联系，请留意短信或电话。到达西安后，请保持预留手机号码畅通，司机将联系您告知具体接机时间与地点。\n\n2、每份订单仅含1次专车接机/站及1次送机/站，日期时间可自选，请至少在出发前1日17:00前提供航班信息。\n\n3、景区需实名预约，下单时请准确填写个人信息；出行时请携带身份证件；\n\n4、游客必须携带身份证（儿童请携带户口本或照片）。\n\n备注：服务点包括西安咸阳国际机场/西安高铁北站/西安火车站。",
                        "meal_hours_box": "行驶：约1千米/约1分钟"
                    },
                    {
                        "time": "12:00",
                        "daily_itinerary_sub_tit": "午餐",
                        "rich_content_view": "成人：不含餐 儿童：不含餐",
                        "meal_hours_box": "行驶：约1千米/约1分钟"
                    },
                    {
                        "time": "14:00",
                        "daily_itinerary_sub_tit": "酒店",
                        "rich_content_view": "📝【友情提示】\n\n1. 预订时可选择酒店及房型，抵达后请直接至前台完成入住手续，如有需要可询问酒店服务人员或联系您的私人管家。\n\n2. 遵循酒店规定，入住时间为14:00以后；若您提前到达，可将行李寄存前台，自行安排周边游览或用餐。\n\n3. 如酒店要求支付房卡押金，请自行处理。退房时，确认无误后酒店将押金原途径退还（常规退房时间为中午12:00）。期间如有额外消费，请确认价格后再使用。",
                        "meal_hours_box": "行驶：约60千米/约1小时10分钟"
                    },
                    {
                        "time": "下午",
                        "daily_itinerary_sub_tit": "自由活动",
                        "rich_content_view": "💌【温馨提醒】：\n以下行程为建议游览景区，您可根据抵达陕西的时间自由安排，自行前往，无需导游陪同，敬请留意。",
                        "meal_hours_box": "行驶：约1千米/约1分钟",
                        "daily_itinerary_sces": [
                            {
                                "GSScenicSpotID": 81938,
                                "PreName": "",
                                "Name": "大唐芙蓉园",
                                "SuffixName": null
                            },
                            {
                                "GSScenicSpotID": 75684,
                                "PreName": "",
                                "Name": "陕西历史博物馆",
                                "SuffixName": null
                            },
                            {
                                "GSScenicSpotID": 84625,
                                "PreName": "",
                                "Name": "大明宫国家遗址公园",
                                "SuffixName": null
                            },
                            {
                                "GSScenicSpotID": 80245,
                                "PreName": "",
                                "Name": "大兴善寺",
                                "SuffixName": null
                            },
                            {
                                "GSScenicSpotID": 31661378,
                                "PreName": "",
                                "Name": "古观音禅寺",
                                "SuffixName": null
                            },
                            {
                                "GSScenicSpotID": 133987592,
                                "PreName": "",
                                "Name": "陕西考古博物馆",
                                "SuffixName": null
                            }
                        ]
                    },
                    {
                        "time": "18:00",
                        "daily_itinerary_sub_tit": "晚餐",
                        "rich_content_view": "成人：不含餐 儿童：不含餐",
                        "meal_hours_box": "行驶：约1千米/约1分钟",
                        "daily_itinerary_sces": [
                            {
                                "GSScenicSpotID": 20835625,
                                "Name": "长安·糊涂记(新城广场店)"
                            },
                            {
                                "GSScenicSpotID": 36962729,
                                "Name": "醉长安(钟楼旗舰店)"
                            }
                        ]
                    }
                ]
            },
            {
                "title": "【寻秦忆•赏唐风】华清宫唐韵体验（赠温泉足浴）—品尝大秦小宴（特色秦宫美食）—秦始皇陵兵马俑（双景区无线耳麦含讲解）—可选观长恨歌演出—西安舒适住宿",
                "subItems": [
                    {
                        "time": "08:00",
                        "daily_itinerary_sub_tit": "早餐",
                        "rich_content_view": "成人：含餐 儿童：不含餐",
                        "meal_hours_box": "行驶：约1千米/约1分钟"
                    },
                    {
                        "time": "09:00",
                        "daily_itinerary_sub_tit": "景点/场馆",
                        "rich_content_view": "📍——华清宫\n华清宫，亦称华清池，\"春寒赐浴华清池，温泉水滑洗凝脂\"描绘了唐明皇对杨贵妃的宠爱。华清池因二人的爱情佳话而名著千古。华清宫不仅有着杨贵妃的故事，史上诸多事迹亦在此上演：周幽王烽火戏诸侯，张学良促成的“西安事变”。在这里，您可以感受唐代文化，领略千年行宫风采。\n\n💌【温馨提示】\n1. 华清宫景区包括华清宫与骊山景区，游客可根据体力状况，自行选择游览骊山。\n\n2. 行程不含骊山电瓶车（20元/人）及往返索道（60元/人），如需乘坐，敬请自费。",
                        "meal_hours_box": "行驶：约50千米/约60分钟",
                        "daily_itinerary_sces": [
                            {
                                "GSScenicSpotID": 75681,
                                "PreName": "",
                                "Name": "华清宫",
                                "SuffixName": "(已含门票)"
                            },
                            {
                                "GSScenicSpotID": 13849199,
                                "PreName": "",
                                "Name": "九龙湖",
                                "SuffixName": "(已含门票)"
                            },
                            {
                                "GSScenicSpotID": 56809948,
                                "PreName": "",
                                "Name": "海棠汤",
                                "SuffixName": "(已含门票)"
                            },
                            {
                                "GSScenicSpotID": 13849189,
                                "PreName": "",
                                "Name": "五间厅",
                                "SuffixName": "(已含门票)"
                            },
                            {
                                "GSScenicSpotID": 10520806,
                                "PreName": "",
                                "Name": "兵谏亭",
                                "SuffixName": "(已含门票)"
                            },
                            {
                                "GSScenicSpotID": 76835,
                                "PreName": "",
                                "Name": "骊山",
                                "SuffixName": "(已含门票)"
                            }
                        ]
                    },
                    {
                        "time": "12:00",
                        "daily_itinerary_sub_tit": "午餐",
                        "rich_content_view": "成人：含餐 儿童：含餐",
                        "meal_hours_box": "餐标：99CNY/人",
                        "daily_itinerary_sces": [
                            {
                                "GSScenicSpotID": 11235448,
                                "Name": "真爱骊山之大秦小宴"
                            }
                        ]
                    },
                    {
                        "time": "13:30",
                        "daily_itinerary_sub_tit": "景点/场馆",
                        "rich_content_view": "📢 【游客指南】\n\n1、专业解说服务，全程无需进入景区内购物点；\n   \n2、免费借阅兵马俑无线耳机的使用，游览结束后请归还，期间请小心保管； \n\n3、景区内设有购物区，此非旅行社指定购物点，贵宾可自主选择进出，购物时请注意甄别； \n\n4、兵马俑景区电瓶车费用5元/人，需自理。",
                        "meal_hours_box": "行驶：约15千米/约30分钟",
                        "daily_itinerary_sces": [
                            {
                                "GSScenicSpotID": 75682,
                                "PreName": "",
                                "Name": "秦始皇帝陵博物院(兵马俑)",
                                "SuffixName": "(已含门票)"
                            },
                            {
                                "GSScenicSpotID": 69722564,
                                "PreName": "",
                                "Name": "兵马俑一号坑",
                                "SuffixName": ""
                            },
                            {
                                "GSScenicSpotID": 52102295,
                                "PreName": "",
                                "Name": "兵马俑二号坑",
                                "SuffixName": ""
                            },
                            {
                                "GSScenicSpotID": 69783674,
                                "PreName": "",
                                "Name": "兵马俑三号坑",
                                "SuffixName": ""
                            }
                        ]
                    },
                    {
                        "time": "16:30",
                        "daily_itinerary_sub_tit": "景点/场馆",
                        "rich_content_view": "🌸【华清宫温泉足浴礼遇】\n尊享华清宫内御汤足浴，沉浸在历史沉淀下的舒适放松，让身心得以舒缓。（特别赠送，未用不退）",
                        "meal_hours_box": "行驶：约3千米/约15分钟",
                        "daily_itinerary_sces": [
                            {
                                "GSScenicSpotID": 98278683,
                                "PreName": "",
                                "Name": "香凝池",
                                "SuffixName": ""
                            }
                        ]
                    },
                    {
                        "time": "17:00",
                        "daily_itinerary_sub_tit": "自由活动",
                        "rich_content_view": "💌【友情提示】：\n以下行程为自由行推荐景点，不含门票。有需要者，请咨询客服获取详细信息，谢谢！~",
                        "meal_hours_box": "行驶：约1千米/约1分钟",
                        "daily_itinerary_sces": [
                            {
                                "GSScenicSpotID": 88954644,
                                "PreName": "",
                                "Name": "西安千古情",
                                "SuffixName": null
                            },
                            {
                                "GSScenicSpotID": 10758966,
                                "PreName": "",
                                "Name": "《长恨歌》演出",
                                "SuffixName": null
                            },
                            {
                                "GSScenicSpotID": 95247050,
                                "PreName": "",
                                "Name": "《复活的军团》演出",
                                "SuffixName": null
                            },
                            {
                                "GSScenicSpotID": 48557080,
                                "PreName": "",
                                "Name": "《驼铃传奇》秀",
                                "SuffixName": null
                            }
                        ]
                    },
                    {
                        "time": "17:10",
                        "daily_itinerary_sub_tit": "交通",
                        "rich_content_view": "返回西安乘车🚌",
                        "meal_hours_box": "行驶：约50千米/约60分钟"
                    },
                    {
                        "time": "18:00",
                        "daily_itinerary_sub_tit": "晚餐",
                        "rich_content_view": "成人：不含餐 儿童：不含餐",
                        "daily_itinerary_sces": [
                            {
                                "GSScenicSpotID": 57254660,
                                "Name": "莲花餐饮(东方亿象城店)"
                            },
                            {
                                "GSScenicSpotID": 132114055,
                                "Name": "长安灶(永宁门观景店)"
                            }
                        ]
                    },
                    {
                        "time": "19:00",
                        "daily_itinerary_sub_tit": "酒店",
                        "meal_hours_box": "行驶：约6千米/约30分钟"
                    }
                ]
            },
            {
                "title": "【寻唐风•品古韵】探访青龙寺遗址博物馆（赏樱胜境）—漫步西安城墙—尊享专车接送，温馨归途！",
                "subItems": [
                    {
                        "time": "08:00",
                        "daily_itinerary_sub_tit": "早餐",
                        "rich_content_view": "成人：含餐 儿童：不含餐",
                        "meal_hours_box": "行驶：约1千米/约1分钟"
                    },
                    {
                        "time": "08:30",
                        "daily_itinerary_sub_tit": "景点/场馆",
                        "rich_content_view": "🌸【共您相约“春日之约”】\n\n青龙寺无青龙，古遗址上，赤红与素白的樱花盛开。\n这座寺庙承载历史，遗址坐落乐游原之巅，原已成为一方高土坡。青龙寺遗址，则是原上唯一斑斓的景色。\n\n💌【温馨提醒】\n\n青龙寺樱花节：3月21日至4月21日",
                        "meal_hours_box": "行驶：约10千米/约30分钟",
                        "daily_itinerary_sces": [
                            {
                                "GSScenicSpotID": 31661329,
                                "PreName": "",
                                "Name": "青龙寺遗址博物馆",
                                "SuffixName": "(含首道门票)"
                            }
                        ]
                    },
                    {
                        "time": "10:30",
                        "daily_itinerary_sub_tit": "景点/场馆",
                        "meal_hours_box": "行驶：约5千米/约20分钟",
                        "daily_itinerary_sces": [
                            {
                                "GSScenicSpotID": 75686,
                                "PreName": "",
                                "Name": "西安城墙",
                                "SuffixName": "(含首道门票)"
                            }
                        ]
                    },
                    {
                        "time": "12:00",
                        "daily_itinerary_sub_tit": "午餐",
                        "rich_content_view": "成人：不含餐 儿童：不含餐",
                        "meal_hours_box": "行驶：约3千米/约10分钟"
                    },
                    {
                        "time": "全天",
                        "daily_itinerary_sub_tit": "交通",
                        "rich_content_view": "🚂🚄✈️\n根据您的航班/高铁时间（请注意：仅提供一次接送服务！）我们会在前一天与您确认，并在出发前3小时/2小时前来接您前往机场/高铁站，确保您行程顺利。\n请安排航班在16:00后，高铁/火车在15:00后出发。",
                        "meal_hours_box": "行驶：约60千米/约60分钟"
                    }
                ]
            }
        ],
        "days": [
            "【遇长安•皆欢喜】专车接机/站--入住酒店--自由活动推荐景点：大唐芙蓉园/陕西历史博物馆--宿西安",
            "【品唐韵•寻秦踪】唐·华清宫(赠温泉足浴)--大秦小宴(品特色秦宫宴)--秦·始皇兵马俑博物馆(含双景区耳麦+独立讲解)--可选长恨歌演出--宿西安",
            "【话长安•归故里】青龙寺遗址博物馆（赏樱）--西安城墙--专车送机/站！"
        ]
    },
    {
        "id": "26554812",
        "title": "延安壶口瀑布+波浪谷+甘泉大峡谷5日4晚私家团",
        "subTitle": "【自驾游精选·政府补贴500】陕北丹霞双谷自驾7日游！10月26日启程！体验地理奇观，品味韩城花椒宴，自由搭配五星级酒店，专业向导陪同，多方式出行选择。联手靖边、甘泉文旅局与黄河景区，京津冀鲁等多地自驾协会助力，共赏陕北风情！",
        "tags": [
            "无购物",
            "无自费",
            "成团保障",
            "3期免息",
            "瀑布",
            "峡谷峡湾",
            "赠取消险",
            "车型可选",
            "自选酒店"
        ],
        "sellNum": "已售64人",
        "pmRec": "★ 【壮丽风光】一览陕北奇观，双谷奇缘映波浪，壶口瀑布涛声起，感受黄土高原的壮丽与神秘\n★ 【精选住宿】两城高端住宿，自由选择房型，两晚红色延安住宿体验，商业圈五钻酒店任你选\n★ 【尊享服务】全程专属管家贴心相伴，品味陕北地道美食，私家团定制，车型自由选，舒适空间，安全出行，贴心防疫包随行保障旅途安心放心",
        "detailDescriptionContentView": {
            "text": "【立即点击，探秘陕北5日深度游】\n\n【下滑到底，探索陕北全貌，发现更多旅行惊喜~~】\n\n【陕北旅游地图，下滑查看，更多路线等你来解锁~~】\n\n【点击下方图片，快速选择您的专属行程↓】\n\n【↓↓探寻“革命圣地”：延安4日精华游↓↓】\n\n【↓↓“双谷奇观”探险：探秘双谷+兵马俑6日之旅↓↓】\n\n【↓↓“山水画卷”之旅：“双谷奇缘”+兵马俑+华山7日游↓↓】\n\n【↓↓“黄河风情”之旅：沿黄公路体验+五星温泉酒店，轻松不攀山↓↓】\n\n【↓↓“山水漫步”之旅：华山之巅→沿黄公路→五星温泉享受↓↓】"
        },
        "dailyItinerary": [
            {
                "title": "【全国至西安接机/站，自由安排】：全国各地启程—西安（24小时专车接送，直赴酒店，自由安排）—夜宿古都西安",
                "subItems": [
                    {
                        "time": "全天",
                        "daily_itinerary_sub_tit": "交通",
                        "rich_content_view": "自由选择交通方式抵达西安，我们将安排专车接送您至酒店，当天您可自由安排行程。\n【贴心提示】\n1、全天候管家服务：我们提供24小时贴心服务，随时响应。导游将于出发前一日与您取得联系，请留意短信或电话。\n2、抵达后请保持手机开机，以便导游在您到达前通知具体接洽时间和地点。",
                        "meal_hours_box": "行驶：约1700千米/约6小时"
                    },
                    {
                        "time": "12:00",
                        "daily_itinerary_sub_tit": "午餐",
                        "rich_content_view": "成人：不含餐 儿童：不含餐"
                    },
                    {
                        "time": "下午",
                        "daily_itinerary_sub_tit": "自由活动",
                        "rich_content_view": "推荐您两大必游街区盛事：\n\n推荐一：钟鼓楼广场与回民街\n推荐理由：品味西安地道美食，这里是城市的美食之源，也是生活最真实的一面。\n打卡建议：夜赏钟鼓楼（城市地标，可近距离留影）、体验回民街高家大院（感受皮影和秦腔魅力）\n\n推荐二：大唐不夜城\n推荐理由：城市的夜景标志，盛唐气象汇聚，光彩夺目的古都风华，不容错过。\n【不容错过】大唐不夜城演出\n1. 每晚19:00开始，建议18:00抵达，避免人潮拥挤。\n2. 不倒翁小姐姐在大雁塔北广场西辐门，19:30、20:30、21:30三场演出，请务必提前排队。\n3. 其他精彩表演：街头艺人、石头人、画中仙、悬浮李白、武将悬浮、提线木偶等。\n【必赏】音乐喷泉—玄奘广场—大悦城·孙悟空观景台\n1. 每日四场水舞灯光秀；\n2. 体验喊泉魅力；\n3. 与玄奘雕像合影，随后游览大悦城，探访孙悟空；\n4. 私藏视角：大悦城观景台，美食环绕（如长安大排档·大悦城店），俯瞰不夜城，与大雁塔同框。",
                        "meal_hours_box": "行驶时间：约20分钟",
                        "daily_itinerary_sces": [
                            {
                                "GSScenicSpotID": 10557626,
                                "PreName": "",
                                "Name": "大唐不夜城",
                                "SuffixName": null
                            },
                            {
                                "GSScenicSpotID": 13826529,
                                "PreName": "",
                                "Name": "钟鼓楼广场",
                                "SuffixName": null
                            },
                            {
                                "GSScenicSpotID": 10559031,
                                "PreName": "",
                                "Name": "回民街",
                                "SuffixName": null
                            },
                            {
                                "GSScenicSpotID": 75686,
                                "PreName": "",
                                "Name": "西安城墙",
                                "SuffixName": null
                            },
                            {
                                "GSScenicSpotID": 39706665,
                                "PreName": "",
                                "Name": "永兴坊",
                                "SuffixName": null
                            },
                            {
                                "GSScenicSpotID": 84640,
                                "PreName": "",
                                "Name": "书院门文化街",
                                "SuffixName": null
                            }
                        ]
                    },
                    {
                        "time": "下午",
                        "daily_itinerary_sub_tit": "酒店",
                        "rich_content_view": "标题：西安欧凯罗精品文化国际酒店 各房型加床服务详情？\n摘要：您好，感谢垂询！本酒店商务间及以上房型（含商务间）均可提供加床服务，加床费用为每晚人民币200元。\n\n标题：西安钟楼南门商圈推荐酒店盘点\n摘要：热荐Hotelcation酒店——西安高新希尔顿酒店。古都西安，遍地古迹，唐城墙遗址变身绿意公园，希尔顿酒店坐落其间，为旅人打造难忘休憩之地，位于市中心，毗邻遗址公园，交通便捷，环境宜人，是您休闲度假的上佳之选。\n\n标题：西安威斯汀大酒店 哪种房型直面大雁塔？\n摘要：精致套房可一览大雁塔风光。酒店周边环绕雁塔广场、贞观大道等，娱乐购物便捷，但请注意，附近道路单行较多，驾车前往可能需时。\n\n标题：小雁塔商圈迈入「太古」新纪元 助推西安城市更新创意涌动\n摘要：西安太古里项目启动，预计2026年完工。总投资百亿的太古里，成为陕西外资投资综合体纪录保持者，商业面积全国居首。小雁塔商圈将从文化底蕴走向文商旅融合，引领区域发展。\n\n标题：预定酒店后可否更改房型？\n摘要：您可以自行管理订单并选择升级房型。若通过订房网站预订，无升级选项时，可重新预订并取消原订单。如遇不可免费取消情况，建议联系网站客服，协商酒店免费取消事宜。官网预订者可直接邮件联系酒店提出需求。",
                        "meal_hours_box": "行驶时间：约30分钟"
                    },
                    {
                        "time": "晚上",
                        "daily_itinerary_sub_tit": "晚餐",
                        "rich_content_view": "成人：不含餐 儿童：不含餐"
                    }
                ]
            },
            {
                "title": "【探秘腾格里·遇见心中的沙漠】：4月29/30日从西安起程，徒步沙漠&amp;露营，探访“中国的羚羊谷” —— 宿营在无垠黄沙中，体验生命的宁静与自由。\n\n【西安：光影中的千年古都】：3100年建城史，1100年建都史的西安，影视作品的灵感源泉。西影集团，从制片厂到影视文旅航母，带你走进电影圈子，感受星光熠熠的“星光大道”。",
                "subItems": [
                    {
                        "time": "07:00",
                        "daily_itinerary_sub_tit": "早餐",
                        "rich_content_view": "成人：含餐 儿童：不含餐",
                        "meal_hours_box": "用餐时间：约30分钟"
                    },
                    {
                        "time": "上午",
                        "daily_itinerary_sub_tit": "交通",
                        "rich_content_view": "自然醒来，饱享早餐后，我们前往甘泉县启程。",
                        "meal_hours_box": "行驶：约301千米/约4小时"
                    },
                    {
                        "time": "11:30",
                        "daily_itinerary_sub_tit": "午餐",
                        "rich_content_view": "成人：不含餐 儿童：不含餐",
                        "meal_hours_box": "参考标准：30CNY/人"
                    },
                    {
                        "time": "12:00",
                        "daily_itinerary_sub_tit": "景点/场馆",
                        "rich_content_view": "《自营笔记·时间的痕迹，裂缝间的光影盛宴》\n\n📸【精心安排摄影黄金时段深度游】\n\n📝游玩攻略：\n\n带您走进被誉为摄影家天堂的桦树沟——\n\n全长约300米，\n\n🌟正午阳光（约11:00-14:00）照耀砂岩壁，\n\n光与影交相辉映，\n\n若您具备捕捉美的眼力，\n\n定会被大自然的鬼斧神工所折服。\n\n亿万年前地震造就的裂缝，\n\n历经风霜雨雪，\n\n化作今日独特景致，\n\n-------------\n\n🌟其他推荐景点：\n\n【花豹岔】长200米，\n\n沟底平坦，铺满鹅卵石与落叶，宽度适中，漫步轻松。\n\n【牡丹沟】长100米，\n\n周围野生紫斑牡丹点缀，沟内狭窄，最窄处仅10厘米，有积水。\"石花洞\"景观，仰望如鲜花绽放。\n\n-------------\n\n🌈友情提示：雨岔峡谷为天然裂缝景观，受天气影响显著。雨季不宜参观。如遇天气原因景区关闭，我们将安排延安市区或其他附近景点替代。",
                        "meal_hours_box": "行驶时间：约5分钟",
                        "daily_itinerary_sces": [
                            {
                                "GSScenicSpotID": 36231733,
                                "PreName": "",
                                "Name": "甘泉大峡谷",
                                "SuffixName": "(含首道门票)"
                            }
                        ]
                    },
                    {
                        "time": "15:30",
                        "daily_itinerary_sub_tit": "景点/场馆",
                        "meal_hours_box": "行驶：约49千米/约1小时10分钟",
                        "daily_itinerary_sces": [
                            {
                                "GSScenicSpotID": 79230,
                                "PreName": "",
                                "Name": "枣园革命旧址",
                                "SuffixName": "(已含门票)"
                            }
                        ]
                    },
                    {
                        "time": "17:15",
                        "daily_itinerary_sub_tit": "晚餐",
                        "rich_content_view": "成人：含餐 儿童：含餐",
                        "meal_hours_box": "餐标：50/人",
                        "daily_itinerary_sces": [
                            {
                                "GSScenicSpotID": 16202215,
                                "Name": "黄土情食府(枣园路店)"
                            }
                        ]
                    },
                    {
                        "time": "晚上",
                        "daily_itinerary_sub_tit": "酒店",
                        "rich_content_view": "预订酒店时（如延安高端酒店），可通过【更改酒店】/【调整房型】选项来选择您所需的酒店或房型。",
                        "meal_hours_box": "行驶：约65千米/约1小时20分钟"
                    }
                ]
            },
            {
                "title": "【探秘丹霞奇观·波浪谷之旅】：从延安启程—探访杨家岭革命圣地—走进靖边波浪谷（火焰丹霞·地心探险·赤壁丹霞一线游）—【特色晚餐：小米步枪风味，仅需50元/人】—夜宿延安风采依旧。",
                "subItems": [
                    {
                        "time": "全天",
                        "daily_itinerary_sub_tit": "其它",
                        "rich_content_view": "导游将依据天气等实际情况，调整实际游览顺序，含正餐安排也将根据行程时间适当调整，届时会与您充分沟通协商。"
                    },
                    {
                        "time": "07:00",
                        "daily_itinerary_sub_tit": "早餐",
                        "rich_content_view": "成人：含餐 儿童：不含餐",
                        "meal_hours_box": "行驶：约1千米/约5分钟"
                    },
                    {
                        "time": "09:00",
                        "daily_itinerary_sub_tit": "景点/场馆",
                        "meal_hours_box": "行驶：约6千米/约15分钟",
                        "daily_itinerary_sces": [
                            {
                                "GSScenicSpotID": 79227,
                                "PreName": "",
                                "Name": "杨家岭革命旧址",
                                "SuffixName": "(已含门票)"
                            }
                        ]
                    },
                    {
                        "time": "12:00",
                        "daily_itinerary_sub_tit": "午餐",
                        "rich_content_view": "成人：不含餐 儿童：不含餐",
                        "meal_hours_box": "行驶：约151千米/约2小时10分钟"
                    },
                    {
                        "time": "13:00",
                        "daily_itinerary_sub_tit": "景点/场馆",
                        "rich_content_view": "👍 秋冬宜选下午游，春夏推荐清晨至上午访，\n\n✔️ 游游按季调整最佳行程，下单后客服将提前沟通确认。\n\n✅ 游览攻略：\n\n推荐景区轻徒步路线：【千米画廊】→【火焰丹霞·1号区】→【赤壁丹霞】→【地心丹霞·2号区】，全程约5公里。\n\n如购买【玻璃桥】门票（约50元/人），可省三分之一路程。\n\n-------------\n\n峡谷环山步道沿途，\n\n架于丹霞地貌之上，\n\n曲折纵深，步入谷底，\n\n浅滩、水流、芦苇交织，\n\n远处麦积山般的山脉提醒着这是陕北风光。\n\n至高处，裂谷深远，\n\n陕北特有的蓝天白云，\n\n奇异的美感中，“波浪”风化地貌近在咫尺，\n\n黄土高原景观令人赞叹，\n\n随手拍即是大片，不虚此行。\n\n-------------\n\n🎗️ 《温馨提示》：今日行程较耗体力，建议着运动装，做好防晒，携带足够水分。",
                        "meal_hours_box": "行驶时间：约10分钟",
                        "daily_itinerary_sces": [
                            {
                                "GSScenicSpotID": 18080167,
                                "PreName": "",
                                "Name": "波浪谷",
                                "SuffixName": "(已含门票)"
                            }
                        ]
                    },
                    {
                        "time": "16:00",
                        "daily_itinerary_sub_tit": "交通",
                        "rich_content_view": "驾车回到延安市区。",
                        "meal_hours_box": "行驶：约170千米/约2小时30分钟"
                    },
                    {
                        "time": "19:00",
                        "daily_itinerary_sub_tit": "晚餐",
                        "rich_content_view": "成人：含餐 儿童：含餐",
                        "meal_hours_box": "餐标：50/人",
                        "daily_itinerary_sces": [
                            {
                                "GSScenicSpotID": 99125112,
                                "Name": "老延安·延安菜·小米加步枪(宝塔山店)"
                            }
                        ]
                    },
                    {
                        "time": "20:30",
                        "daily_itinerary_sub_tit": "酒店"
                    }
                ]
            },
            {
                "title": "【溯源黄河·一脉相承古韵长，探秘古城·食宿韩城味更香】从延安到南泥湾，再到壮观的壶口瀑布，途中【享韩城特色·三舍公馆花椒宴，跑男同款，每人200元】体验韩城古城风华——夜宿古都西安。",
                "subItems": [
                    {
                        "time": "07:00",
                        "daily_itinerary_sub_tit": "早餐",
                        "rich_content_view": "成人：含餐 儿童：不含餐",
                        "meal_hours_box": "行驶：约1千米/约5分钟"
                    },
                    {
                        "time": "10:00",
                        "daily_itinerary_sub_tit": "景点/场馆",
                        "rich_content_view": "壶口瀑布跨陕晋，陕西一侧，风光独步，尽享“黄河一壶收”的壮丽。四季的母亲河，时而浑厚，时而清澈，美景随季节变换，各有千秋。\n\n游览区内设有【黄河大合唱实景剧场】、【陕北特色商品】、【体验陕北毛驴骑行】等精彩项目。",
                        "meal_hours_box": "行驶：约132千米/约2小时",
                        "daily_itinerary_sces": [
                            {
                                "GSScenicSpotID": 82126,
                                "PreName": "",
                                "Name": "南泥湾风景区",
                                "SuffixName": ""
                            },
                            {
                                "GSScenicSpotID": 79235,
                                "PreName": "",
                                "Name": "黄河壶口瀑布旅游区(陕西侧)",
                                "SuffixName": "(含首道门票)"
                            }
                        ]
                    },
                    {
                        "time": "下午",
                        "daily_itinerary_sub_tit": "交通",
                        "rich_content_view": "驶向韩城。",
                        "meal_hours_box": "行驶：约85千米/约1小时45分钟"
                    },
                    {
                        "time": "12:00",
                        "daily_itinerary_sub_tit": "午餐",
                        "rich_content_view": "成人：含餐 儿童：含餐",
                        "meal_hours_box": "餐标：200/人",
                        "daily_itinerary_sces": [
                            {
                                "GSScenicSpotID": 24357083,
                                "Name": "三舍公馆"
                            }
                        ]
                    },
                    {
                        "time": "下午",
                        "daily_itinerary_sub_tit": "景点/场馆",
                        "rich_content_view": "《自营笔记·塞北藏珍，明清建筑之美》\n\n如其他古城般，韩城亦拥有【城隍庙】、【县衙】、【书院】、【私家民宿】，但踏入古街深处，琉璃墙雕之精美令人震撼。难以置信，临近塞北的边城，竟藏有可与江南古城媲美的精致与灵秀。每砖每瓦，每座牌坊，整条街道宛如巨型艺术品，透露着浓郁的明清风韵。【明清】——古代史之尾声，在这片千年古地，常被忽略。但一旦目睹其美，必感惊喜，与我同感。",
                        "meal_hours_box": "行驶时间：约5分钟",
                        "daily_itinerary_sces": [
                            {
                                "GSScenicSpotID": 24650129,
                                "PreName": "",
                                "Name": "韩城古城",
                                "SuffixName": "(含首道门票)"
                            }
                        ]
                    },
                    {
                        "time": "晚上",
                        "daily_itinerary_sub_tit": "晚餐",
                        "rich_content_view": "成人：不含餐 儿童：不含餐",
                        "meal_hours_box": "行驶时间：约60分钟"
                    },
                    {
                        "time": "晚上",
                        "daily_itinerary_sub_tit": "酒店",
                        "meal_hours_box": "行驶：约9千米/约20分钟"
                    }
                ]
            },
            {
                "title": "【康辉旅游·2023启程】长乐长安，探秘兵马俑、华清池、大唐不夜城，享受2日西安自由行\n行程亮点：DAY01：抵达西安，下榻酒店。探访华清宫，体验陕西风味午餐。下午参观世界奇迹——秦始皇陵兵马俑，夜游大唐不夜城。漫步回民街，远观钟鼓楼广场，感受古城晨钟暮鼓。参拜大慈恩寺，静心观赏大雁塔。游览大雁塔北广场，观赏音乐喷泉。随后自由活动，可选择欣赏地方戏曲或享受夜生活。品味陕西美食，尽享自由时光。DAY06：从西安返回长春，结束愉快的旅程。关注长春康辉旅行社抖音号，更多精彩等着您！\n\n【独立天使团·西安】8月31日起，2799元起双飞纯玩5日游！亲手DIY陶俑，观看《西安千古情》。精选4钻酒店，舒适入住。品尝地道关中美食，大连独立成团，全程无购物。成人3399元/人，儿童2799元/人（不含床、早、票）。提前5天预订，扫码即可报名。大连周水子国际机场集合，包含景点门票、空调用车、4钻住宿、特色用餐。自由活动期间，专车不提供。专业导游陪同，畅游古都。",
                "subItems": [
                    {
                        "time": "07:00",
                        "daily_itinerary_sub_tit": "早餐",
                        "rich_content_view": "成人：含餐 儿童：不含餐",
                        "meal_hours_box": "行驶：约1千米/约5分钟"
                    },
                    {
                        "time": "12:00",
                        "daily_itinerary_sub_tit": "午餐",
                        "rich_content_view": "成人：不含餐 儿童：不含餐"
                    },
                    {
                        "time": "全天",
                        "daily_itinerary_sub_tit": "交通",
                        "rich_content_view": "全天自由安排，提供24小时送机/送站服务。我们将提前确认您的返程时间，通常于航班起飞前3小时送达机场，火车出发前1-2小时送达车站，请保持电话联系。"
                    }
                ]
            }
        ],
        "days": [
            "【西安接机/站，自由活动】：出发地（全国）-西安（24小时专车接机/站，直达酒店，自由活动）——宿西安",
            "【中国“羚羊谷”·裂缝中的光影无边】：西安出发-甘泉大峡谷-枣园革命旧址-【含晚餐·黄土情食府·50元/人 】——宿延安",
            "【峡谷丹霞·The Wave·风中奇缘】：延安出发-杨家岭革命旧址-靖边波浪谷（红色丹霞·火焰&地心&赤壁·一线穿越）-【含晚餐：小米加步枪，50元/人】——宿延安",
            "【寻根思源·一壶黄河天上来，古城觅踪·不羡江南不羡仙】延安-南泥湾-壶口瀑布-【含韩城《跑男同款》午餐：三舍公馆·花椒宴，200元/人】-韩城古城——宿西安",
            "西安自由活动——送机/站"
        ]
    }
]