[[{"id":"33905390","title":"西安3日2晚私家团","subTitle":"【“樱”动全城 · 赏花专线】打卡青龙寺樱花节-占据春日C位『1车1导游1司机』可选订<长恨歌>品“大秦小宴”<甄选品牌5钻酒店连宿>兵马俑+华清宫+青龙寺+城墙+24h专车接送站","tags":["无购物","成团保障","赠取消险","车型可选","自选酒店"],"sellNum":"已售56人"},{"id":"26554812","title":"延安壶口瀑布+波浪谷+甘泉大峡谷5日4晚私家团","subTitle":"【携程自营·双谷奇缘】陕北丹霞&裂谷+黄河瀑布『地理摄影奇观』『5钻随心配』万达红街夜景+西安商圈，3午餐<韩城花椒宴>私宅包厢，向导伴游·交通任选","tags":["无购物","无自费","成团保障","3期免息","瀑布","峡谷峡湾","赠取消险","车型可选","自选酒店"],"sellNum":"已售64人"}]]