[{"id":"33905390","title":"西安3日2晚私家团","subTitle":"【“樱”动全城 · 赏花专线】打卡青龙寺樱花节-占据春日C位『1车1导游1司机』可选订<长恨歌>品“大秦小宴”<甄选品牌5钻酒店连宿>兵马俑+华清宫+青龙寺+城墙+24h专车接送站","tags":["无购物","成团保障","赠取消险","车型可选","自选酒店"],"sellNum":"已售56人","pmRec":"★ 【度假首选】拒绝司兼导，一车一司机一导游，品牌5钻酒店连宿，保证优质睡眠环境，品创意餐饮秦文化餐厅“大秦小宴”，家庭度假，亲友结伴，朋友聚会优选\n★ 【缤纷景点】“赏花“推荐🌸青龙寺赏花踏青，莫负春日好时光，樱花节3月21-4月21期间🌸；可选订大型实景舞剧《长恨歌》享视觉盛宴，兵马俑博物馆专业讲解，触摸六百年城墙，领略千年皇家浴池文化，深度纯玩告别走马观花\n★ 【服务保障】专属管家服务，行前行中售后服务全包，全天24H专车接送机/站，20年老牌地接旅行社，自有汽车公司及专业导游，为您的旅行品质和出行安全保驾护航。 如有私人定制或行程调整需求，请点击页面下方联系在线客服或拨打电话4008663333转28353","detailDescriptionContentView":{"text":"🌸【与你共赴“春天的约定”】\n\n🌸 青龙寺遗址博物馆樱花节日期：3月21至4月21日\n\n\n\n为您精选同款推荐，点击文字直达↓\n\n同款产品 · 西安当地参团3日2晚 · 5钻酒店\n\n\n"},"dailyItinerary":[{"title":"【遇长安•皆欢喜】专车接机/站--入住酒店--自由活动推荐景点：大唐芙蓉园/陕西历史博物馆--宿西安","subItems":[{"time":"08:00","daily_itinerary_sub_tit":"早餐","rich_content_view":"成人：不含餐 儿童：不含餐","meal_hours_box":"行驶：约1千米/约1分钟"},{"time":"全天","daily_itinerary_sub_tit":"交通","rich_content_view":"\n💗 自行乘坐所选航班/高铁，前往古都西安。\n\n我们为您贴心提供24H专车接机/站服务不拼车、不等待”。\n\n💌【温馨提示】：\n\n1、接机/站车队和导游会在出发前一天联系您，请注意查看短信或接听电话。抵达西安后请您保持订单中预留的手机号码畅通，司机会在您抵达后联系，告知您具体接机时间与地点。\n\n2、每张订单只提供1次专车接机/接站和1次专车送机/送站，日期时间可任选，需至少提前1天17点前告知航班信息。\n\n3、景区实行实名预约，下单请务必填写正确的个人信息；出行携带个人身份证；\n\n4、出游客人必须携带身份证（儿童需要户口本或者户口本照片）。\n\n备注：西安咸阳国际机场/西安高铁北站/西安火车站（以上为专车接机/站服务点）","meal_hours_box":"行驶：约1千米/约1分钟"},{"time":"12:00","daily_itinerary_sub_tit":"午餐","rich_content_view":"成人：不含餐 儿童：不含餐","meal_hours_box":"行驶：约1千米/约1分钟"},{"time":"14:00","daily_itinerary_sub_tit":"酒店","rich_content_view":"💌【温馨提示】\n\n1. 下单时可以选择酒店和房型，到达酒店后，请自行到前台办理入住手续，如有疑问可咨询酒店前台或致电私人管家。\n\n2.依酒店规定，当天14点后方可办理入住；若您抵达较早，可将行李寄存于前台，自行前往周边景点或餐厅。\n\n3.若入住酒店时需支付房卡押金，请您自理。退房查房后，如无问题酒店会原路退还给您（退房时间一般是中午12点），入住期间如有消费请看清价格后再消费。","meal_hours_box":"行驶：约60千米/约1小时10分钟"},{"time":"下午","daily_itinerary_sub_tit":"自由活动","rich_content_view":"\n💌【温馨提示】：\n以上行程为推荐景区，根据到陕时间自由选择，自行前往，无导游陪同，请知晓。","meal_hours_box":"行驶：约1千米/约1分钟","daily_itinerary_sces":[{"GSScenicSpotID":81938,"PreName":"","Name":"大唐芙蓉园","SuffixName":null},{"GSScenicSpotID":75684,"PreName":"","Name":"陕西历史博物馆","SuffixName":null},{"GSScenicSpotID":84625,"PreName":"","Name":"大明宫国家遗址公园","SuffixName":null},{"GSScenicSpotID":80245,"PreName":"","Name":"大兴善寺","SuffixName":null},{"GSScenicSpotID":31661378,"PreName":"","Name":"古观音禅寺","SuffixName":null},{"GSScenicSpotID":133987592,"PreName":"","Name":"陕西考古博物馆","SuffixName":null}]},{"time":"18:00","daily_itinerary_sub_tit":"晚餐","rich_content_view":"成人：不含餐 儿童：不含餐","meal_hours_box":"行驶：约1千米/约1分钟","daily_itinerary_sces":[{"GSScenicSpotID":20835625,"Name":"长安·糊涂记(新城广场店)"},{"GSScenicSpotID":36962729,"Name":"醉长安(钟楼旗舰店)"}]}]},{"title":"【品唐韵•寻秦踪】唐·华清宫(赠温泉足浴)--大秦小宴(品特色秦宫宴)--秦·始皇兵马俑博物馆(含双景区耳麦+独立讲解)--可选长恨歌演出--宿西安","subItems":[{"time":"08:00","daily_itinerary_sub_tit":"早餐","rich_content_view":"成人：含餐 儿童：不含餐","meal_hours_box":"行驶：约1千米/约1分钟"},{"time":"09:00","daily_itinerary_sub_tit":"景点/场馆","rich_content_view":"📍——华清宫\n华清宫也称华清池，“春寒赐浴华清池，温泉水滑洗凝脂”写尽唐玄宗对杨贵妃的宠爱，华清池也因二人的爱情故事而流传千古。其实华清宫除了杨贵妃的故事，历史上，发生在这里的故事还有很多，西周幽王烽火戏诸侯在这里上演，张学良促蒋抗日的“西安事变”也是发生在这里。感受唐朝文化，领略千年行宫的魅力。\n\n💌【温馨提示】\n\n1. 华清宫景区由华清宫和骊山景区组成，参观完华清宫景区后可视体力情况选择骊山的游览。\n\n2. 行程不含骊山景区电瓶车（20元/人），不含骊山往返索道（60元/人），如需敬请自理。","meal_hours_box":"行驶：约50千米/约60分钟","daily_itinerary_sces":[{"GSScenicSpotID":75681,"PreName":"","Name":"华清宫","SuffixName":"(已含门票)"},{"GSScenicSpotID":13849199,"PreName":"","Name":"九龙湖","SuffixName":"(已含门票)"},{"GSScenicSpotID":56809948,"PreName":"","Name":"海棠汤","SuffixName":"(已含门票)"},{"GSScenicSpotID":13849189,"PreName":"","Name":"五间厅","SuffixName":"(已含门票)"},{"GSScenicSpotID":10520806,"PreName":"","Name":"兵谏亭","SuffixName":"(已含门票)"},{"GSScenicSpotID":76835,"PreName":"","Name":"骊山","SuffixName":"(已含门票)"}]},{"time":"12:00","daily_itinerary_sub_tit":"午餐","rich_content_view":"成人：含餐 儿童：含餐","meal_hours_box":"餐标：99CNY/人","daily_itinerary_sces":[{"GSScenicSpotID":11235448,"Name":"真爱骊山之大秦小宴"}]},{"time":"13:30","daily_itinerary_sub_tit":"景点/场馆","rich_content_view":"💌 【温馨提示】\n\n1、含讲解-专业讲解，不进景中购物店；\n\n2、免费使用兵马俑无线耳麦，游览完景区后需回收，请在使用过程中妥善保管；\n\n3、内设景区购物场所，非旅行社安排购物店，您可自由进出，如购物请谨慎。\n\n4、不含兵马俑景区电瓶车5元/人","meal_hours_box":"行驶：约15千米/约30分钟","daily_itinerary_sces":[{"GSScenicSpotID":75682,"PreName":"","Name":"秦始皇帝陵博物院(兵马俑)","SuffixName":"(已含门票)"},{"GSScenicSpotID":69722564,"PreName":"","Name":"兵马俑一号坑","SuffixName":""},{"GSScenicSpotID":52102295,"PreName":"","Name":"兵马俑二号坑","SuffixName":""},{"GSScenicSpotID":69783674,"PreName":"","Name":"兵马俑三号坑","SuffixName":""}]},{"time":"16:30","daily_itinerary_sub_tit":"景点/场馆","rich_content_view":"📍【华清宫香凝池温泉足浴】\n赠送华清宫景区内御汤沐足体验，放松身心，缓解疲劳~(赠送项目，不用不退)","meal_hours_box":"行驶：约3千米/约15分钟","daily_itinerary_sces":[{"GSScenicSpotID":98278683,"PreName":"","Name":"香凝池","SuffixName":""}]},{"time":"17:00","daily_itinerary_sub_tit":"自由活动","rich_content_view":"\n💌【温馨提示】：\n以上行程为推荐自由活动景区，不含门票，如您需要请联系客服咨询详情，谢谢~","meal_hours_box":"行驶：约1千米/约1分钟","daily_itinerary_sces":[{"GSScenicSpotID":88954644,"PreName":"","Name":"西安千古情","SuffixName":null},{"GSScenicSpotID":10758966,"PreName":"","Name":"《长恨歌》演出","SuffixName":null},{"GSScenicSpotID":95247050,"PreName":"","Name":"《复活的军团》演出","SuffixName":null},{"GSScenicSpotID":48557080,"PreName":"","Name":"《驼铃传奇》秀","SuffixName":null}]},{"time":"17:10","daily_itinerary_sub_tit":"交通","rich_content_view":"🚌乘车返回西安","meal_hours_box":"行驶：约50千米/约60分钟"},{"time":"18:00","daily_itinerary_sub_tit":"晚餐","rich_content_view":"成人：不含餐 儿童：不含餐","daily_itinerary_sces":[{"GSScenicSpotID":57254660,"Name":"莲花餐饮(东方亿象城店)"},{"GSScenicSpotID":132114055,"Name":"长安灶(永宁门观景店)"}]},{"time":"19:00","daily_itinerary_sub_tit":"酒店","meal_hours_box":"行驶：约6千米/约30分钟"}]},{"title":"【话长安•归故里】青龙寺遗址博物馆（赏樱）--西安城墙--专车送机/站！","subItems":[{"time":"08:00","daily_itinerary_sub_tit":"早餐","rich_content_view":"成人：含餐 儿童：不含餐","meal_hours_box":"行驶：约1千米/约1分钟"},{"time":"08:30","daily_itinerary_sub_tit":"景点/场馆","rich_content_view":"🌸【与你共赴“春天的约定”】\n\n青龙寺没有青龙，在古老的遗址上，开满了赤色的粉白的樱花。\n这是一座有历史的寺，寺的遗址在高高的乐游原上，那个原已经成了一个高高的土坡。而青龙寺遗址是那原上惟一绚烂的风景。\n\n💌【温馨提示】\n\n青龙寺樱花节日期：3月21至4月21日","meal_hours_box":"行驶：约10千米/约30分钟","daily_itinerary_sces":[{"GSScenicSpotID":31661329,"PreName":"","Name":"青龙寺遗址博物馆","SuffixName":"(含首道门票)"}]},{"time":"10:30","daily_itinerary_sub_tit":"景点/场馆","meal_hours_box":"行驶：约5千米/约20分钟","daily_itinerary_sces":[{"GSScenicSpotID":75686,"PreName":"","Name":"西安城墙","SuffixName":"(含首道门票)"}]},{"time":"12:00","daily_itinerary_sub_tit":"午餐","rich_content_view":"成人：不含餐 儿童：不含餐","meal_hours_box":"行驶：约3千米/约10分钟"},{"time":"全天","daily_itinerary_sub_tit":"交通","rich_content_view":"🚂🚄✈️\n根据您航班/高铁时间（接或送只安排一次哦!）我们将提前一天联系您，提前3小时/2小时接您前往机场/高铁站，以免耽误行程。\n航班请安排16点后，高铁/火车请安排15点后","meal_hours_box":"行驶：约60千米/约60分钟"}]}],"days":["【遇长安•皆欢喜】专车接机/站--入住酒店--自由活动推荐景点：大唐芙蓉园/陕西历史博物馆--宿西安","【品唐韵•寻秦踪】唐·华清宫(赠温泉足浴)--大秦小宴(品特色秦宫宴)--秦·始皇兵马俑博物馆(含双景区耳麦+独立讲解)--可选长恨歌演出--宿西安","【话长安•归故里】青龙寺遗址博物馆（赏樱）--西安城墙--专车送机/站！"]},{"id":"26554812","title":"延安壶口瀑布+波浪谷+甘泉大峡谷5日4晚私家团","subTitle":"【携程自营·双谷奇缘】陕北丹霞&裂谷+黄河瀑布『地理摄影奇观』『5钻随心配』万达红街夜景+西安商圈，3午餐<韩城花椒宴>私宅包厢，向导伴游·交通任选","tags":["无购物","无自费","成团保障","3期免息","瀑布","峡谷峡湾","赠取消险","车型可选","自选酒店"],"sellNum":"已售64人","pmRec":"★ 【缤纷景点】陕北丹霞秘境，奇迹双谷+咆哮壶口，惊艳摄影，0距离描摹万年“时光指纹”\n★ 【五星精选】双城5钻，房型任选，2晚延安 | 延安金街&万达5钻/枣园宾馆/翠泉国际，2晚西安商圈5钻随心配\n★ 【服务保障】专属管家服务，含3陕北精选配餐（好评&口味），一单一团，车型可选，空座率+车配随行，防疫升级·赠免洗液+口罩+消毒保障，","detailDescriptionContentView":{"text":" 同款【双谷奇缘5日·当地参】戳我直达\n\n\n\n\n【滑至底部，解锁陕北地图，收获更多玩法~~】\n\n \n\n 【陕北地图，向下滑动，解锁更多玩法~~】\n\n【点击下方图片，直达产品↓】\n\n【↓↓“陕北风光”：延安一地4日游↓↓】\n\n【↓↓“峡谷洞天”：“双谷奇缘”+兵马俑6日游↓↓】\n\n\n【↓↓“峡谷丹青“：“双谷奇缘”+兵马俑+华山7日游↓↓】\n\n【↓↓“星河万里”：沿黄公路专线+温泉5钻酒店，轻松版不爬山↓↓】\n\n【↓↓“山止川行”：下华山→沿黄公路→直达温泉5钻↓↓】"},"dailyItinerary":[{"title":"【西安接机/站，自由活动】：出发地（全国）-西安（24小时专车接机/站，直达酒店，自由活动）——宿西安","subItems":[{"time":"全天","daily_itinerary_sub_tit":"交通","rich_content_view":"自行选择交通工具前往西安，专车送您去酒店，当日自由活动。\n【温馨提示】\n1、专属管家服务：我们为您贴心提供24H服务，随叫随到，导游会在您出发前一天联系您，请注意查看短信或接听电话。\n2、抵达目的地后请务必保证手机开机，导游会在您抵达前联系，告知您具体时间与地点。","meal_hours_box":"行驶：约1700千米/约6小时"},{"time":"12:00","daily_itinerary_sub_tit":"午餐","rich_content_view":"成人：不含餐 儿童：不含餐"},{"time":"下午","daily_itinerary_sub_tit":"自由活动","rich_content_view":"推荐您如下2处必打卡街区活动——\n\n推荐一：钟鼓楼广场-回民街一带\n推荐理由：感受西安市井美食，小吃文化是这座城市的网红来源，也是她的生活底色，\n打卡推荐：钟鼓楼夜晚（城市地标美景，可0距离与钟楼、鼓楼合影）、回民街高家大院（皮影、秦腔体验）\n推荐二：大唐不夜城\n推荐理由：城市夜景名片，唐韵气象，唯长安尔，辉煌古都氛围，必来此。\n【必看一】大唐不夜城表演\n1、每晚19点开始，建议18点提前到，免得人挤人。\n2、不倒翁小姐姐在大雁塔北广场西辐门，每晚19:30、20:30、21:30共3场，一定要提前排队~~\n3、其他艺术表演：小哥哥路演、石头人、画中人、悬浮李白、悬浮武将、提线木偶等~\n【必看二】音乐喷泉-玄奘广场-大悦城·孙悟空·私藏观景平台\n1、每天4场水舞灯光秀；\n2、喊泉打卡~~\n3、与玄奘像合影，然后去大悦城看孙悟空\n4、私藏景观：大悦城观景台，美食林立（长安大排档·大悦城店等），可以俯瞰不夜城，与大雁塔平行合影。","meal_hours_box":"行驶时间：约20分钟","daily_itinerary_sces":[{"GSScenicSpotID":10557626,"PreName":"","Name":"大唐不夜城","SuffixName":null},{"GSScenicSpotID":13826529,"PreName":"","Name":"钟鼓楼广场","SuffixName":null},{"GSScenicSpotID":10559031,"PreName":"","Name":"回民街","SuffixName":null},{"GSScenicSpotID":75686,"PreName":"","Name":"西安城墙","SuffixName":null},{"GSScenicSpotID":39706665,"PreName":"","Name":"永兴坊","SuffixName":null},{"GSScenicSpotID":84640,"PreName":"","Name":"书院门文化街","SuffixName":null}]},{"time":"下午","daily_itinerary_sub_tit":"酒店","rich_content_view":"系统酒店，为您默认推荐西安商圈5钻，下单时请选择【更换酒店】/【更换房型】选择您所需要的酒店/房型。","meal_hours_box":"行驶时间：约30分钟"},{"time":"晚上","daily_itinerary_sub_tit":"晚餐","rich_content_view":"成人：不含餐 儿童：不含餐"}]},{"title":"【中国“羚羊谷”·裂缝中的光影无边】：西安出发-甘泉大峡谷-枣园革命旧址-【含晚餐·黄土情食府·50元/人 】——宿延安","subItems":[{"time":"07:00","daily_itinerary_sub_tit":"早餐","rich_content_view":"成人：含餐 儿童：不含餐","meal_hours_box":"用餐时间：约30分钟"},{"time":"上午","daily_itinerary_sub_tit":"交通","rich_content_view":"自然醒，您享用完早餐之后，我们出发去甘泉县。","meal_hours_box":"行驶：约301千米/约4小时"},{"time":"11:30","daily_itinerary_sub_tit":"午餐","rich_content_view":"成人：不含餐 儿童：不含餐","meal_hours_box":"参考标准：30CNY/人"},{"time":"12:00","daily_itinerary_sub_tit":"景点/场馆","rich_content_view":"《自营笔记·如果时间有形状，那应该就是这片裂缝了》\n\n👍【已为您安排光影“醉”佳摄影时间游玩】\n\n✅游览攻略——\n\n我们带您走的是号称“摄影家天堂”的桦树沟——\n\n全长约300米，\n\n✔️当午间的阳光（约11点-14点）打在砂岩峭壁上，\n\n光线千变万化，\n\n如果你有捕捉的眼睛，\n\n一定会惊叹自然造化的神奇美景~\n\n亿万年前的一场地震，把地表切割成缝；\n\n斗转星移，沧海桑田，\n\n数万年前的风沙雨水侵蚀，\n\n裂缝裂变成如今的奇异景观，\n\n-------------\n\n✔️其他备选景观：\n\n【花豹岔】200米，\n\n沟底平展，铺满了鹅卵石和枯树叶，平均宽度大约2-3米，走起来很轻松。\n\n【牡丹沟】100米\n\n因周围野生紫斑牡丹而冠名，谷内宽1米左右，谷底窄至10厘米，有积水。沟中有“石花洞”，仰望上方，仿佛一朵鲜花在头顶飘逸。\n\n-------------\n\n🎗️《温馨提示》：雨岔峡谷是山体裂缝景观，因此景观效果会受天气很大的影响，遇到雨季则不适合入内参观。若遇景区因天气原因关闭无法参观，则替换行程安排为延安市区内景点/或景区附近其他无名谷；\n","meal_hours_box":"行驶时间：约5分钟","daily_itinerary_sces":[{"GSScenicSpotID":36231733,"PreName":"","Name":"甘泉大峡谷","SuffixName":"(含首道门票)"}]},{"time":"15:30","daily_itinerary_sub_tit":"景点/场馆","meal_hours_box":"行驶：约49千米/约1小时10分钟","daily_itinerary_sces":[{"GSScenicSpotID":79230,"PreName":"","Name":"枣园革命旧址","SuffixName":"(已含门票)"}]},{"time":"17:15","daily_itinerary_sub_tit":"晚餐","rich_content_view":"成人：含餐 儿童：含餐","meal_hours_box":"餐标：50/人","daily_itinerary_sces":[{"GSScenicSpotID":16202215,"Name":"黄土情食府(枣园路店)"}]},{"time":"晚上","daily_itinerary_sub_tit":"酒店","rich_content_view":"系统酒店（延安5钻），下单时请选择【更换酒店】/【更换房型】选择您所需要的酒店/房型。","meal_hours_box":"行驶：约65千米/约1小时20分钟"}]},{"title":"【峡谷丹霞·The Wave·风中奇缘】：延安出发-杨家岭革命旧址-靖边波浪谷（红色丹霞·火焰&地心&赤壁·一线穿越）-【含晚餐：小米加步枪，50元/人】——宿延安","subItems":[{"time":"全天","daily_itinerary_sub_tit":"其它","rich_content_view":"导游会根据天气等实际因素，为您调节实际的游玩顺序，所含正餐也会根据行程时间适当调整顺序，届时会与您充分商议哦~"},{"time":"07:00","daily_itinerary_sub_tit":"早餐","rich_content_view":"成人：含餐 儿童：不含餐","meal_hours_box":"行驶：约1千米/约5分钟"},{"time":"09:00","daily_itinerary_sub_tit":"景点/场馆","meal_hours_box":"行驶：约6千米/约15分钟","daily_itinerary_sces":[{"GSScenicSpotID":79227,"PreName":"","Name":"杨家岭革命旧址","SuffixName":"(已含门票)"}]},{"time":"12:00","daily_itinerary_sub_tit":"午餐","rich_content_view":"成人：不含餐 儿童：不含餐","meal_hours_box":"行驶：约151千米/约2小时10分钟"},{"time":"13:00","daily_itinerary_sub_tit":"景点/场馆","rich_content_view":"【自营笔记·神奇丹霞，应是穿越火星】\n\n👍秋冬“醉”佳游览时间推荐下午，春夏“醉”佳游览时间推荐清晨-上午，\n\n✔️游游会根据季节变换，为您适当调整“醉”优游览顺序，下单后管家提前与您沟通。\n\n✅游览攻略——\n\n推荐合适的环景区轻徒步走法：【千米画廊】→【火焰丹霞·1号景区】→【赤壁丹霞】→【地心丹霞·2号景区】4大处景观，约5公里多，\n\n若现场购买【玻璃桥】门票（约50元/人），可以节省约3分1的路；\n\n-------------\n\n整个峡谷的道路是走环山步道，\n\n步道架设在丹霞峡谷地貌上，\n\n回环曲折，上下纵深，\n\n走到峡谷洼地，脚下是浅滩，\n\n水流和芦苇，一时不分南北，不辨方位，\n\n抬眼看到远处形同麦积山的山脉，才回神——这是陕北，\n\n走到高处，脚下是裂谷横断纵深，\n\n配合陕北特有的蓝田白云，\n\n触手可及的“波浪”风化地貌，\n\n形成一股情调奇异的美，\n\n是陕北的黄土高原景观了，\n\n随时出片，不虚此行~\n\n-------------\n\n🎗️《温馨提示》今天是耗费体力的一天，建议穿戴运动装备，做好防晒措施，随身携带水哦~","meal_hours_box":"行驶时间：约10分钟","daily_itinerary_sces":[{"GSScenicSpotID":18080167,"PreName":"","Name":"波浪谷","SuffixName":"(已含门票)"}]},{"time":"16:00","daily_itinerary_sub_tit":"交通","rich_content_view":"驱车返回延安市区。","meal_hours_box":"行驶：约170千米/约2小时30分钟"},{"time":"19:00","daily_itinerary_sub_tit":"晚餐","rich_content_view":"成人：含餐 儿童：含餐","meal_hours_box":"餐标：50/人","daily_itinerary_sces":[{"GSScenicSpotID":99125112,"Name":"老延安·延安菜·小米加步枪(宝塔山店)"}]},{"time":"20:30","daily_itinerary_sub_tit":"酒店"}]},{"title":"【寻根思源·一壶黄河天上来，古城觅踪·不羡江南不羡仙】延安-南泥湾-壶口瀑布-【含韩城《跑男同款》午餐：三舍公馆·花椒宴，200元/人】-韩城古城——宿西安","subItems":[{"time":"07:00","daily_itinerary_sub_tit":"早餐","rich_content_view":"成人：含餐 儿童：不含餐","meal_hours_box":"行驶：约1千米/约5分钟"},{"time":"10:00","daily_itinerary_sub_tit":"景点/场馆","rich_content_view":"含壶口景区交通。\n\n壶口分两省，一面陕西，一面山西，从陕西侧看壶口，似乎可以独揽“一壶千里”的视角，四季黄河，或昏黄，或清泠，时间变换的美丽，随遇而安。\n\n景区里有【黄河大合唱舞台】、【陕北特产】、【陕北毛驴】。","meal_hours_box":"行驶：约132千米/约2小时","daily_itinerary_sces":[{"GSScenicSpotID":82126,"PreName":"","Name":"南泥湾风景区","SuffixName":""},{"GSScenicSpotID":79235,"PreName":"","Name":"黄河壶口瀑布旅游区(陕西侧)","SuffixName":"(含首道门票)"}]},{"time":"下午","daily_itinerary_sub_tit":"交通","rich_content_view":"驱车返回韩城。","meal_hours_box":"行驶：约85千米/约1小时45分钟"},{"time":"12:00","daily_itinerary_sub_tit":"午餐","rich_content_view":"成人：含餐 儿童：含餐","meal_hours_box":"餐标：200/人","daily_itinerary_sces":[{"GSScenicSpotID":24357083,"Name":"三舍公馆"}]},{"time":"下午","daily_itinerary_sub_tit":"景点/场馆","rich_content_view":"《自营笔记·不羡江南，雕梁画栋的明清建筑》\n\n与你走过的众多古城一样，韩城古城也有【城隍庙】、【县衙大堂】、【书院】、【私宅民宿】，\n\n但当踏进这条纵深的古街的那一刻，\n\n还是被这精美绝伦的琉璃墙雕刻震惊到了，\n\n真没想到，如此靠近塞北的边城，\n\n居然藏着丝毫不输江南古城的精美与灵秀，\n\n一砖一瓦一牌坊，\n\n一条街就像一件完整而巨大的艺术品，\n\n携刻着丝丝入骨的明清气质，\n\n【明清】——古代史的末端朝代，\n\n在这个坐拥千年历史的地域上，\n\n似乎被太多人忽略，\n\n但一旦你看到他的美，\n\n你一定跟我一样感到惊喜。","meal_hours_box":"行驶时间：约5分钟","daily_itinerary_sces":[{"GSScenicSpotID":24650129,"PreName":"","Name":"韩城古城","SuffixName":"(含首道门票)"}]},{"time":"晚上","daily_itinerary_sub_tit":"晚餐","rich_content_view":"成人：不含餐 儿童：不含餐","meal_hours_box":"行驶时间：约60分钟"},{"time":"晚上","daily_itinerary_sub_tit":"酒店","meal_hours_box":"行驶：约9千米/约20分钟"}]},{"title":"西安自由活动——送机/站","subItems":[{"time":"07:00","daily_itinerary_sub_tit":"早餐","rich_content_view":"成人：含餐 儿童：不含餐","meal_hours_box":"行驶：约1千米/约5分钟"},{"time":"12:00","daily_itinerary_sub_tit":"午餐","rich_content_view":"成人：不含餐 儿童：不含餐"},{"time":"全天","daily_itinerary_sub_tit":"交通","rich_content_view":"今日全天自由活动，含24H送机/送站服务，工作人员将与您提前确认好返程时间，一般提前3小时送至机场，提前1-2小时送您前往车站，请保持电话沟通。"}]}],"days":["【西安接机/站，自由活动】：出发地（全国）-西安（24小时专车接机/站，直达酒店，自由活动）——宿西安","【中国“羚羊谷”·裂缝中的光影无边】：西安出发-甘泉大峡谷-枣园革命旧址-【含晚餐·黄土情食府·50元/人 】——宿延安","【峡谷丹霞·The Wave·风中奇缘】：延安出发-杨家岭革命旧址-靖边波浪谷（红色丹霞·火焰&地心&赤壁·一线穿越）-【含晚餐：小米加步枪，50元/人】——宿延安","【寻根思源·一壶黄河天上来，古城觅踪·不羡江南不羡仙】延安-南泥湾-壶口瀑布-【含韩城《跑男同款》午餐：三舍公馆·花椒宴，200元/人】-韩城古城——宿西安","西安自由活动——送机/站"]}]