[[{"id":"40774092","title":"昆明+建水+元阳+弥勒+罗平+普者黑风景区+抚仙湖7日6晚私家团","subTitle":"【踏春赏花·1单1团】「品牌专车 . 酒店随心搭 」罗平油菜花海&元阳梯田+阿者科蘑菇屋&奎尔庄园—东风韵/温泉泡汤+抚仙湖渔舟唱晚+琉璃万顷&6成人立减1000","tags":["无购物","无自费","成团保障","梯田","赠取消险","赏油菜花","车型可选"],"sellNum":"已售33人"},{"id":"41416346","title":"昆明+罗平油菜花景区+弥勒+元阳+蒙自+建水+抚仙湖7日6晚私家团","subTitle":"【高端定制·1单1团】「4钻住宿+景区民宿」<古韵历史名城|朱家花园|油菜花海|九龙瀑布|梯田赏日出/观云海|法式小火车|东风韵|碧色寨|赠过桥米线>","tags":["无购物","成团保障","登山体验","瀑布","梯田","赏油菜花","车型可选","入住亲子榜单酒店","过桥米线宴"],"sellNum":"已售2人"},{"id":"28392298","title":"云南昆明+罗平+元阳+建水+普者黑景区+碧色寨风景区+东川红土地7日6晚私家团","subTitle":"【私家定制 专车司导 携程4钻酒店】打卡热门影视拍摄地+观千亩油菜花海+梯田云海日出日落+云贵高原上的里约热内卢+追寻《芳华》足迹","tags":["无购物","无自费","成团保障","观日落","梯田","赏油菜花","赏桃花","车型可选"],"sellNum":"已售13人"},{"id":"40654770","title":"云南昆明+抚仙湖+建水+元阳+弥勒+罗平6日5晚私家团","subTitle":"「#滇东南之春·邂逅花海与温泉」自选奢榻4~5钻美宿<万缮梯田观景+临安饭店>——走进“万花筒”建筑群 | 琉璃万顷抚仙湖 | 法式小火车 | 哈尼蘑菇屋 | 古城Citywalk","tags":["无购物","成团保障","观日出","梯田","赏油菜花","亲近海鸥","宗祠","车型可选","温泉酒店","自选酒店"],"sellNum":"已售12人"},{"id":"32815250","title":"云南昆明+罗平+弥勒+元阳+建水+抚仙湖+碧色寨风景区7日6晚私家团","subTitle":"【定制小团 专车服务 优选5钻酒店】赠送温泉泡汤+元阳景区酒店+娴熟老司机向导+万亩油菜花海+热播影视取景地+世界自然遗产元阳梯田+观梯田云海日出日落","tags":["无购物","无自费","成团保障","观日落","梯田","赏油菜花","艺术馆","车型可选","温泉酒店"],"sellNum":"已售10人"},{"id":"28707468","title":"云南昆明+建水+元阳+普者黑景区+罗平+弥勒+碧色寨风景区8日7晚私家团","subTitle":"【自营·专车畅游】独立专车.1单1团.1人起订「景区住宿/湖景/温泉酒店随选」滇越小火车+文化名邦+云上梯田+山水田园+泛舟游湖+影视取景+东风韵+温泉享受","tags":["可加购导游服务","无购物","无自费","成团保障","观日出","观日落","梯田","赠取消险","温泉体验","赏油菜花","古镇古村","车型可选","自选酒店"],"sellNum":"已售26人"},{"id":"41125732","title":"云南昆明+东川红土地+罗平+普者黑风景区+元阳+建水+抚仙湖7日6晚私家团","subTitle":"「#滇东南之春·鸿途甄选」品牌专车.1人起订.当地向导「精选4钻酒店+梯田观景」红土调色板·徜徉花海·影视综艺取景·梯田日落日出·滇鲁历史名城","tags":["无购物","无自费","成团保障","3期免息","瀑布","梯田","赏油菜花","车型可选"],"sellNum":"已售2人"},{"id":"34837159","title":"昆明+抚仙湖+建水+元阳+弥勒+罗平6日5晚私家团","subTitle":"#滇东南之春#宿景区内隐奢庄园/民宿/酒店&升级1晚弥勒温泉泡汤丨抚仙湖环湖(禄充沙滩漫步&登笔架山)+临安米轨小火车+元阳梯田+阿者科+东风韵+罗平油菜花海丨车型可选","tags":["无购物","成团保障","3期免息","观日出","梯田","赏油菜花","车型可选","温泉酒店"],"sellNum":"已售2人"},{"id":"40201554","title":"云南昆明+罗平+建水+元阳+抚仙湖+普者黑景区+坝美世外桃源景区+元谋土林+弥勒9日8晚私家团","subTitle":"#滇东南之春·泡温泉·赏花海【全程专车·当地向导·4钻高端酒店】换装旅拍| 滇越小火车| 梯田云海#不紧不慢·深度摄影人文","tags":["无购物","成团保障","观日出","梯田","赠取消险","赏油菜花","赏桃花","亲近海鸥","车型可选"],"sellNum":"已售5人"},{"id":"35368610","title":"昆明+抚仙湖+建水+元阳+蒙自+普者黑村+弥勒+罗平7日6晚私家团","subTitle":"【小众线路寻滇东南之春·1人起订·独立成团·高端酒店·专车】『赠蚁工坊+建水文庙+普者黑柳叶小舟』· 油菜花海·温泉时光·滇越小火车·梯田云海·古城walk","tags":["无购物","无自费","成团保障","梯田","赏油菜花","古镇古村","宗祠","车型可选","温泉酒店"],"sellNum":"已售3人"},{"id":"40468830","title":"云南昆明+罗平+九龙瀑布群+建水5日4晚私家团","subTitle":"【追光逐旅.赏花踏青】一单一团|独立专车 | 口碑宝藏民宿/高端酒店-随心选 | 春城经典.5A石林-九龙瀑布群-赏油菜花海.金鸡峰丛.日出日落-复古小火车.游古韵名城","tags":["无购物","无自费","成团保障","观日出","瀑布","赠取消险","赏油菜花","车型可选","自选酒店"],"sellNum":"已售2人"},{"id":"28839195","title":"云南昆明+建水+元阳+蒙自+普者黑景区+弥勒+东川红土地+罗平10日9晚私家团","subTitle":"【自营·畅游系列】品牌专车.1人起订.当地向导「精选4钻升级5钻花之城豪生+湖泉&温泉」影视综艺取景·梯田云海.米轨火车·游船泛舟·红土调色板","tags":["可加购导游服务","无购物","无自费","成团保障","观日出","梯田","赠取消险","温泉体验","赏油菜花","赏桃花","游船体验","车型可选","自选酒店"],"sellNum":"已售23人"},{"id":"28574944","title":"云南昆明+建水+元阳+罗平+普者黑风景区+弥勒6日5晚私家团","subTitle":"【专车畅游#应季赏花海·罗平万亩油菜花田/普者黑万顷荷花池<2选1>+梯田云海日出日落+复古米轨小火车·漫漫时光路】临湖美宿/设计师民宿/温泉&酒店·房型随心选","tags":["可加购导游服务","无购物","无自费","成团保障","观日落","梯田","赠取消险","温泉体验","赏油菜花","车型可选","自选酒店"],"sellNum":"已售38人"},{"id":"21981410","title":"云南昆明+罗平+普者黑风景区+元阳+建水6日5晚私家团","subTitle":"【私家定制 独立专车 景区酒店】倘佯油菜花丛+赏万亩花海+赏九龙瀑布雷霆万钧之势+三生三世十里桃花+追寻《爸爸去哪儿》+自然遗产元阳梯田+千年滇南重镇","tags":["无购物","无自费","成团保障","瀑布","梯田","赏油菜花","赏桃花","古镇古村","宗祠","车型可选"],"sellNum":"已售30人"},{"id":"28575289","title":"云南昆明+罗平+普者黑景区+元阳+建水5日4晚私家团","subTitle":"【滇南拾光·行摄天然美丨瑶池万顷仙境/万亩油菜花田2选1应季赏景】品牌专车·土著向导「湖景美宿+梯田内酒店」云海日出日落&古韵名城·法式小火车&柳叶小舟·驶入青丘","tags":["可加购导游服务","无购物","无自费","成团保障","观日出","观日落","梯田","赠取消险","赏油菜花","车型可选","自选酒店"],"sellNum":"已售27人"},{"id":"28574734","title":"云南昆明+东川红土地+罗平+弥勒+元阳+建水+普者黑景区7日6晚私家团","subTitle":"【专车畅游#春日滇南·邂逅时令万亩油菜花海·C位出片+梯田云海日出日落·哈尼古村采风丨罗平/弥勒<应季2选1游玩>】早春户外赏景·休闲度假·亲子家庭~","tags":["可加购导游服务","无购物","无自费","成团保障","观日落","梯田","赠取消险","赏油菜花","车型可选","自选酒店"],"sellNum":"已售19人"},{"id":"26104894","title":"昆明+建水+元阳+普者黑风景区+罗平6日5晚私家团","subTitle":"『赏花季·摄影天堂』全程专车·1单1团·精选特色酒店 赏景 休闲 畅游丨万亩油菜花田&梯田云海·泛舟游湖·逛文化名城丨邂逅自然的美景<油菜花or梯田or三生三世>‘任我游’","tags":["无购物","成团保障","瀑布","梯田","赠取消险","赏油菜花","游船体验","车型可选","自选酒店"],"sellNum":"已售13人"},{"id":"34769104","title":"云南昆明+抚仙湖+建水+元阳+普者黑风景区+罗平6日5晚私家团","subTitle":"【春季赏花&云海日出日落】 赠滇池航拍&景区美宿&严选品牌用车《爸爸去哪儿》《三生三世十里桃花》取景地&『世界遗产元阳梯田日出日落 』阿者科~蘑菇屋","tags":["无购物","无自费","成团保障","观日出","梯田","赠取消险","赏油菜花","赏桃花","赏菊花","车型可选"],"sellNum":"已售10人"},{"id":"28635521","title":"云南昆明+东川红土地+罗平+弥勒+元阳+建水+元谋土林8日7晚私家团","subTitle":"【专车畅游#春日滇南·逐日赏花】「2-3月罗平邂逅时令万亩油菜花海·C位出片」or「7-8月普者黑泛舟游湖赏万顷荷花池」梯田云海日出日落·享弥勒半山温泉","tags":["可加购导游服务","无购物","无自费","成团保障","观日落","梯田","赠取消险","温泉体验","赏油菜花","车型可选"],"sellNum":"已售10人"},{"id":"34879625","title":"昆明+建水+元阳+蒙自+普者黑风景区+罗平+弥勒10日9晚私家团","subTitle":"【走进生态·滇东南】临湖美宿·酒店/房型随心选|滇越小火车.紫陶制作体验.探十里桃花·观梯田云海.柳叶小舟·泛舟赏荷【专车随走随停·深度摄影】","tags":["无购物","成团保障","3期免息","梯田","赠取消险","赏油菜花","艺术馆","车型可选","自选酒店"],"sellNum":"已售8人"}],[{"id":"28570922","title":"云南昆明+罗平+东川红土地5日4晚私家团","subTitle":"『摄影之旅·独立专车·1单1团』严选4钻酒店·升级2晚5钻豪生花之城~赏油菜花海·观日出日落&红土地网红老人·无问西东老龙树丨家人朋友·私享出游~【赠送】24h接送机~","tags":["无购物","成团保障","观日落","赠取消险","赏油菜花","车型可选","自选酒店"],"sellNum":"已售5人"},{"id":"1032697928","title":"昆明+东川红土地+抚仙湖+建水+元阳+普者黑景区7日6晚自由行","subTitle":"【自营·包车行摄】罗平油菜花/弥勒温泉2选1「品牌专车.1人起订.当地服务」滇池海鸥+大地调色板+瑶池万顷+蚁工坊+云上梯田&哈尼小镇+泛舟游湖~度假","tags":["包车游","观日落","梯田","赏花","亲近海鸥"],"sellNum":"已售4人"},{"id":"32814733","title":"云南昆明+罗平+弥勒+元阳+建水+抚仙湖+碧色寨风景区7日6晚私家团","subTitle":"【定制小团 专车服务 四钻酒店】娴熟老司机向导+热播影视取景地+世界自然遗产元阳梯田+观梯田云海日出日落+万亩油菜花海+追寻《芳华》足迹+赠送温泉泡汤","tags":["无购物","无自费","成团保障","观日落","梯田","赏油菜花","艺术馆","车型可选","温泉酒店"],"sellNum":"已售4人"},{"id":"41109552","title":"贵州兴义+万峰林景区+马岭河峡谷+玉皇顶风景区5日4晚私家团","subTitle":"【邂逅早春的第一抹油菜花海】花期赠送罗平油菜花|一单一团 专车出行|避开人流 | 含景区门票+观光车|24h接送","tags":["可加购导游服务","无购物","无自费","成团保障","峡谷峡湾","赏油菜花","车型可选","自选酒店"],"sellNum":"已售4人"},{"id":"28382496","title":"云南昆明+罗平+元阳+建水+普者黑景区+碧色寨风景区6日5晚私家团","subTitle":"【定制小团 专车服务 携程4钻酒店】热门影视取景地+徜徉油菜花海+观金鸡峰丛+赏梯田日出日落云海+百年滇越铁路+十里桃花+建水古城+千年滇南重镇","tags":["无购物","无自费","成团保障","观日落","梯田","赏油菜花","赏桃花","宗祠","车型可选"],"sellNum":"已售4人"},{"id":"34943332","title":"昆明+弥勒+元阳+普洱+澜沧+西双版纳+罗平油菜花景区+普者黑景区+南糯山10日9晚私家团","subTitle":"【小众秘境·探访古寨】湖景·温泉·梯田美景酒店/房型随选丨千年古寨·梯田云海·茶山采茶·瑶池仙境~美景自定义·罗平/普者黑<2选1>","tags":["可加购导游服务","无购物","无自费","成团保障","3期免息","梯田","森林","温泉体验","赏油菜花","古镇古村","车型可选","自选酒店","傣族风味餐"],"sellNum":"已售2人"},{"id":"40342736","title":"昆明+罗平+弥勒+蒙自+建水+墨江+普洱+西双版纳8日7晚私家团","subTitle":"【自营.专车畅游】品牌专车.老司机携游『冬红嘴鸥.东风韵.半山温泉.碧色寨.蚁工坊+文化名城.双胞小镇.动植物王国』景区美宿观景房/酒店自选~昆进版出","tags":["可加购导游服务","无购物","无自费","成团保障","瀑布","森林","赠取消险","温泉体验","赏油菜花","古镇古村","亲近海鸥","艺术馆","车型可选","自选酒店"],"sellNum":"已售2人"},{"id":"34787825","title":"罗平+兴义+元阳哈尼梯田+建水+东川红土地+元谋+广南10日9晚私家团","subTitle":"万峰林 万峰湖 马岭河 九龙瀑布 金鸡峰油菜花 螺丝田 千年壮寨马碧村 抚仙湖 元谋土林-普者黑-坝美世外桃源（浪巴铺+物茂）私家团 纯玩无购物  ","tags":["无购物","无自费","成团保障","瀑布","梯田","赏油菜花","车型可选"],"sellNum":"已售2人"},{"id":"34652025","title":"云南昆明+元阳+建水+普者黑风景区+罗平+弥勒8日7晚私家团","subTitle":"【畅游系列】品牌专车.一单一团「自选酒店/湖景美宿任选」赠过桥米线丨建水小火车+团山民居+十七孔桥+元阳哈尼梯田+蒙自碧色寨+普者黑山水风光+螺丝田油菜花","tags":["无购物","成团保障","梯田","赏油菜花","古镇古村","艺术馆","车型可选"],"sellNum":"已售2人"},{"id":"34836909","title":"昆明+东川红土地+罗平+元阳+建水+普者黑风景区+抚仙湖8日7晚私家团","subTitle":"【自营·滇南光影】设计师民宿/梯田酒店·房型随心选丨独立品牌专车出行丨油菜花田+红土地+万亩荷花+云上梯田+碧色寨+日出日落观景+青丘十里桃林~","tags":["可加购导游服务","无购物","无自费","成团保障","观日出","观日落","瀑布","梯田","赠取消险","赏油菜花","赏桃花","古镇古村","车型可选","过桥米线宴"],"sellNum":"已售2人"},{"id":"34778699","title":"昆明+弥勒+普者黑风景区+元阳+建水+抚仙湖+东川红土地+罗平8日7晚私家团","subTitle":"【走进生态·滇东南】全程宿在风景里|乘米轨小火车&荷塘月色游船&红土地.梯田摄美拍&游云南“小三亚”抚仙湖&温泉小城&赏油菜花海#昆明往返","tags":["无购物","成团保障","3期免息","观日落","梯田","赠取消险","赏油菜花","车型可选","自选酒店"],"sellNum":"已售2人"},{"id":"1032650555","title":"昆明+抚仙湖+建水+元阳+普者黑景区7日6晚自由行","subTitle":"【自营·包车行摄】罗平/弥勒2选1「品牌专车.1人起订.当地服务」瑶池万顷+临安小火车&蚁工坊+云上梯田+柳叶小舟游湖&万亩荷花+罗平油菜花/弥勒温泉任选~休闲度假游","tags":["包车游","梯田","赏花","艺术馆"],"sellNum":"已售2人"},{"id":"25311329","title":"云南昆明+罗平+普者黑风景区+元阳+碧色寨+东川红土地7日6晚私家团","subTitle":"【定制小团 独立专车 景区酒店】油菜花海醉迷人+山水青丘普者黑+三生三世十里桃花+观梯田云海日出日落+云贵高原上的里约热内卢+追寻芳华足迹","tags":["无购物","无自费","成团保障","观日落","梯田","赏油菜花","赏桃花","车型可选"],"sellNum":"已售2人"},{"id":"34787705","title":"罗平+兴义+广南+普者黑景区+弥勒6日5晚私家团","subTitle":"罗平油菜花-兴义万峰林-万峰湖-马岭河大峡谷-坝美世外桃园  泸西城子古村-弥勒东风韵 高端住宿私家团 纯玩0购物 两人起订，三人立减活动","tags":["无购物","无自费","成团保障","峡谷峡湾","赏油菜花","车型可选"],"sellNum":"已售2人"},{"id":"40199611","title":"昆明+建水+元阳+普者黑景区+罗平+弥勒6日5晚私家团","subTitle":"摄影天堂【私家定制·高端酒店·3晚住景区】「季节变化·双线可选|万亩油菜花海/弥勒温泉泡汤&网红东风韵」梯田光影日出日落 | 普者黑深度游 | 文化名城Citywalk","tags":["无购物","成团保障","梯田","赠取消险","赏油菜花","车型可选"],"sellNum":"已售4人"}]]