[[{"id":"28365106","title":"户外野奢·西藏拉萨+林芝7日6晚私家团","subTitle":"桃花节【松赞波密/松赞南迦巴瓦/松赞来古】索松村&波密桃花沟&嘎拉村赏桃花，雅鲁藏布大峡谷&南迦巴瓦峰日照金山+布达拉宫+来古冰川/米堆冰川+船游巴松措+然乌湖+羊卓雍措","tags":["无购物","无自费","成团保障","70岁须陪同","徒步难度3星","峡谷峡湾","湖泊","冰川","森林","赏桃花","松赞酒店体验"],"sellNum":"已售239人"},{"id":"28364937","title":"户外野奢·西藏林芝+波密5日4晚私家团","subTitle":"桃花节【松赞波密/松赞南迦巴瓦山居/松赞来古】索松村&波密桃花沟&嘎拉村赏桃花，雅鲁藏布大峡谷&南迦巴瓦峰日照金山+岗云杉林轻徒步+船游巴松措+米堆冰川&来古冰川+然乌湖","tags":["无购物","无自费","成团保障","徒步难度2.5星","峡谷峡湾","湖泊","冰川","森林","赏桃花","车型可选"],"sellNum":"已售115人"},{"id":"34820405","title":"林芝+鲁朗+波密+拉萨+纳木措+羊卓雍措10日9晚私家团","subTitle":"【携程自营·全景藏东·睡在风景里MAX】低海拔进藏+观雪山冰川圣湖+米堆&来古冰川『A线』香格里拉瑞吉/保利恒大/然乌湖畔&湖景房|别克GL8『B线』波密连住&洲际·3飞","tags":["可加购导游服务","无购物","无自费","成团保障","峡谷峡湾","湖泊","冰川","森林","赠取消险","赏桃花","车型可选"],"sellNum":"已售2人"},{"id":"29469927","title":"西藏拉萨+林芝+布达拉宫+巴松措+羊卓雍措7日6晚私家团","subTitle":"【优游·十里芳华】丨青山绿水巴松措＋升级船游大峡谷&玉松岛观景下午茶+小众赏花&优享私属桃林＋朝拜双圣地布宫&大昭寺丨高钻酒店＋藏地美食＋24H微管家","tags":["无购物","无自费","成团保障","70岁须陪同","峡谷峡湾","湖泊","寺院祈福","赏桃花","车型可选","藏宴","石锅鸡"],"sellNum":"已售2人"},{"id":"33553874","title":"拉萨+林芝+大峡谷+纳木措+羊卓雍措8日7晚私家团","subTitle":"【携程自营·经典版·千山万湖】限时林芝桃花村·赠藏装旅拍·1单1团随行随停|宿指定5钻酒店+拉萨高原供氧酒店|布达拉宫独立讲解+大昭寺祈福|专车接送·含往返机票","tags":["可加购导游服务","无购物","无自费","成团保障","70岁须陪同","峡谷峡湾","雪山","湖泊","赠取消险","寺院祈福","赏桃花","车型可选"],"sellNum":"已售20人"},{"id":"31545320","title":"户外野奢·西藏拉萨+林芝8日7晚私家团","subTitle":"桃花节【松赞波密/松赞南迦巴瓦/松赞来古】索松村&波密桃花沟&嘎拉村赏桃花，新措秘境轻徒步+雅鲁藏布大峡谷&南迦巴瓦峰日照金山+布达拉宫+来古冰川+然乌湖+纳木措/羊卓雍措","tags":["无购物","无自费","成团保障","70岁须陪同","徒步难度3星","峡谷峡湾","湖泊","冰川","赏桃花","车型可选","松赞酒店体验"],"sellNum":"已售48人"},{"id":"40677769","title":"户外探索·林芝6日5晚私家团","subTitle":"【桃花限定】&【松赞系列酒店+林芝工布江达希尔顿酒店+普拉多专车】—南迦巴瓦峰徒步+索松村观测桃花源+玉松岛下午茶+探秘来古冰川蓝冰+巴松措船游+桃林深处百年庙宇+然乌湖·蓝眼泪","tags":["无购物","无自费","成团保障","70岁须陪同","雪山","冰川","森林","徒步体验","赏桃花","车型可选"],"sellNum":"已售1人"},{"id":"38260509","title":"户外野奢·西藏林芝+波密5日4晚私家团","subTitle":"【波密松赞林卡酒店丨米林松赞南迦巴瓦山居丨松赞百巴帐篷营地】船游大峡谷登陆玉松岛·下午茶-360观山赏水丨上蓝冰·观蓝洞丨桃花沟轻徒步，探秘小众景致-嘎朗湖","tags":["无购物","无自费","成团保障","峡谷峡湾","雪山","冰川","徒步体验","赏桃花","无人机航拍"],"sellNum":"已售14人"},{"id":"28417282","title":"户外探索·林芝+波密5日4晚私家团","subTitle":"【然乌湖房车营地丨轻徒步雅鲁藏布江大峡谷丨船游巴松措-童话世界丨探索世外桃源般的村落“来古村”】氧气不限量提供丨无惧高反&一单一团专车出行","tags":["无购物","无自费","成团保障","峡谷峡湾","雪山","湖泊","冰川","徒步体验","赏桃花","车型可选"],"sellNum":"已售36人"},{"id":"32965157","title":"户外探索·西藏林芝3日2晚私家团","subTitle":"『林芝桃花全景+奢选5钻酒店』『1单1团&独立用车』『主题体验+车辆可配备无人机或单反』西藏林芝雅鲁藏布江索松村南迦巴瓦峰巴松措嘎拉桃花村节定制旅游","tags":["无购物","无自费","成团保障","3期免息","6期免息","峡谷峡湾","草原","赏桃花","车型可选"],"sellNum":"已售5人"},{"id":"35278559","title":"西藏林芝+拉萨+布达拉宫+巴松措+羊卓雍措6日5晚私家团","subTitle":"【优游·十里芳华】丨林芝进藏＋升级船游大峡谷&玉松岛下午茶+小众赏花&优享私属桃林＋朝拜双圣地布宫&大昭寺丨一单一团＋五钻酒店＋尝藏地美食＋24H微管家","tags":["无购物","无自费","成团保障","70岁须陪同","峡谷峡湾","湖泊","赠取消险","寺院祈福","赏桃花","车型可选","藏宴","石锅鸡"],"sellNum":"已售10人"},{"id":"28355395","title":"户外野奢·西藏拉萨+林芝6日5晚私家团","subTitle":"桃花节【松赞南迦巴瓦山居+拉萨瑞吉酒店，VIP定制】索松村&嘎拉村赏桃花，新措秘境轻徒步+探索雅鲁藏布大峡谷&观南迦巴瓦峰日照金山+布达拉宫+纳木措/羊卓雍措+船游巴松措","tags":["无购物","无自费","成团保障","70岁须陪同","峡谷峡湾","雪山","湖泊","深度徒步","赏花","车型可选"],"sellNum":"已售115人"},{"id":"31311776","title":"户外探索·川藏公路+稻城亚丁+羊湖11日10晚私家团","subTitle":"『11晚酒店+含氧酒店+独立用车〓1单1团』『稻城登山向导+特色旅拍+单反/无人机』G318川藏经典线拉萨林芝波密新都桥墨石公园四姑娘山来古冰川巴松措情侣旅游团","tags":["无购物","无自费","成团保障","3期免息","6期免息","徒步难度3.5星","冰川","赏桃花","无人机航拍","车型可选","石锅鸡"],"sellNum":"已售86人"},{"id":"28362943","title":"户外野奢·西藏林芝6日5晚私家团","subTitle":"【桃花季&无人机航拍】【松赞南迦巴瓦山居&波密松赞林卡+东方小瑞士·保利雅途藏式独栋别墅+私家定制&专车】—轻徒步岗云杉林、米堆冰川、鲁朗林海+深入雅鲁藏布江峡谷+门票景交全含","tags":["无购物","无自费","成团保障","峡谷峡湾","冰川","森林","徒步体验","赏花","无人机航拍"],"sellNum":"已售74人"},{"id":"27859246","title":"户外探索·西藏拉萨+林芝9日8晚私家团","subTitle":"【桃花季&无人机】【松赞来古山居·冰川酒店+波密松赞林卡+专车&私家定制】—米堆、来古冰川骑马徒步+巴松措游船+专导讲解布达拉宫大昭寺+雅鲁藏布江峡谷+南迦巴瓦+门票景交全含","tags":["无购物","无自费","成团保障","峡谷峡湾","湖泊","冰川","森林","徒步体验","寺院祈福","赏桃花","无人机航拍","车型可选","松赞酒店体验"],"sellNum":"已售64人"},{"id":"31635498","title":"拉萨+林芝+大峡谷+纳木措+羊卓雍措8日7晚私家团","subTitle":"【携程自营·经典版·千山万湖】林芝桃花村·赠藏装旅拍·1单1团随行随停|入住指定4钻酒店+拉萨酒店高原供氧|布达拉宫独立讲解+大昭寺祈福|专车接送+随车备氧·含往返机票","tags":["可加购导游服务","无购物","无自费","成团保障","70岁须陪同","峡谷峡湾","雪山","湖泊","赠取消险","寺院祈福","赏桃花","车型可选"],"sellNum":"已售46人"},{"id":"27243039","title":"拉萨+林芝+大峡谷+纳木措7日6晚私家团","subTitle":"【携程自营·经典版·圣地江南】限时林芝桃花村·赠藏装旅拍|1单1团随走随停+别克GL8+专车接送机+随车备氧|布达拉宫独立讲解+大昭寺祈福|5钻指定酒店+高原供氧+宿鲁朗赏雪山·双飞","tags":["可加购导游服务","无购物","无自费","成团保障","70岁须陪同","峡谷峡湾","湖泊","赠取消险","寺院祈福","赏桃花","车型可选","石锅鸡"],"sellNum":"已售35人"},{"id":"28856479","title":"户外野奢·西藏林芝5日4晚私家团","subTitle":"【桃花季&无人机】【波密松赞林卡&峡谷秘境希尔顿+保利雅途独栋别墅+专车&私家定制】—深入雅鲁藏布江大峡谷，索松村，直白村观南迦巴瓦真颜+鲁朗林海、米堆冰川轻徒步+门票景交全含","tags":["无购物","无自费","成团保障","峡谷峡湾","湖泊","冰川","森林","徒步体验","赏桃花","无人机航拍","松赞酒店体验"],"sellNum":"已售23人"},{"id":"32029976","title":"户外探索·拉萨+林芝+羊卓雍措7日6晚私家团","subTitle":"【桃花季&无人机】【松赞南迦巴瓦山居+波密松赞林卡+拉萨瑞吉3晚+峡谷秘境希尔顿+私家定制&专车】—游艇环巴松措+鲁朗林海、岗云杉林+雅鲁藏布江峡谷+专业讲解布宫&大昭寺","tags":["无购物","无自费","成团保障","峡谷峡湾","湖泊","森林","寺院祈福","赏桃花"],"sellNum":"已售18人"},{"id":"27915575","title":"西藏拉萨+林芝+布达拉宫+巴松措+羊卓雍措7日6晚私家团","subTitle":"【优游·十里芳华】丨神湖巴松措＋升级船游大峡谷&玉松岛观景下午茶+小众赏花&优享私属桃林＋朝拜双圣地布宫&大昭寺丨拉萨洲际＋藏地美食＋24H微管家+赠藏装旅拍","tags":["无购物","无自费","成团保障","70岁须陪同","峡谷峡湾","湖泊","赠取消险","寺院祈福","赏桃花","车型可选","藏宴","石锅鸡"],"sellNum":"已售18人"}],[{"id":"31635170","title":"拉萨+林芝+大峡谷+纳木措7日6晚私家团","subTitle":"【携程自营·经典版·圣地江南】限时林芝桃花村·赠藏装旅拍|1单1团随走随停+别克GL8+装车接送机+随车备氧|布达拉宫独立讲解+大昭寺祈福|4钻指定酒店+高原供氧+1晚升级5钻·双飞","tags":["可加购导游服务","无购物","无自费","成团保障","70岁须陪同","峡谷峡湾","湖泊","赠取消险","寺院祈福","赏桃花","车型可选"],"sellNum":"已售14人"},{"id":"28362932","title":"户外野奢·西藏林芝6日5晚私家团","subTitle":"桃花节【松赞波密/松赞南迦巴瓦山居/松赞来古山居/林芝希尔顿庄园】索松村&波密桃花沟&嘎拉村赏桃花，雅鲁藏布大峡谷&南迦巴瓦峰日照金山+来古冰川/米堆冰川+船游巴松措+鲁朗小镇","tags":["无购物","无自费","成团保障","徒步难度2.5星","峡谷峡湾","雪山","湖泊","冰川","赏桃花","车型可选","松赞酒店体验"],"sellNum":"已售14人"},{"id":"22448672","title":"林芝+大峡谷+鲁朗+古乡湖景区+波密6日5晚私家团","subTitle":"【携程自营·牧野南峰快游版】 低海拔不易高反+米堆&来古冰川轻徒步+林芝雪山盛宴 +体验雪山田园风光+圣湖巴松措+鲁朗保利+希尔顿&1晚然乌湖畔+1单1团按需定制·4飞","tags":["无购物","无自费","成团保障","70岁须陪同","3期免息","峡谷峡湾","雪山","湖泊","冰川","森林","赠取消险","赏桃花","车型可选"],"sellNum":"已售12人"},{"id":"34863276","title":"林芝+大峡谷+拉萨+布达拉宫+日喀则+珠峰大本营+纳木措+羊卓雍措10日9晚私家团","subTitle":"【携程自营·经典版·全景珠峰复兴号】林芝桃花村·赠藏装旅拍·精华全景·1单1团|指定5钻酒店+高原供氧|专车接送+随车备氧+含往返机票","tags":["可加购导游服务","无购物","无自费","成团保障","70岁须陪同","峡谷峡湾","湖泊","赠取消险","寺院祈福","赏桃花","车型可选"],"sellNum":"已售11人"},{"id":"32038200","title":"户外探索·西藏拉萨+林芝7日6晚私家团","subTitle":"【桃花季&无人机】【松赞南迦巴瓦山居+波密松赞林卡+峡谷秘境希尔顿+专车】—游艇环游巴松措+徒步鲁朗林海、岗云杉林+雅鲁藏布江峡谷+米堆冰川&然乌湖+专业讲解布达拉宫&大昭寺","tags":["无购物","无自费","成团保障","峡谷峡湾","冰川","森林","徒步体验","寺院祈福","赏桃花","车型可选"],"sellNum":"已售10人"},{"id":"34922075","title":"户外探索·西藏7日6晚私家团","subTitle":"【指定入住索松村桃花韵酒店&波密隐世山居酒店+2-4人私家定制团&专车】-雅江游船+玉松岛围炉煮茶+鲁朗高山牧场咖啡+打卡来古冰川限定蓝冰+专业大咖讲解布达拉宫+八廓街专属藏服时尚大片","tags":["无购物","成团保障","冰川","徒步体验","寺院祈福","赏桃花","车型可选"],"sellNum":"已售10人"},{"id":"28989067","title":"户外探索·西藏拉萨+稻城亚丁11日10晚私家团","subTitle":"【金川梨花+林芝桃花】醉美川藏路+丰田普拉多+1单1团||赠鱼子西雪山下午茶&理塘藏餐&鲁朗石锅鸡&布宫景观下午茶||无人机航拍•全程备氧||米堆冰川/然乌湖/鲁朗林海/巴松措","tags":["无购物","无自费","成团保障","雪山","冰川","森林","赏桃花","车型可选","藏宴","石锅鸡"],"sellNum":"已售10人"},{"id":"26819280","title":"林芝+雅鲁藏布大峡谷+巴松措+波密+米堆冰川+来古冰川+鲁朗林海7日6晚私家团","subTitle":"【尖叫·桃源季】私享包车桃源圣地 雅鲁藏布峡谷风光 森林浴场 邂逅南迦巴瓦 冰川湖泊村落 随性自选酒店·成都中转三飞","tags":["无购物","无自费","成团保障","70岁须陪同","峡谷峡湾","湖泊","冰川","赏桃花","车型可选","自选酒店"],"sellNum":"已售9人"},{"id":"29233825","title":"户外探索·西藏拉萨+稻城亚丁11日10晚私家团","subTitle":"【赏花线】【川藏公路G318+丰田普拉多+1单1团】鱼子西雅拉日落&雪山下午茶&理塘藏餐&鲁朗石锅鸡•全程备氧•无人机航拍||米堆冰川/鲁朗林海/巴松措/羊湖/布达拉宫/大昭寺","tags":["无购物","无自费","成团保障","雪山","冰川","森林","寺院祈福","赏桃花","赏杜鹃","车型可选"],"sellNum":"已售8人"},{"id":"23924373","title":"西藏拉萨+林芝7日6晚私家团","subTitle":"【优游·十里芳华】丨青山绿水巴松措＋升级船游大峡谷&玉松岛观景下午茶+小众赏花&优享私属桃林＋朝拜双圣地布宫&大昭寺＋藏北秘境纳木措丨高钻酒店＋藏地美食＋24H微管家＋加赠精美伴手礼","tags":["无购物","无自费","成团保障","70岁须陪同","峡谷峡湾","湖泊","赠取消险","寺院祈福","赏桃花","车型可选","藏宴","石锅鸡"],"sellNum":"已售6人"},{"id":"28775331","title":"林芝+拉萨+鲁朗+波密8日7晚私家团","subTitle":"【携程自营·藏东经典·田园牧歌】林芝低海拔进藏+全程五钻惠选酒店|圣地朝拜+大峡谷巴松措羊湖赏丽景+藏地瑞士鲁朗漫游+经幡萦绕的人居胜地+1单1团更自在·双飞","tags":["可加购导游服务","无购物","无自费","成团保障","70岁须陪同","峡谷峡湾","湖泊","森林","赠取消险","赏桃花","车型可选","石锅鸡"],"sellNum":"已售6人"},{"id":"25943613","title":"西藏拉萨+林芝+羊卓雍措+纳木措+布达拉宫8日7晚私家团","subTitle":"【优游·赏花之约】丨升级船游大峡谷&玉松岛观景下午茶+小众赏花&优享私属桃林＋朝拜双圣地布宫&大昭寺＋畅游双圣湖丨五钻酒店＋藏地美食＋24H微管家＋赠伴手礼","tags":["无购物","无自费","成团保障","70岁须陪同","峡谷峡湾","湖泊","森林","赠取消险","寺院祈福","赏桃花","车型可选","藏宴","石锅鸡"],"sellNum":"已售6人"},{"id":"28535950","title":"成都+林芝+雅鲁藏布大峡谷+南伊沟+鲁朗林海+卡定沟景区+巴松措5日4晚私家团","subTitle":"桃花节立减200/人【醉美 赏花·东方瑞士】林芝进藏·缓高反+尊享专车+摄影司机+特色美食【臻选酒店丨5钻·皇冠/汀樾+保利/恒大】成都中转三飞","tags":["无购物","无自费","成团保障","80岁须陪同","3期免息","峡谷峡湾","赏桃花","车型可选"],"sellNum":"已售6人"},{"id":"35810411","title":"拉萨+林芝+大峡谷+纳木措+日喀则9日8晚私家团","subTitle":"【携程自营·经典版·圆梦西藏】限时林芝桃花村+赠藏装旅拍+1单1团随走随停+藏地精华游+指定5钻品牌酒店&高原供氧房&1晚藏地小瑞士·鲁朗小镇+圣城导游讲解+专车接送+双飞","tags":["可加购导游服务","无购物","无自费","成团保障","70岁须陪同","峡谷峡湾","湖泊","赠取消险","赏桃花","车型可选"],"sellNum":"已售5人"},{"id":"26841469","title":"成都+林芝+巴松措+来古冰川+米堆冰川+拉萨+布达拉宫+羊卓雍措+纳木措10日9晚私家团","subTitle":"【尖叫·冰川之旅】闲步蓝色冰川 静谧雪峰湖泊 圣城古寺涤心灵 酒店体验官&拉萨天堂洲际酒店+林芝希尔顿庄园+保利雅途·成都中转三飞","tags":["无购物","无自费","成团保障","70岁须陪同","湖泊","冰川","寺院祈福","赏桃花","车型可选","当地特色美食","藏家土火锅"],"sellNum":"已售5人"},{"id":"28541312","title":"重庆+林芝+雅鲁藏布大峡谷+鲁朗林海+波密+米堆冰川+拉萨+布达拉宫+大昭寺+羊卓雍措10日9晚私家团","subTitle":"桃花节立减200/人【冰川林海·赏花】尊享专车+摄影司机+特色美食【臻选丨5钻洲际/希尔顿 等+波密好酒店】重庆中转三飞","tags":["无购物","无自费","成团保障","80岁须陪同","3期免息","峡谷峡湾","湖泊","冰川","寺院祈福","赏桃花","车型可选"],"sellNum":"已售5人"},{"id":"32839203","title":"林芝+雅鲁藏布大峡谷+古乡湖景区+波密5日4晚私家团","subTitle":"【桃花谷醉三千客·波密花开藏地春】林芝低海拔进藏缓高反+3入桃花源·2进桃花谷·原始森林轻徒步【宿】桃花谷内·落地窗·观雪山赏桃花【享】旅游资质用车+按需定制·双飞","tags":["可加购导游服务","无购物","无自费","成团保障","峡谷峡湾","雪山","森林","赠取消险","徒步体验","赏桃花","车型可选","石锅鸡"],"sellNum":"已售4人"},{"id":"34994948","title":"西藏拉萨+林芝+日喀则+布达拉宫+羊卓雍措+珠峰大本营10日9晚私家团","subTitle":"【优游·星空花海】丨游藏地江南林芝&桃花盛宴·嘎啦桃花&私属桃林双打卡＋勇挑珠峰·观星空银河＋布宫&扎寺双朝拜丨一单一团+24h微客服 ＋赠精美礼品","tags":["无购物","无自费","成团保障","70岁须陪同","峡谷峡湾","湖泊","赠取消险","寺院祈福","赏桃花","车型可选","藏宴","石锅鸡"],"sellNum":"已售4人"},{"id":"31155295","title":"西藏拉萨+林芝+布达拉宫+纳木措+巴松措6日5晚私家团","subTitle":"【优游·烟雨林芝】| 游红教圣地巴松措+临大峡谷探秘境+观天佛瀑布+赏花限定·世外桃源+朝拜布宫&大昭寺丨一单一团＋拉萨洲际＋24H微客服＋藏地特色餐＋赠藏装旅拍","tags":["无购物","无自费","成团保障","70岁须陪同","峡谷峡湾","湖泊","赠取消险","寺院祈福","赏桃花","车型可选","藏宴","石锅鸡"],"sellNum":"已售4人"},{"id":"30420275","title":"拉萨+林芝+鲁朗国际旅游小镇+波密8日7晚私家团","subTitle":"【携程自营·神隐藏东PLUS】徒步秘境之林+探游古老冰川+邂逅圣城『臻享』松赞系酒店+希尔顿+香格里拉/瑞吉『1单1团』别克GL8『深度圣城』拉萨进林芝出·2飞","tags":["可加购导游服务","无购物","无自费","成团保障","70岁须陪同","徒步难度2.5星","冰川","赠取消险","赏桃花","赏杜鹃","车型可选"],"sellNum":"已售4人"}],[{"id":"26819299","title":"林芝+雅鲁藏布大峡谷+鲁朗林海+巴松措5日4晚私家团","subTitle":"【尖叫·藏地江南】私享包车 雅鲁藏布大峡谷 与江河同行 森林浴场 神湖巴松错 湖心岛一僧一庙 邂逅南迦巴瓦 宿希尔顿+保利雅途 藏地特色宴B线·成都中转三飞","tags":["无购物","无自费","成团保障","70岁须陪同","瀑布","峡谷峡湾","赠取消险","寺院祈福","赏桃花","车型可选","石锅鸡"],"sellNum":"已售4人"},{"id":"28540832","title":"成都+林芝+雅鲁藏布大峡谷+鲁朗林海+波密+米堆冰川+拉萨+布达拉宫+大昭寺+羊卓雍措10日9晚私家团","subTitle":"桃花节立减200/人【冰川林海·赏花】尊享专车+摄影司机+特色美食【臻选丨5钻洲际/希尔顿 等+波密好酒店】成都中转三飞","tags":["无购物","无自费","成团保障","80岁须陪同","3期免息","峡谷峡湾","湖泊","冰川","寺院祈福","赏桃花","车型可选"],"sellNum":"已售3人"},{"id":"27018888","title":"成都+林芝+波密+雅鲁藏布大峡谷+米堆冰川+巴松措7日6晚私家团","subTitle":"【尖叫·桃源季】私享包车桃源圣地 雅鲁藏布峡谷风光 森林浴场 邂逅南迦巴瓦 冰川湖泊村落 巴松措湖心岛 希尔顿庄园酒店+保利雅途雪景别墅·成都中转三飞","tags":["无购物","无自费","成团保障","70岁须陪同","峡谷峡湾","湖泊","冰川","赏桃花","车型可选"],"sellNum":"已售3人"},{"id":"28427854","title":"拉萨+布达拉宫+大昭寺+林芝+鲁朗林海+雅鲁藏布大峡谷+拉姆拉措+纳木措9日8晚私家团","subTitle":"雪山下 花成花 树成树【山南环线丨桃花季·赏花】1单1团/专享包车~摄影司机/景随停【臻选5钻丨供氧·洲际/希尔顿+温泉】特色餐~双飞","tags":["无购物","无自费","成团保障","70岁须陪同","3期免息","峡谷峡湾","湖泊","宫殿","寺院祈福","赏桃花","车型可选","温泉酒店"],"sellNum":"已售2人"},{"id":"30920591","title":"拉萨+布达拉宫+大昭寺+羊卓雍措+卡若拉冰川+纳木措+林芝+鲁朗林海+雅鲁藏布大峡谷7日6晚私家团","subTitle":"桃花节 赏花【圣地漫游·复兴号】立减200+拉进林出·动车衔接+1单1团·摄影司机/美景随停【优选丨4钻酒店+拉萨供氧】双飞","tags":["无购物","无自费","成团保障","70岁须陪同","3期免息","峡谷峡湾","湖泊","冰川","寺院祈福","赏桃花","车型可选"],"sellNum":"已售2人"},{"id":"30942452","title":"拉萨+布达拉宫+大昭寺+羊卓雍措+纳木措+林芝+鲁朗林海+雅鲁藏布大峡谷+波密+米堆冰川+然乌湖8日7晚私家团","subTitle":"桃花节 赏花【圣地漫游·复兴号】减200+拉林·动车衔接+1单1团·摄影司机/随停【优选丨4钻酒店+拉萨供氧】双飞","tags":["无购物","无自费","成团保障","70岁须陪同","3期免息","峡谷峡湾","湖泊","冰川","赏桃花","车型可选"],"sellNum":"已售2人"},{"id":"33233309","title":"林芝+波密+拉萨+来古冰川+巴松措+布达拉宫+大昭寺9日8晚私家团","subTitle":"【尖叫·冰川之旅】私享包车 闲步蓝色冰川 静谧雪峰湖泊 圣城古寺涤心灵 饕天美食舌尖旅行 随车配氧应急物资 拉萨洲际供氧酒店&希尔顿酒店·成都中转三飞","tags":["无购物","无自费","成团保障","70岁须陪同","雪山","湖泊","冰川","寺院祈福","赏桃花","车型可选","当地特色美食","藏家土火锅"],"sellNum":"已售2人"},{"id":"31497195","title":"林芝+波密+墨脱+米堆冰川+来古冰川+果果塘大拐弯+巴松措7日6晚私家团","subTitle":"【尖叫·疆行秘境·墨脱】私享包车 隐秘莲花 越野巡航 跨高原履平地 百公里感受赤道到北极跨越式体验 郁葱芭蕉 蓝色冰川 雄壮瀑布 雪山圣湖·双飞","tags":["无购物","无自费","成团保障","70岁须陪同","峡谷峡湾","雪山","湖泊","冰川","赏桃花","车型可选"],"sellNum":"已售2人"},{"id":"38449384","title":"林芝+雅鲁藏布大峡谷+巴松措+布达拉宫+大昭寺+拉萨5日4晚私家团","subTitle":"【初次进藏优选】林芝入藏不惧高反丨专属司机独立包车 经典行程不走回头路 随走随停 轻松度假丨精选瑞吉+索松村桃花韵 坐拥南迦巴瓦丨1v1管家规划行程","tags":["无购物","无自费","成团保障","峡谷峡湾","森林","寺院祈福","赏桃花","车型可选"],"sellNum":"已售2人"},{"id":"26841535","title":"成都+林芝+巴松措+措木及日+拉萨+布达拉宫+羊卓雍措9日8晚私家团","subTitle":"【尖叫·臻享湖畔】私享包车 林芝进藏 高反无忧 专属领队 随行随停 纵情峡谷冰川 船游圣湖 圣城古寺纳福祈愿 洲际供氧房/巴松错湖景房·成都中转三飞","tags":["无购物","无自费","成团保障","70岁须陪同","瀑布","峡谷峡湾","雪山","湖泊","冰川","赠取消险","寺院祈福","赏桃花","车型可选","温泉酒店","当地特色美食","藏家土火锅"],"sellNum":"已售2人"},{"id":"35279593","title":"西藏林芝+拉萨+布达拉宫+巴松措+羊卓雍措+纳木措7日6晚私家团","subTitle":"【优游·十里芳华】|林芝进藏＋升级船游大峡谷&玉松岛下午茶+小众赏花&优享私属桃林＋朝拜双圣地布宫&大昭寺+畅游双圣湖丨五钻酒店＋藏地美食＋24H微管家","tags":["无购物","无自费","成团保障","70岁须陪同","峡谷峡湾","湖泊","赠取消险","寺院祈福","赏桃花","车型可选","藏宴","石锅鸡"],"sellNum":"已售2人"},{"id":"30940281","title":"拉萨+布达拉宫+大昭寺+羊卓雍措+卡若拉冰川+林芝+鲁朗林海+雅鲁藏布大峡谷6日5晚私家团","subTitle":"桃花节 赏花【圣地漫游·复兴号】立减200+拉进林出·动车衔接+1单1团·摄影司机/随停+特色美食【臻选丨5钻·供氧洲际/希尔顿】双飞","tags":["无购物","无自费","成团保障","70岁须陪同","3期免息","峡谷峡湾","湖泊","冰川","寺院祈福","赏桃花","车型可选","石锅鸡"],"sellNum":"已售2人"},{"id":"34740102","title":"林芝+雅鲁藏布大峡谷+鲁朗林海+巴松措5日4晚私家团","subTitle":"【尖叫·藏地江南】私享包车 5钻酒店任君选 雅江峡谷 江河同行 森林浴场 红教神湖巴松错 湖心岛拜唐代古寺 卡定沟天佛瀑布 夜宿大峡谷景区·A线重庆中转三飞","tags":["无购物","无自费","成团保障","70岁须陪同","瀑布","赠取消险","寺院祈福","赏桃花","车型可选","自选酒店"],"sellNum":"已售1人"}]]