[[{"id":"39578224","title":"新疆乌鲁木齐+喀纳斯+禾木风景区9日8晚私家团","subTitle":"【携程自营 双湖牧歌】A线经典三湖/B线伊犁杏花！2晚景区住宿|赛湖VIP车环湖|6人下单升级大7座头等舱·|赠无人机航拍·VIP直通车直达景区·喀纳斯·白哈巴·禾木|儿童赠早","tags":["无购物","成团保障","赠取消险","车型可选"],"sellNum":"已售14人"},{"id":"35758358","title":"新疆乌鲁木齐+北疆8日7晚私家团","subTitle":"【初游力荐·大赏三湖】<性价比NO.I><4人豪升14改7商务车>『随车配备无人机&赠赛湖VIP环湖』A线：春季热卖 B线：喀伊+赏花 C线：乌市+自由行 D线：天喀伊+独库+巴音 ","tags":["可加购导游服务","无购物","无自费","成团保障","车型可选"],"sellNum":"已售76人"},{"id":"36174215","title":"新疆乌鲁木齐+北疆10日9晚私家团","subTitle":"【文旅出战·携程首波宠您】<舒适团N0. 1-赠无人机航拍>【抢花季限定〓满6人升航空座椅1+1】7晚5钻+1晚禾木内+3大景区VIP直通车A线赏花 丨B线北疆+南疆  ","tags":["可加购导游服务","无购物","成团保障","车型可选"],"sellNum":"已售62人"},{"id":"36272597","title":"新疆乌鲁木齐+北疆+喀纳斯+赛里木湖+那拉提8日7晚私家团","subTitle":"『赏花季·随心定制·1单1团』赠全程无人机/单反+3套拍摄服饰【尊享5钻酒店·含1晚禾木4钻木屋+升级1晚五钻轻奢木屋】{赛湖VIP直通环湖}+喀纳斯+天山天池+禾木","tags":["无购物","无自费","成团保障","古镇古村","车型可选"],"sellNum":"已售468人"},{"id":"35811161","title":"新疆乌鲁木齐+喀纳斯+禾木风景区10日9晚私家团","subTitle":"<携程自营·悦动北疆>·A线三湖+吐鲁番/B线喀伊连线+杏花|无人机航拍·禾木人像旅拍|6人下单升级大7座头等舱|禾木景区内住宿|儿童含全早|24H专车接送机|行程可调|外籍可订","tags":["无购物","成团保障","赠取消险","车型可选"],"sellNum":"已售9人"},{"id":"37320822","title":"户外探索·南疆+喀什市+帕米尔高原7日6晚私家团","subTitle":"帕米尔高原杏花季【自然与人文的探索#雪山和海洋的碰撞】&「白沙湖+喀什古城Citywalk+喀湖下午茶观日落+木吉火山异域世界&【爱帕民宿&摩络哥ins美宿】<无人机航拍>","tags":["无购物","无自费","成团保障","徒步难度2.5星","湖泊","冰川","古镇古村","无人机航拍","车型可选","入住精品民宿"],"sellNum":"已售26人"},{"id":"40100731","title":"新疆北疆+伊犁+乌鲁木齐+赛里木湖+那拉提7日6晚私家团","subTitle":"【巅峯伊犁】“天花板”的伊犁草原线路。A线：经典三草原；B线：探秘琼库什台；C线：早春赏花。穿越独库公路（季节限定），携程认证司机，24小时管家服务","tags":["无购物","成团保障","车型可选"],"sellNum":"已售4人"},{"id":"26355561","title":"新疆乌鲁木齐+北疆8日7晚私家团","subTitle":"【杏好有你·3.31号特价】双杏花·吐尔根杏花沟+大西沟福寿山+S101省道+赛里木湖+那拉提草原+天山天池丨满5人升级7座头等舱+赠送无人机航拍丨24H接送机+全程管家服务+下单立减","tags":["可加购导游服务","无购物","成团保障","3期免息","赠取消险","车型可选"],"sellNum":"已售40人"},{"id":"35881427","title":"新疆乌鲁木齐+南疆+喀什市+帕米尔高原+塔什库尔干6日5晚私家团","subTitle":"遇见喀什噶尔3.0 ~3月15-4月5特安排帕米尔大同乡杏花【宿帕米尔高原&土著老司机&中巴友谊公路&亲临慕士塔格冰川&班迪尔蓝湖】喀拉库勒湖/网红盘龙谷道","tags":["无购物","无自费","成团保障","沙漠","赠取消险","古镇古村","清真寺","车型可选"],"sellNum":"已售15人"},{"id":"35233997","title":"新疆乌鲁木齐+北疆6日5晚私家团","subTitle":"【冰雪冬游•摄影专线】 <6人升级14改7航空座椅商务车>【赠赛里木湖VIP直通车,壮阔天门-独山子大峡谷】 【甄选舒适5钻酒店】 A:览天山瑶池+赏天鹅栖息地/B:杏花期•赏伊宁吐尔根杏花","tags":["可加购导游服务","无购物","成团保障","峡谷峡湾","赠取消险","车型可选"],"sellNum":"已售69人"},{"id":"29323431","title":"新疆乌鲁木齐+北疆+伊犁+那拉提+赛里木湖8日7晚私家团","subTitle":"【花开伊犁·一起去草原】双湖双草原+喀拉峻草原+天山天池+小众村落琼库什台+初春那拉提顶冰花+赛里木湖VIP直通车免排队随走随停+24h接送机","tags":["无购物","无自费","成团保障","湖泊","草原","赠取消险","车型可选"],"sellNum":"已售47人"},{"id":"33132927","title":"户外探索·新疆伊犁6日5晚私家团","subTitle":"『山野秘境·克鲁格野奢营地+神山下童话木屋·恋云舍』私家定制·库尔德宁雪岭云杉+霍城薰衣草+那拉提花海+昭苏牧马天堂+喀拉峻山地美学+赛里木湖观天鹅+夏塔古道徒步探险+河谷秘境恰西","tags":["无购物","无自费","成团保障","70岁须陪同","湖泊","草原","森林","露营体验","徒步体验","赏薰衣草","车型可选"],"sellNum":"已售39人"},{"id":"29265557","title":"新疆乌鲁木齐10日9晚私家团","subTitle":"『遇见喀什噶尔』下单立减200/人A：博斯腾湖+天山神秘大峡谷+盘橐城+沙漠公路+帕米尔高原+喀什老城+喀湖B：增加瓦罕走廊+杏花（3月开放）专车接送机+24H行程管家+纯玩+行程可调","tags":["可加购导游服务","无购物","无自费","成团保障","峡谷峡湾","赠取消险","古镇古村","车型可选"],"sellNum":"已售37人"},{"id":"29894729","title":"户外探索·北疆+赛里木湖+琼库什台+夏塔古道国家森林公园+温泉克鲁格野奢营地+伊昭公路6日5晚私家团","subTitle":"【住克鲁格/赛湖房车营地+昭苏草原星空帐篷+私家定制&专车】—轻徒步夏塔古道+驰骋小伊昭公路，雪山，花海，湖泊","tags":["无购物","无自费","成团保障","湖泊","草原","徒步体验","车型可选"],"sellNum":"已售23人"},{"id":"32331501","title":"户外探索·新疆北疆+喀纳斯+禾木风景区5日4晚私家团","subTitle":"【春季赏花&无人机】【十大野奢营地克鲁格+Ins设计美宿·梵境+私家定制&专车】—空中草原野百合+那拉提空中草原草原骑马+马车游览喀赞其民俗村+专车环游赛里木湖","tags":["无购物","无自费","成团保障","徒步难度2星"],"sellNum":"已售23人"},{"id":"28828564","title":"新疆南疆5日4晚私家团","subTitle":"大咖南疆:A线：叶尔羌汗王陵-莎车博物馆-穿越塔克拉玛干B线：亲临慕士塔格 库科西鲁克杏花村-班迪尔蓝湖（杏花3月份开）【自营纯玩·行程可调】专车接送机/站+24H旅行管家 ","tags":["可加购导游服务","无购物","无自费","成团保障","赠取消险","博物馆","车型可选"],"sellNum":"已售22人"},{"id":"35045624","title":"新疆北疆+乌鲁木齐+伊犁+赛里木湖+那拉提旅游风景区7日6晚私家团","subTitle":"【新疆4月杏花季预售】【吐尔根赏杏花+赛里木湖环湖+那拉提草原赏野百合顶冰而出+异域喀赞其蓝房子+天山天池+果子沟大桥+独山子峡谷+大西沟福寿山】","tags":["无购物","无自费","成团保障","3期免息","车型可选"],"sellNum":"已售22人"},{"id":"29348012","title":"户外探索·新疆北疆+喀纳斯+禾木风景区+可可托海景区8日7晚私家团","subTitle":"【无人机航拍】【2晚禾木星空院子·有院山居+喀纳斯景区·花间访+专车&私家定制】—喀纳斯游船、徒步三湾+可可托海国家公园+魔鬼城小火车+万亩胡杨林","tags":["无购物","无自费","成团保障","徒步体验","古镇古村","胡杨林","车型可选","入住精品民宿"],"sellNum":"已售21人"},{"id":"30862254","title":"户外探索·北疆+喀纳斯8日7晚私家团","subTitle":"【蓝冰秘境·克鲁格野奢营地2晚+异域风情·梵境+琼库什台·乌孙启营地+私家定制&专车】—向导带领徒步夏季牧场+营地骑马+穿越霍城万亩薰衣草花田+那拉提草原轻徒步+喀赞其马车巡游","tags":["无购物","无自费","成团保障","徒步体验","车型可选"],"sellNum":"已售21人"},{"id":"37195734","title":"新疆伊犁+昭苏+赛里木湖+喀拉峻景区+琼库什台+那拉提7日6晚私家团","subTitle":"【伊犁奢野纯玩.SUV越野.私家定制】甄选轻奢酒店&奢野营地.住进森林草原【游】那拉提+薰衣草农场+赛湖自驾+天马沐河+夏塔轻徒步+琼库什台+喀拉峻","tags":["无购物","无自费","成团保障","峡谷峡湾","草原","深度徒步","赏花","车型可选","自选酒店"],"sellNum":"已售21人"}],[{"id":"33908047","title":"户外探索·新疆乌鲁木齐+北疆+伊犁+赛里木湖+独库公路8日7晚私家团","subTitle":"『1单1团定制游〓独立用车』〓升级2晚4钻酒店『北疆全景』新疆夏塔古道喀拉峻特克斯八卦城琼库什台那拉提巴音布鲁克父母亲子闺蜜商务团建定制旅游团","tags":["无购物","无自费","成团保障","3期免息","6期免息","草原","冰川","徒步体验","赏薰衣草","赏油菜花","无人机航拍","博物馆","车型可选"],"sellNum":"已售20人"},{"id":"33458188","title":"新疆伊犁+那拉提+赛里木湖4日3晚私家团","subTitle":"【伊山净水】云上草原之旅 那拉提双草原+果子沟大桥闻薰衣草花香|伊宁5钻连住不挪窝|赛湖自驾进景区 免去排队等候区间车【打卡喀赞其】东方小镇喀赞其 | 门票全含 | 1人可订","tags":["无购物","无自费","成团保障","湖泊","草原","赏花","车型可选"],"sellNum":"已售16人"},{"id":"35604976","title":"新疆乌鲁木齐+南疆+喀什地区8日7晚私家团","subTitle":"【听闻南疆】A线：经典南疆游 B线：南疆赏杏花·听春风起 闻花香来『5-6人下单免费升级7座头等舱』罗布人村寨+库车王府+天山神秘大峡谷+温宿大峡谷-沙漠公路+喀什老城 ","tags":["可加购导游服务","无购物","无自费","成团保障","峡谷峡湾","湖泊","赠取消险","古镇古村","清真寺","车型可选"],"sellNum":"已售12人"},{"id":"33438764","title":"户外探索·新疆伊犁6日5晚私家团","subTitle":"【甄选·克鲁格野奢营地&南法风情见树民宿&伊宁梵境花园民宿】私家团&旅拍&轻奢下午茶·那拉提草原骑马+环游赛里木湖+驰骋独库公路+霍城薰衣草烛光晚餐+独山子峡谷悬崖咖啡+蓝色喀赞其","tags":["无购物","无自费","成团保障","70岁须陪同","峡谷峡湾","湖泊","草原","露营体验","赏薰衣草","车型可选"],"sellNum":"已售8人"},{"id":"33908150","title":"户外探索·新疆北疆+伊犁+赛里木湖+巴音布鲁克草原+独库公路+特克斯八卦城+喀拉峻景区+琼库什台+那拉提旅游风景区8日7晚私家团","subTitle":"北疆全景『1单1团〓定制游』升级酒店〓新疆乌鲁木齐喀赞其夏塔古道独山子昭苏旅游","tags":["无购物","无自费","成团保障","3期免息","6期免息","草原","冰川","徒步体验","赏薰衣草","赏油菜花","无人机航拍","博物馆","车型可选"],"sellNum":"已售7人"},{"id":"28732444","title":"乌鲁木齐+赛里木湖+喀拉峻景区+那拉提旅游风景区+巴音布鲁克草原8日7晚私家团","subTitle":"『新疆』『含往返机票一单一团+纯玩0购』穿越中国醉美独库公路丨巴音布鲁克观日落丨那拉提空中草原丨赛里木湖丨伊犁草原深度游","tags":["无购物","成团保障","3期免息","6期免息","草原","赠取消险","赏花","车型可选"],"sellNum":"已售6人"},{"id":"33270631","title":"新疆北疆+伊犁+那拉提旅游风景区+赛里木湖5日4晚私家团","subTitle":"【新疆4月杏花季预售】【吐尔根赏杏花+赛里木湖环湖+那拉提草原赏野百合顶冰而出+异域喀赞其蓝房子果子沟大桥】","tags":["无购物","无自费","成团保障","3期免息","草原","车型可选"],"sellNum":"已售6人"},{"id":"28716525","title":"伊宁市+那拉提+独山子大峡谷+赛里木湖6日5晚私家团","subTitle":"【伊宁往返】更省时【赠】薰衣草花海【草原优选】巴音布鲁克赏落日+那拉提双草原+独库公路北段+网红惊险峡谷+畅享赛湖直通车环湖","tags":["无购物","无自费","成团保障","观日落","峡谷峡湾","草原","赏花","车型可选"],"sellNum":"已售6人"},{"id":"32765931","title":"喀什市+南疆+莎车7日6晚私家团","subTitle":"春季限定MAX·高原杏花之旅【打卡春晚古城8分钟】叶尔羌莎车王陵·大自然调色·驰骋盘龙古道·塔乡杏花·游览白沙湖|朝拜慕士塔格|班迪尔蓝湖|慕士塔格冰川公园","tags":["无购物","无自费","成团保障","冰川","赠取消险","车型可选"],"sellNum":"已售6人"},{"id":"36078727","title":"新疆北疆+喀纳斯景区+禾木风景区+赛里木湖7日6晚私家团","subTitle":"【百花迎春】【绝色三湖 S21景观沙漠公路穿越】赠无人机航拍  1晚禾木景区住宿；天池 喀纳斯 赛里木湖三湖连游；赠赛里木湖小车环湖&免换乘  ","tags":["可加购导游服务","无购物","无自费","成团保障","赠取消险","古镇古村","车型可选","入住亲子榜单酒店"],"sellNum":"已售6人"},{"id":"34097859","title":"户外野奢·南疆+帕米尔高原+盘龙古道7日6晚私家团","subTitle":"【杏花季】【无人机航拍】【Ins风设计美宿+喀什五星丽笙+私家定制&专车】—驰骋盘龙古道+访欧罗巴村落+瞻仰慕士塔格峰+探秘南疆火焰山·奥依塔克红山峡谷","tags":["无购物","无自费","成团保障"],"sellNum":"已售3人"},{"id":"33450386","title":"新疆乌鲁木齐+北疆+伊犁7日6晚私家团","subTitle":"【伊犁深度全景 疆内1飞】探秘小众景点唐布拉草原&新网红库尔德宁 赛里木湖直通车*赠赛里木湖旅拍+花海那拉提空中草原+玩巴音布鲁克住巴音赏日落 穿越独库公路中段+北段","tags":["无购物","无自费","成团保障","草原","赏薰衣草","车型可选"],"sellNum":"已售2人"},{"id":"33232170","title":"新疆阿勒泰市+喀纳斯+禾木风景区5日4晚私家团","subTitle":"【百花迎春】限时赠送旅拍！！深度游 ·纯玩0购物0自费*2晚网红景区住宿   三湾+禾木日出&星空·   ","tags":["可加购导游服务","无购物","无自费","成团保障","观日出","赠取消险","徒步体验","车型可选"],"sellNum":"已售2人"},{"id":"38433553","title":"新疆北疆+喀纳斯+禾木风景区+白哈巴8日7晚私家团","subTitle":"【春游大美】奔赴新疆的春丨喀白禾三村连玩|杏花十分美，新疆占九分！错过了新疆的冬天，千万不要再错过喀纳斯的春天|赛里木湖直通车环湖，赛湖营地 全程高奢酒店  ","tags":["无购物","成团保障","露营体验","赠取消险","古镇古村","车型可选"],"sellNum":"已售2人"},{"id":"35033552","title":"新疆南疆+喀什市+白沙山-白沙湖景区+慕士塔格峰-喀拉库勒湖景区+帕米尔高原+塔什库尔干6日5晚私家团","subTitle":"幸福五号桥塔尔乡杏花+穿越盘龙古道+喀喇昆仑中巴公路+体验塔吉克民俗+喀什古城开城仪式+24H接送机+品特色鸽子汤","tags":["无购物","无自费","成团保障","3期免息","古镇古村","清真寺"],"sellNum":"已售2人"},{"id":"35847244","title":"户外探索·新疆南疆+帕米尔高原6日5晚私家团","subTitle":"【无人机航拍丨喀什古城Citywalk&杏花野奢下午茶】徒步探秘银色沙丘&骑牦牛，直面“冰川之父”，翻越600＋道S弯，航拍帕米儿之眼＋震撼山系风貌，领略七彩丹霞＋中国西极","tags":["无购物","成团保障","湖泊","火山","露营体验","徒步体验","古镇古村","独立摄影师","车型可选"],"sellNum":"已售2人"},{"id":"39306118","title":"户外探索·新疆北疆+伊犁+那拉提+赛里木湖7日6晚私家团","subTitle":"【悠然春韵 | 北疆踏春赏杏花 | 十大野奢「克鲁格营地」&「花海那拉提名宿」&云杉森林木屋「库尔墩营地」】那拉提VIP自驾+恰西森林轻徒步<随车配备单反/无人机>","tags":["无购物","无自费","成团保障","草原","森林","露营体验","徒步体验","车型可选","温泉酒店"],"sellNum":"已售2人"},{"id":"33161974","title":"乌鲁木齐+赛里木湖+喀拉峻草原+巴音布鲁克草原+昭苏+独山子大峡谷9日8晚私家团","subTitle":"『为您量身定制一单一团+纯玩0购物』穿越中国醉美独库公路丨巴音布鲁克观日落丨昭苏丨夏塔丨赛里木湖丨独山子大峡谷","tags":["无购物","成团保障","3期免息","峡谷峡湾","草原","赠取消险","赏花"],"sellNum":"已售2人"},{"id":"33182882","title":"新疆乌鲁木齐+天山天池+喀纳斯+吐鲁番+巴音布鲁克草原11日10晚私家团","subTitle":"家庭蜜月新疆专线『一单一团+纯玩0购物』穿越独库公路丨巴音布鲁克观日落丨那拉提空中草原丨火焰山丨禾木景区深度游丨私密出行更舒适","tags":["无购物","成团保障","3期免息","草原","赠取消险","赏花","古镇古村"],"sellNum":"已售2人"},{"id":"35143995","title":"新疆南疆+喀什市+帕米尔高原+盘龙古道+新疆天山托木尔景区·大峡谷8日7晚私家团","subTitle":"花开南疆杏花+ 喀什帕米尔高原深度游塔县2晚住宿|原生态感受大同乡杏花|幸福五号桥杏花美景|重走塔莎古道+天险盘龙古道208拐|门票全含","tags":["无购物","无自费","成团保障","峡谷峡湾","赏杏花","车型可选"],"sellNum":"已售2人"}],[{"id":"35241899","title":"新疆乌鲁木齐+南疆+喀什老城10日9晚私家团","subTitle":"【花漾帕米尔】下单可减500元/人；可升级7座1+1保姆车；穿越沙漠公路+盘龙古道+中巴友谊公路 车型自选 【赠送百年老茶馆下午茶】车型自选","tags":["可加购导游服务","无购物","成团保障","石窟","峡谷峡湾","赠取消险","清真寺","车型可选"],"sellNum":"已售2人"},{"id":"29473200","title":"乌鲁木齐+赛里木湖+喀拉峻草原+那拉提旅游风景区+巴音布鲁克草原+天山天池+鄯善县城11日10晚私家团","subTitle":"『新疆』穿越中国醉美独库公路 鄯善沙漠星空酒店【一单一团】赛里木湖+夏塔古道+一车一导伊犁深度游","tags":["无购物","成团保障","3期免息","6期免息","沙漠","草原","赠取消险","赏花","车型可选"],"sellNum":"已售2人"},{"id":"33497403","title":"户外探索·新疆伊犁+独库公路8日7晚私家团","subTitle":"『2晚连住十大野奢营地·克鲁格别墅&异域风情梵境&霍城薰衣草花海&慵懒下午茶·有院山野间民宿+私家定制团&专车』解锁3大壮丽草原喀拉峻/那拉提/巴音布鲁克+S101天山公路","tags":["无购物","无自费","成团保障","70岁须陪同","湖泊","草原","露营体验","赏薰衣草","车型可选"],"sellNum":"已售1人"},{"id":"32867110","title":"户外探索·南疆+喀什古城+塔什库尔干5日4晚私家团","subTitle":"『春日限定·塔尔乡&库克乡&塔莎古道·隐世杏花村』私家定制·资深向导+探索帕米尔高原+驰骋喀喇昆仑公路+湛蓝白沙湖+朝拜慕士塔格+航拍盘龙古道+班迪尔湖+做客塔吉克族","tags":["无购物","成团保障","70岁须陪同","古镇古村","无人机航拍","车型可选"],"sellNum":"已售2人"},{"id":"40445047","title":"新疆乌鲁木齐+北疆7日6晚私家团","subTitle":"<6人升级14改7航空座椅商务车>非凡•伊犁5A景点:天山天池&赛里木湖车&那拉提草原｜A线:冬季热卖•冰雪游+天鹅摄影专线/B线:春游伊犁草原+库尔德宁景区/C线:吐尔根杏花沟+大西沟福寿山","tags":["可加购导游服务","无购物","成团保障","赠取消险","车型可选"],"sellNum":"已售173人"}]]