[[{"id":"31878564","title":"杭州+乌镇+苏州5日4晚私家团","subTitle":"【江南漫游·赏花踏青季】游：灵隐飞来峰+西溪+西栅+苏州拙政园+苏州博物馆（优先安排新馆）+虎丘·【行】一单一车·私密安全【宿】3城换住·2晚杭州+1晚乌镇+1晚苏州！【飞机/高铁可选】","tags":["可加购导游服务","无购物","无自费","成团保障","3期免息","赏郁金香","赏花","博物馆","车型可选","自选酒店"],"sellNum":"已售153人"},{"id":"35273283","title":"扬州+泰州+兴化3日2晚私家团","subTitle":"【赏花季丨扬泰连游】精选5钻榜单酒店【玩】瘦西湖『湖上花园 春光无限』+油菜花之乡『千垛景区』+『水乡明珠』溱湖湿地观生态之美【车】全程专车随行 【多人更优惠】高铁动车","tags":["可加购导游服务","无购物","无自费","成团保障","动车高铁游","湿地","赏油菜花","车型可选"],"sellNum":"已售7人"},{"id":"36297581","title":"华东4市+迪士尼（Disney）5日4晚私家团","subTitle":"【赠花车巡游前排位+立减666/人】宿2晚上海+1晚乌镇+1晚杭州『游』乐园“天花板”迪士尼+魔都经典外滩/南京路/城隍庙+苏州拙政园+乌镇西栅+杭州:西湖/灵隐寺/雷峰塔!含大交通","tags":["可加购导游服务","无购物","无自费","成团保障","寺院祈福","古镇古村","迪士尼乐园","西湖游船","车型可选","自选酒店"],"sellNum":"已售24人"},{"id":"35462200","title":"苏州+乌镇+杭州5日4晚私家团","subTitle":"《漫品江南·赏花》【游：江南经典】拙政园+苏州博物馆（优先新馆）+金鸡湖+乌镇+西溪湿地+灵隐寺【行】一单一团不拼车·全程待命放松游【宿】1晚苏州+1晚乌镇+2晚杭州#甄选携程榜单酒店#","tags":["无购物","成团保障","湿地","寺院祈福","赏花","博物馆","车型可选","自选酒店"],"sellNum":"已售130人"},{"id":"41773150","title":"杭州+乌镇+苏州+上海+迪士尼（Disney）5日4晚私家团","subTitle":"【立减666/人】宿-1晚杭州+1晚乌镇+2晚上海『游』杭州:西湖/灵隐寺/雷峰塔+乌镇:西栅+苏州:拙政园+乐园“天花板”:迪士尼+魔都经典:外滩/南京路/城隍庙!含大交通","tags":["可加购导游服务","无购物","无自费","成团保障","寺院祈福","古镇古村","迪士尼乐园","西湖游船","车型可选","自选酒店"],"sellNum":"已售7人"},{"id":"38984945","title":"杭州+苏州4日3晚私家团","subTitle":"【亲子团·休闲度假·睡到自然醒·1单1团·纯玩·0购物】杭州西湖+西湖游船+灵隐飞来峰+雷峰塔+三潭印月+花港观鱼+拙政园+狮子林+苏州博物馆+寒山寺【专车·旅行管家】","tags":["无购物","无自费","成团保障","亲子甄选","寺院祈福","博物馆","车型可选"],"sellNum":"已售4人"},{"id":"35399891","title":"江苏无锡+苏州5日4晚私家团","subTitle":"【精选5钻酒店】无锡2晚（含拈花湾景区内1晚）+苏州2晚【双城游记】【游览】无锡：灵山大佛+拈花湾+鼋头渚 苏州：狮子林+拙政园+金鸡湖  【私家服务】一团一车/专属管家【含大交通】","tags":["可加购导游服务","无购物","无自费","成团保障","车型可选","夜宿拈花湾"],"sellNum":"已售3人"},{"id":"34968890","title":"南京+镇江+扬州5日4晚私家团","subTitle":"《烟花三月 南镇扬》全程包车+高性价比酒店精选【明孝陵/总统府丨苍翠古都】【牛首山 佛顶宫 40亿打造丨唯美宫殿】&【湖上花园丨瘦西湖】&【千年金山寺】飞机高铁","tags":["可加购导游服务","无购物","成团保障","宫殿","寺院祈福","车型可选","自选酒店"],"sellNum":"已售7人"},{"id":"35854379","title":"江苏常州+无锡4日3晚私家团","subTitle":"【家庭游&1单1团·泡汤游园两不误·禅行表演·汉服体验·拈花塔夜景打卡】恐龙谷温泉+恐龙园＋拈花湾【常州恐龙谷温泉度假酒店&拈花湾拈花客栈&专车服务】","tags":["无购物","无自费","成团保障","游乐园","温泉酒店","夜宿拈花湾","入住精品民宿"],"sellNum":"已售3人"},{"id":"35381268","title":"扬州2日1晚私家团","subTitle":"《雅致扬州 +2日包车》【游世界文化遗产 湖上赏花 | 瘦西湖（含游船）】 & 【晚清名园 盐商府邸 | 个园/何园 2选1】& 【逛古韵青砖历史老街 | 东关街】【私享】专属司机&管家服务","tags":["可加购导游服务","无购物","无自费","成团保障","动车高铁游","赏杜鹃","车型可选"],"sellNum":"已售38人"},{"id":"34908798","title":"扬州+南京5日4晚私家团","subTitle":"《明月秦淮2+2丨全程包车》【1单1团 & 双城榜单5钻酒店 】夫子庙/中山陵/大报恩寺『佛学幻境 烟云往昔』 【钟山风景区/美龄宫/明孝陵丨苍翠古都 】【东关街/瘦西湖 丨湖上花园 】亲子季","tags":["无购物","无自费","成团保障","亲子甄选","博物馆","车型可选"],"sellNum":"已售3人"},{"id":"29412935","title":"江苏南京+扬州+无锡+苏州+周庄5日4晚私家团","subTitle":"『双世遗』瘦西湖+拙政园&中山陵+总统府+明孝陵『聆听故事』&『城中园林』个园or何园&拈花湾『赏日夜景丨禅生活』【多人更划算|4人同行人均可省更多】含大交通","tags":["可加购导游服务","无购物","无自费","成团保障","赠取消险","博物馆","车型可选","夜宿拈花湾"],"sellNum":"已售11人"},{"id":"38558406","title":"杭州+苏州+无锡+乌镇7日6晚私家团","subTitle":"【华东3市+杭州进无锡出+精华景点·古镇·名筑·网红打卡·游船·博物馆】拙政园+西湖+南浔古镇+拈花湾+灵山胜境+苏州博物馆+寒山寺+鼋头渚【专车·随走随停】","tags":["无购物","无自费","成团保障","寺院祈福","西湖游船","博物馆","车型可选","夜宿拈花湾","夜宿乌镇"],"sellNum":"已售3人"},{"id":"39515610","title":"南京+夫子庙秦淮风光带+扬州+瘦西湖5日4晚自由行","subTitle":"【明月秦淮丨双城包车】双城4钻/5钻酒店 随心选【玩】夫子庙/中山陵/大报恩寺【钟山风景区/美龄宫/明孝陵丨苍翠古都 】【东关街/瘦西湖 丨湖上花园 】双飞","tags":["自选酒店","包车游","寺院祈福"],"sellNum":"已售2人"},{"id":"39184870","title":"苏州+乌镇+杭州5日4晚自由行","subTitle":"【双飞+私家包车游】《赏花江南》拙政园+苏州博物馆（优先新馆）+金鸡湖+乌镇+西溪湿地+灵隐寺【行】一单一团不拼车·全程待命放松游【宿】1晚苏州+1晚乌镇+2晚杭州#甄选携程榜单酒店#","tags":["自选酒店","包车游","湿地","寺院祈福","赏花","古镇古村","博物馆"],"sellNum":"已售8人"},{"id":"36789179","title":"华东4市+迪士尼（Disney）6日5晚私家团","subTitle":"【亲子迪士尼 经典华东】宿-1晚南京+1晚无锡+1晚苏州+2晚上海【游】中山陵+总统府+夜游秦淮+ 灵山大佛+拈花湾+拙政园+外滩+梦幻迪士尼（夜赏烟花秀）【享】跨城包车 +线上管家","tags":["无购物","无自费","成团保障","亲子甄选","宫殿","迪士尼乐园","特色表演","博物馆","车型可选","夜宿拈花湾"],"sellNum":"已售5人"},{"id":"35984087","title":"南京+无锡+苏州+乌镇+杭州6日5晚私家团","subTitle":"《经典华东 全程包车》【游】总统府+中山陵+老门东+秦淮河畔+拈花湾+拙政园+耦园+寒山寺+乌镇西栅+西湖+灵隐寺+西溪湿地【行】一单一团·全程待命放松游 #甄选榜单酒店#","tags":["无购物","无自费","成团保障","湿地","寺院祈福","西湖游船","博物馆","车型可选","夜宿拈花湾","夜宿乌镇"],"sellNum":"已售64人"},{"id":"36061182","title":"南京+无锡+苏州7日6晚私家团","subTitle":"【经典江苏 全程包车】精选5钻榜单酒店【游】南京：报恩寺+中山陵+夜游秦淮+ 无锡：拈花湾+鼋头渚+南长街+苏州：周庄+拙政园+耦园+苏州博物馆+虎丘【行】一单一团不拼车 飞机高铁","tags":["可加购导游服务","无购物","无自费","成团保障","宫殿","寺院祈福","博物馆","车型可选","夜宿拈花湾"],"sellNum":"已售6人"},{"id":"35382307","title":"扬州3日2晚私家团","subTitle":"【漫品扬州】精选5钻榜单酒店 | 逛扬州中国大运河博物馆+中国四大名园·个园+经典瘦西湖景区 （游船 赏花）【私享】全程当地司机包车+24H管家服务 | 高铁动车","tags":["可加购导游服务","无购物","无自费","成团保障","动车高铁游","游船体验","博物馆","车型可选"],"sellNum":"已售44人"},{"id":"1021460919","title":"无锡3日自由行","subTitle":"【5钻双酒店可选+头尾接送+1天包车+拈花湾成人门票】1晚拈花湾度假区+1晚全市区5钻 随心选【深探梁溪·静访禅境】可一键加购 鼋头渚&灵山大佛门票 | 高铁往返 | 省心包车游","tags":["夜宿拈花湾","动车高铁游","包车游"],"sellNum":"已售339人"}],[{"id":"34879512","title":"扬州4日3晚私家团","subTitle":"赏花【2天包车】【游世界文化遗产 湖上花园 | 瘦西湖】 & 【赏中国四大名园 | 个园】& 【品秀美佛界千年古刹 |  大明寺】『六朝金粉地 明月满扬州』特含风趣导游讲解瘦西湖的故事！高铁飞机","tags":["可加购导游服务","无购物","无自费","成团保障","寺院祈福","博物馆","车型可选"],"sellNum":"已售47人"},{"id":"30993814","title":"上海+苏州+杭州+无锡+南京+乌镇5日4晚私家团","subTitle":"1单1团/多人更优惠 专车出行『5钻严选宿乌镇+升级1晚网红拈花湾客栈&上海南京路商圈5钻』祈灵山  禅夜秀【情迷三水乡 乌镇+南浔+西塘】9大5A景点&双夜游 交通任选","tags":["无购物","无自费","成团保障","宫殿","游船体验","车型可选","夜宿拈花湾","入住精品民宿","东坡宴","乾隆御茶宴"],"sellNum":"已售45人"},{"id":"30564459","title":"江苏连云港3日2晚私家团","subTitle":"【华东海滨|亲子|精选5钻酒店·2晚连住】『5A景区』花果山&『海客谈瀛洲』海上云台山&『浪漫海滨』连岛+苏马湾&闲逛『连云港老街【多人更划算丨4人同行人均可省更多】含大交通可加购当地向导","tags":["无购物","无自费","成团保障","亲子甄选","动车高铁游","海滨/沙滩","车型可选","自选酒店"],"sellNum":"已售39人"},{"id":"34484530","title":"无锡+鼋头渚3日2晚私家团","subTitle":"《春季赏花@鼋头渚+灵山大佛》精选5钻榜单酒店（2晚市区&太湖边）【玩】鼋头渚+蠡园+南长街+灵山大佛【特色】避开人流高峰·下午进园·【车】2天包车+含接送站· 高铁动车","tags":["可加购导游服务","无购物","无自费","成团保障","亲子甄选","宫殿","赏桃花","禅院","赏桂花","赏梨花","车型可选","自选酒店"],"sellNum":"已售36人"},{"id":"29236380","title":"南京+无锡+苏州+乌镇+杭州6日5晚私家团","subTitle":"【江南全景包车游】南京总统府+中山陵『聆听民国故事』&拈花湾『赏日夜景丨禅生活』&苏州『世界文化遗产』拙政园+苏博&平江路&杭州『祈福』灵隐飞来峰【甄选5钻榜单酒店】交通","tags":["可加购导游服务","无购物","无自费","成团保障","赠取消险","寺院祈福","博物馆","车型可选","夜宿拈花湾","夜宿乌镇"],"sellNum":"已售32人"},{"id":"36333463","title":"无锡3日2晚私家团","subTitle":"【拈花湾2晚连住+头尾专车接送+2天门票】指定入住景区内酒店『拈花客栈or波罗蜜多 』 一单一车不拼凑 | 夜宿拈花湾 | 远离尘嚣 | 感受亦梦亦真 | 赏绚烂夜景【高铁动车】","tags":["可加购导游服务","无购物","无自费","成团保障","动车高铁游","车型可选","夜宿拈花湾"],"sellNum":"已售27人"},{"id":"31210194","title":"扬州2日1晚私家团","subTitle":"【赏花扬州 含精讲】精选5钻榜单酒店【游世界文化遗产 湖上花园 | 瘦西湖】 & 【赏中国四大名园 | 个园】& 【古风市集 |  东关街】『六朝金粉地 明月满扬州』风趣导游讲解瘦西湖的故事！高铁","tags":["无购物","无自费","成团保障","动车高铁游","赠取消险","车型可选","自选酒店"],"sellNum":"已售24人"},{"id":"30696968","title":"江苏连云港4日3晚私家团","subTitle":"【亲子|游山玩水|5钻酒店|3晚连住】『5A景区』花果山&『海客谈瀛洲』海上云台山&『浪漫海滨』连岛+苏马湾&闲逛『连云港老街』&『渔人码头』高公岛+可自选包船出海【含大交通】可加购当地向导","tags":["无购物","无自费","成团保障","亲子甄选","海滨/沙滩","自选酒店"],"sellNum":"已售22人"},{"id":"35947604","title":"连云港3日2晚私家团","subTitle":"《亲子海滨假期丨3天包车+24H接送站丨精选5钻酒店》『5A景区』花果山&『海客谈瀛洲』海上云台山&『浪漫海滨』连岛+苏马湾&闲逛『连云港老街【多人惠丨4人出行人均约省300元丨线上管家1v1服务】","tags":["无购物","无自费","成团保障","亲子甄选","动车高铁游","海滨/沙滩","车型可选","自选酒店"],"sellNum":"已售21人"},{"id":"36310847","title":"华东5市+迪士尼（Disney）6日5晚私家团","subTitle":"欢乐立减666/人【全景华东】宿2晚上海+1晚无锡+1晚乌镇+1晚杭州『游』魔都经典:迪士尼/外滩/南京路/城隍庙+苏州:拙政园/寒山寺+无锡拈花湾+乌镇+杭州:西湖/雷峰塔/灵隐寺","tags":["可加购导游服务","无购物","无自费","成团保障","寺院祈福","迪士尼乐园","西湖游船","车型可选","夜宿拈花湾"],"sellNum":"已售20人"},{"id":"35585891","title":"无锡4日3晚私家团","subTitle":"《禅意赏花新旅行@专车专导》5钻榜单酒店精选【住】2晚 太湖边or市区 + 1晚拈花湾景区内【玩】『船游太湖佳绝处』鼋头渚赏花 & 拈花湾『唐风小京都』& 灵山大佛【4人出行约省500元】高铁飞机","tags":["无购物","无自费","成团保障","亲子甄选","双酒店","宫殿","赏樱","车型可选","夜宿拈花湾"],"sellNum":"已售17人"},{"id":"34276280","title":"上海+无锡+苏州+杭州+乌镇6日5晚私家团","subTitle":"私家出行 1单1团 纯玩无购物『VIP私人定制』保证宿【拈花湾+西栅双客栈+南京路商圈5星酒店】专车接送/景点可调/自在出游/家庭出行 多人更优惠 交通任选","tags":["无购物","无自费","成团保障","西湖游船","车型可选","夜宿拈花湾","夜宿乌镇","入住精品民宿"],"sellNum":"已售16人"},{"id":"29214172","title":"苏州+周庄+无锡+乌镇+杭州5日4晚私家团","subTitle":"【江南双水乡】5钻酒店随心选『1晚苏州+1晚拈花湾+1晚乌镇西栅内+1晚杭州』&『世界文化遗产』拙政园+拈花湾『赏日夜景』+西湖丨苏堤春晓+灵隐飞来峰【专车出行】含大交通","tags":["可加购导游服务","无购物","成团保障","赠取消险","车型可选","夜宿拈花湾","夜宿乌镇"],"sellNum":"已售16人"},{"id":"21642636","title":"华东5市+乌镇6日5晚私家团","subTitle":"人多均价低『1家人1辆车 专属1v1服务』中山陵&总统府&拙政园&灵山大佛&拈花湾&灵隐寺&乌镇&西湖【指定双客栈 无锡拈花湾 乌镇客栈 内外自选】五星旅行社｜24H管家服务 自选交通","tags":["无购物","无自费","成团保障","博物馆","车型可选","夜宿拈花湾"],"sellNum":"已售15人"},{"id":"27450029","title":"江苏苏州3日2晚私家团","subTitle":"【5钻酒店随心选·纯玩无购物】赏『苏州名园』拙政园&走进『网红博物馆』&虎丘『探幽仿古』&阳澄湖莲花岛『呼吸氧吧』&走进周庄古镇『寻江南水乡味道』【4人同行人均可省更多】","tags":["无购物","成团保障","动车高铁游","赠取消险","博物馆","车型可选","自选酒店"],"sellNum":"已售15人"},{"id":"29939171","title":"连云港3日2晚私家团","subTitle":"【萌娃出行·亲子游】3天包车【探秘西游 海上仙山】5钻酒店任选 +【花果山 & 连岛 & 海上云台山 & 连云港老街】全程当红向导陪玩 + 1V1专属用车 【东海胜境 & 夏日海滨】","tags":["无购物","无自费","成团保障","亲子甄选","海滨/沙滩","赠取消险","自选酒店"],"sellNum":"已售12人"},{"id":"38563903","title":"苏州+乌镇+杭州+上海6日5晚私家团","subTitle":"《漫品华东·江南+迪士尼》【游】拙政园+苏州博物馆（优先新馆）+乌镇+西溪湿地+灵隐寺+迪士尼（烟花秀）【行】跨城专车【宿】1晚苏州+1晚乌镇+1晚杭州+2晚上海#甄选携程榜单酒店#","tags":["可加购导游服务","无购物","成团保障","湿地","寺院祈福","迪士尼乐园","博物馆","车型可选"],"sellNum":"已售12人"},{"id":"35773986","title":"无锡+南京5日4晚私家团","subTitle":"【双城漫游】无锡+南京落地包车+精选5钻榜单酒店【游】 无锡：拈花湾+鼋头渚+南长街 +南京：总统府+中山陵+秦淮河畔【住】无锡2晚+南京2晚【车】双城包车+中间高铁","tags":["可加购导游服务","无购物","成团保障","宫殿","博物馆","车型可选","夜宿拈花湾"],"sellNum":"已售12人"},{"id":"29105632","title":"无锡2日1晚私家团","subTitle":"【唐风小京都·双赏花 | 落地专车 导游全含】拈花湾&鼋头渚+1晚精选5钻酒店（拈花湾景区内&市区 任选）『日享禅意慢生活丨夜赏3D水幕光影秀』【4人出行 人均约省400元】高铁/动车往返","tags":["无购物","成团保障","动车高铁游","赏樱","古镇古村","自选酒店"],"sellNum":"已售12人"},{"id":"35475601","title":"苏州+无锡+乌镇+杭州5日4晚私家团","subTitle":"《漫品水乡江南·赏花》【游】拙政园+苏州博物馆（新馆）+拈花湾+乌镇+西溪湿地+灵隐寺【行】全程包车【宿】1晚苏州+1晚无锡（夜宿拈花湾）+1晚乌镇+1晚杭州#甄选榜单酒店#高铁飞机","tags":["可加购导游服务","无购物","成团保障","湿地","寺院祈福","赏花","博物馆","车型可选","夜宿拈花湾"],"sellNum":"已售12人"}],[{"id":"37840970","title":"华东5市+迪士尼（Disney）7日6晚自由行","subTitle":"《全景华东包车游@迪士尼 双飞》跨城包车随行【玩】迪士尼（夜赏烟花秀）/外滩+拙政园+拈花湾+乌镇+西湖/雷峰塔/灵隐寺+中山陵/夫子庙【住】2上海+1杭州+1乌镇+1无锡+1南京","tags":["夜宿拈花湾","包车游","迪士尼乐园","西湖游船"],"sellNum":"已售9人"},{"id":"36568646","title":"上海+苏州+杭州+无锡+南京+乌镇+上海迪士尼度假区6日5晚私家团","subTitle":"私家出行 1单1团 『5钻品牌酒店+升级拈花湾客栈&双夜游』祈灵山 品留园【情迷三水乡：乌镇+南浔+西塘】赠古镇游船 畅游迪士尼 多人更优惠 交通任选","tags":["无购物","无自费","成团保障","亲子甄选","宫殿","游船体验","迪士尼乐园","车型可选","夜宿拈花湾","入住精品民宿","东坡宴","乾隆御茶宴"],"sellNum":"已售7人"},{"id":"27451222","title":"江苏苏州4日3晚私家团","subTitle":"『阳澄湖品蟹 』&莲花岛『呼吸氧吧』&重元寺『水上观音阁』&赏『名园』拙政园&游世界遗产『耦园』平江路喝茶•听苏州评弹&访『原味水乡』周庄/同里『阳澄湖畔/金鸡湖畔/古城内 5钻酒店随心选』","tags":["可加购导游服务","无购物","无自费","成团保障","动车高铁游","湖泊","赠取消险","寺院祈福","车型可选","自选酒店"],"sellNum":"已售7人"},{"id":"35962009","title":"南京+扬州3日2晚私家团","subTitle":"【秦淮双城丨4钻优选】全程包车 跨城不挤高铁【玩】夫子庙/中山陵/大报恩寺『佛光幻影 烟云往昔』 【钟山风景区/美龄宫/明孝陵丨苍翠古都 】【东关街/瘦西湖 丨湖上花园 】亲子季","tags":["可加购导游服务","无购物","无自费","成团保障","动车高铁游","车型可选"],"sellNum":"已售7人"},{"id":"38749834","title":"南京+无锡+苏州+上海6日5晚私家团","subTitle":"【漫品华东】5钻榜单酒店【游】中山陵+总统府+夜游秦淮+ 灵山大佛+拈花湾+拙政园+外滩+南京路+豫园+东方明珠【享】跨城包车+24H线上行程管家","tags":["可加购导游服务","无购物","无自费","成团保障","宫殿","博物馆","车型可选","夜宿拈花湾"],"sellNum":"已售6人"},{"id":"36080283","title":"无锡+苏州5日4晚私家团","subTitle":"【漫游苏锡】无锡2晚+苏州2晚【住】4钻精选（1晚入住拈花湾度假区）【游】 无锡：拈花湾+鼋头渚+苏州：【古镇2选1：周庄/同里】寒山寺+拙政园+苏州博物馆（优先新馆）【车】全程专车随行","tags":["可加购导游服务","无购物","成团保障","宫殿","寺院祈福","博物馆","车型可选","夜宿拈花湾","自选酒店"],"sellNum":"已售6人"},{"id":"35407854","title":"江苏无锡+苏州5日4晚私家团","subTitle":"【精选5钻酒店】无锡2晚+苏州2晚【双城游记】【游览】无锡：灵山大佛+拈花湾+鼋头渚 苏州：狮子林+拙政园+寒山寺+山塘街+金鸡湖  【私家服务】一团一车/专属管家【含大交通】","tags":["可加购导游服务","无购物","无自费","成团保障","寺院祈福","古镇古村","车型可选","自选酒店"],"sellNum":"已售6人"},{"id":"36950918","title":"连云港4日3晚私家团","subTitle":"3晚5钻【暑假出行·亲子游】【探秘西游 海上仙山】5钻酒店任选 +【花果山+连岛+海上云台山+连云港老街+高公岛+跨海大桥】全程当红向导陪玩 + 1V1专属用车（含接送机/站） 高铁飞机","tags":["无购物","无自费","成团保障","亲子甄选","车型可选"],"sellNum":"已售6人"},{"id":"37553404","title":"华东4市+迪士尼（Disney）6日5晚自由行","subTitle":"《全景华东@迪士尼 双飞》跨城包车随行【玩】迪士尼（夜赏烟花秀）/外滩/南京路/城隍庙+拙政园/寒山寺+拈花湾+乌镇+西湖/雷峰塔/灵隐寺【住】2晚上海+1晚无锡+1晚乌镇+1晚杭州","tags":["夜宿拈花湾","包车游","迪士尼乐园","西湖游船"],"sellNum":"已售6人"},{"id":"36309945","title":"上海+苏州+无锡+乌镇+杭州5日4晚私家团","subTitle":"【全程包车】宿-1晚上海+1晚无锡+1晚乌镇+1晚杭州#甄选榜单酒店『游』魔都经典:外滩/南京路/城隍庙+苏州:拙政园/寒山寺+无锡:夜宿拈花湾+水乡乌镇+杭州:西湖/灵隐寺/雷峰塔","tags":["可加购导游服务","无购物","无自费","成团保障","寺院祈福","西湖游船","车型可选","夜宿拈花湾"],"sellNum":"已售6人"},{"id":"30908786","title":"南京4日3晚私家团","subTitle":"【汤山温泉泳池别墅丨隐世金陵丨乌布秘境】全程专属用车+1晚【私人泳池/私密温泉/独立花园丨香樟华苹】+2晚【南京丽思卡尔顿】【秘境雅奢 & 摩登璀璨】报恩寺/明孝陵/总统府 高铁飞机","tags":["可加购导游服务","无购物","无自费","成团保障","双酒店","赠取消险","博物馆","车型可选","温泉酒店","全程金铂钻酒店"],"sellNum":"已售6人"},{"id":"35772730","title":"无锡+苏州5日4晚私家团","subTitle":"【漫游苏锡@1晚入住拈花湾】精选5钻榜单酒店【住】无锡2晚+苏州2晚【游】 无锡：拈花湾+鼋头渚+南长街 苏州：【古镇2选1：周庄/同里】拙政园+苏州博物馆【车】全程专车随行 高铁飞机","tags":["可加购导游服务","无购物","成团保障","宫殿","车型可选","夜宿拈花湾"],"sellNum":"已售6人"},{"id":"35482859","title":"苏州+无锡4日3晚私家团","subTitle":"《古镇拈花 | 私享包车》5钻榜单酒店+【玩】周庄/同里 古镇2选1+拙政园+虎丘+鼋头渚【耦园 摇橹船游览】+网红苏州博物馆+【夜游】金鸡湖&平江路+【夜宿】拈花湾【品 苏式汤面】","tags":["可加购导游服务","无购物","无自费","成团保障","博物馆","车型可选","夜宿拈花湾"],"sellNum":"已售5人"},{"id":"31210775","title":"无锡+拈花湾+天目湖+南山竹海3日2晚私家团","subTitle":"【赏花季@当花海邂逅竹林】1晚拈花湾景区内+1晚天目湖 5钻『禅意小京都 | 拈花湾 』+『纯氧万亩翠竹 | 南山竹海 』+『湖光山色绮丽 | 天目湖』拈花/御水/涵田/半岛 高铁","tags":["无购物","无自费","成团保障","动车高铁游","森林","赏花","夜宿拈花湾"],"sellNum":"已售5人"},{"id":"30758935","title":"无锡拈花湾+灵山大佛+鼋头渚2日1晚私家团","subTitle":"【拈花湾拈花客栈·拈花湾中心·依灵山·面太湖·园林式度假酒店·睡到自然醒·纯玩】览灵山胜境+鼋头渚泛舟太湖+看拈花湾《禅行》演出·动车往返·旅行管家","tags":["无购物","无自费","成团保障","动车高铁游","宫殿","车型可选","夜宿拈花湾"],"sellNum":"已售5人"},{"id":"30556024","title":"江苏连云港3日2晚私家团","subTitle":"【山海胜景丨2晚连住特色酒店or民宿丨随心选】『5A景区』花果山&『海客谈瀛洲』海上云台山&『浪漫海滨』连岛+苏马湾&『山海之间』连云港老街【多人更划算丨4人同行人均可省更多】含大交通","tags":["无购物","无自费","成团保障","动车高铁游","海滨/沙滩","车型可选","自选酒店"],"sellNum":"已售5人"},{"id":"30677673","title":"江苏南京+常州中华恐龙园+无锡拈花湾4日3晚私家团","subTitle":"【亲子乐游】口碑榜5钻酒店『随心选』总统府『聆听金陵故事』&中华恐龙园『探索东方侏罗纪恐龙文化』&拈花湾『体验禅生活』【私享】 专车出行+管家服务 含大交通","tags":["可加购导游服务","无购物","成团保障","亲子甄选","赠取消险","博物馆","车型可选","夜宿拈花湾","自选酒店"],"sellNum":"已售5人"},{"id":"35789561","title":"苏州+无锡4日3晚私家团","subTitle":"《双城拈花 | 私享包车》5钻榜单酒店【游：江南经典】拙政园+苏州博物馆+金鸡湖+鼋头渚+拈花湾【行】一单一团不拼车·全程待命放松游【宿】1晚苏州+2晚无锡#甄选携程榜单酒店#","tags":["无购物","无自费","成团保障","车型可选","夜宿拈花湾"],"sellNum":"已售4人"},{"id":"32609758","title":"南京+江苏园博园2日1晚私家团","subTitle":"《温泉 | 矿谷 | 秘境》悦榕庄酒店1晚【漫享】私汤+ 矿谷秘境温泉 & 双人无限次园博园 & 双人温泉【舒适】南京市区/火车站@商务车上门接送【乐游】水下花园 & 十三座名园精华 @高铁","tags":["无购物","无自费","成团保障","亲子甄选","动车高铁游","私汤","车型可选","温泉酒店","全程金铂钻酒店"],"sellNum":"已售4人"},{"id":"35754348","title":"南京+无锡5日4晚私家团","subTitle":"【江南双城】两地包车【游】南京：报恩寺+中山陵+美龄宫+夜游秦淮+ 无锡：拈花湾+鼋头渚+南长街【行】一单一团不拼车·全程待命放松游【宿】2晚南京+2晚无锡（1晚入住拈花湾）#甄选榜单酒店#","tags":["无购物","无自费","成团保障","宫殿","寺院祈福","车型可选","夜宿拈花湾"],"sellNum":"已售4人"}],[{"id":"37390295","title":"南京+无锡+苏州+乌镇+杭州6日5晚私家团","subTitle":"《双飞 经典华东》A线 全程包车/B线 含导【游】总统府+中山陵+老门东+秦淮河畔+拈花湾+拙政园+耦园+寒山寺+乌镇+西湖+灵隐寺+西溪湿地【行】跨城包车放松游 #甄选榜单酒店#","tags":["无购物","成团保障","湿地","寺院祈福","西湖游船","博物馆","车型可选","夜宿拈花湾","夜宿乌镇"],"sellNum":"已售4人"},{"id":"35060428","title":"扬州+南京3日2晚私家团","subTitle":"【明月秦淮丨先扬州 再南京】【中间包车 & 双城5钻酒店 】夫子庙/中山陵/大报恩寺『佛学幻境 烟云往昔』 【钟山风景区/美龄宫/明孝陵丨苍翠古都 】【东关街/瘦西湖 丨湖上花园 】亲子季","tags":["无购物","无自费","成团保障","亲子甄选","动车高铁游","车型可选"],"sellNum":"已售3人"},{"id":"35422374","title":"苏州+无锡5日4晚私家团","subTitle":"<全精华>【船游姑苏】古运河游船+狮子林+拙政园+山塘街+寒山寺+枫桥景区+拈花湾+鼋头渚+蠡园+太湖之眼摩天轮,<瞰无锡全貌>【24小时管家服务】【情侣·闺蜜】","tags":["无购物","无自费","成团保障","车型可选","夜宿拈花湾","自选酒店"],"sellNum":"已售3人"},{"id":"36792504","title":"华东4市+迪士尼（Disney）6日5晚私家团","subTitle":"【亲子迪士尼 经典华东】5钻榜单酒店【游】中山陵+总统府+夜游秦淮+ 灵山大佛+拈花湾+拙政园+外滩+南京路+梦幻迪士尼（夜赏烟花秀）【享】跨城包车+24H线上行程管家","tags":["无购物","无自费","成团保障","亲子甄选","宫殿","迪士尼乐园","特色表演","博物馆","车型可选","夜宿拈花湾"],"sellNum":"已售8人"},{"id":"27284881","title":"上海+苏州+寒山寺+拙政园+乌镇+杭州+西湖风景名胜区5日4晚私家团","subTitle":"【诗画江南美如画，拈花一笑待君来】· 提灯夜游乌镇 · 走进烟雨江南 · 漫步风月西湖 · 一单一团 · 告别等待 · 24小时接送机/站服务","tags":["可加购导游服务","无购物","无自费","成团保障","寺院祈福","古镇古村","特色表演","西湖游船","车型可选"],"sellNum":"已售3人"},{"id":"37192163","title":"无锡2日1晚私家团","subTitle":"【拈花湾 & 灵山大佛】指定入住景区内酒店『拈花客栈 or 波罗蜜多 』 1天包车+1天专车接站 | 夜宿拈花湾 | 远离尘嚣 | 感受亦梦亦真 | 赏绚烂夜景 · 一花一世界 · 禅意生活 高铁动车","tags":["可加购导游服务","无购物","成团保障","动车高铁游","车型可选","夜宿拈花湾"],"sellNum":"已售3人"},{"id":"36554537","title":"上海+苏州+杭州+无锡+南京+乌镇+上海迪士尼度假区6日5晚私家团","subTitle":"私家出行 1单1团 『5钻品牌酒店+升级拈花湾客栈&双夜游』祈灵山 品留园【情迷三水乡】嗨翻迪士尼:含VIP-乐园：8项快通+导览 多人更优惠 交通任选","tags":["无购物","无自费","成团保障","亲子甄选","宫殿","迪士尼乐园","车型可选","夜宿拈花湾","入住精品民宿","东坡宴","乾隆御茶宴"],"sellNum":"已售3人"},{"id":"36357078","title":"无锡4日3晚私家团","subTitle":"【漫享锡城】《禅意赏花新旅行@专车专导》5钻榜单酒店精选【住】2晚 太湖边or市区 + 1晚拈花湾景区内【玩】『船游太湖佳绝处』鼋头渚赏花 & 拈花湾『唐风小京都』& 灵山大佛祈福","tags":["无购物","成团保障","亲子甄选","双酒店","宫殿","寺院祈福","赏樱","夜宿拈花湾"],"sellNum":"已售3人"},{"id":"27385748","title":"江苏无锡3日2晚私家团","subTitle":"【赏花季】精选5钻『1晚拈花湾景区内+1晚市区』&览拈花湾日夜景『日赏唐风小镇＆夜遇水幕灯光秀』＆三国水浒城『穿越时空 聆听故事』&坐船赏『太湖佳绝处』鼋头渚【多人更划算】含大交通","tags":["无购物","成团保障","双酒店","动车高铁游","赠取消险","赏花","车型可选","夜宿拈花湾"],"sellNum":"已售3人"},{"id":"30621125","title":"江苏南京2日1晚私家团","subTitle":"【金陵小而美·NEW】拒绝常规玩法：牛首山『佛学幻境』春日赏樱+南京博物院『赏博物风雅』+玄武湖『赏花时令景』+闲逛老门东&夜游秦淮河【宿】5钻榜单酒店【专车出行+线上管家】<高铁>","tags":["可加购导游服务","无购物","无自费","成团保障","动车高铁游","赠取消险","宫殿","赏花","博物馆","车型可选","自选酒店"],"sellNum":"已售3人"},{"id":"29392159","title":"江苏苏州+无锡6日5晚私家团","subTitle":"【烟雨江南行】苏州3晚+无锡2晚『甄选榜单酒店』【苏州】拙政园&周庄&苏州博物馆&狮子林+【无锡】拈花湾『赏日夜景禅生活』&灵山大佛&鼋头渚&惠山古镇【专车&管家服务】含大交通","tags":["可加购导游服务","无购物","成团保障","赠取消险","寺院祈福","古镇古村","博物馆","车型可选","自选酒店"],"sellNum":"已售3人"},{"id":"29392159","title":"江苏苏州+无锡6日5晚私家团","subTitle":"【烟雨江南行】苏州3晚+无锡2晚『甄选榜单酒店』【苏州】拙政园&周庄&苏州博物馆&狮子林+【无锡】拈花湾『赏日夜景禅生活』&灵山大佛&鼋头渚&惠山古镇【专车&管家服务】含大交通","tags":["可加购导游服务","无购物","成团保障","赠取消险","寺院祈福","古镇古村","博物馆","车型可选","自选酒店"],"sellNum":"已售3人"},{"id":"27385978","title":"江苏无锡2日1晚私家团","subTitle":"赏花季【市区&拈花湾景区内5钻酒店随心选】打卡网红圣地拈花湾『品禅意慢生活』赏拈花湾日/夜全景&“穿越”三国城水浒城+坐古战船畅游太湖【4人同行人均可省更多】含大交通","tags":["无购物","成团保障","动车高铁游","赠取消险","赏花","车型可选","自选酒店"],"sellNum":"已售3人"},{"id":"29989565","title":"南京+扬州3日2晚私家团","subTitle":"【明月秦淮丨漫享双城】【1单1团 & 双城5钻酒店 】夫子庙/中山陵/大报恩寺『佛光幻影 烟云往昔』 【钟山风景区/美龄宫/明孝陵丨苍翠古都 】【东关街/瘦西湖 丨湖上花园 】高铁飞机 亲子","tags":["无购物","无自费","成团保障","寺院祈福","车型可选","自选酒店"],"sellNum":"已售15人"},{"id":"37404702","title":"连云港+日照3日2晚私家团","subTitle":"【海滨双城 亲子假期 住海滨5钻榜单酒店】 跨程包车【住】1晚连云港+1晚日照【游】花果山 + 渔湾 +日照海水浴场+万平口+世帆赛基地+东夷小镇【行】一单一团不拼车【住】榜单5钻酒店 火车","tags":["无购物","无自费","成团保障","亲子甄选","动车高铁游","海滨/沙滩","车型可选","自选酒店"],"sellNum":"已售3人"},{"id":"29055251","title":"苏州+无锡+杭州+乌镇3日2晚私家团","subTitle":"『宿景区5钻酒店：1晚拈花湾内+1晚乌镇西栅内』&『世界文化遗产』拙政园+『网红地』拈花湾+『5A级』西湖赏“上有天堂 下有苏杭”【4人同行人均可省更多】含大交通","tags":["可加购导游服务","无购物","成团保障","车型可选","夜宿拈花湾","夜宿乌镇"],"sellNum":"已售3人"},{"id":"29239184","title":"深度人文·扬州+无锡鼋头渚6日5晚私家团","subTitle":"【罗莱夏朵旗下·南京颐和公馆+瘦西湖畔青普文化行馆+万达文华独栋湖景别墅】乘船夜游秦淮河+与艺术名师，制绒花学扬剧+游船千垛景区+木筏林间漂流+趣园早茶+丽思卡尔顿下午茶","tags":["无购物","无自费","成团保障","湖泊","森林","赏樱","赏油菜花","游船体验","赏杜鹃","漂流","入住精品民宿","入住亲子榜单酒店"],"sellNum":"已售2人"},{"id":"35453836","title":"苏州+无锡5日4晚私家团","subTitle":"<体验江南·慢生活>平江路自由活动-寒山寺-山塘街-拙政园-古运河游船-木渎古镇-拈花湾-灵山胜境-鼋头渚-南长街【深度苏锡休闲游】【24小时行程管家】","tags":["无购物","无自费","成团保障","寺院祈福","车型可选","夜宿拈花湾","自选酒店"],"sellNum":"已售2人"},{"id":"35597898","title":"上海+苏州+无锡+扬州+南京+乌镇+西塘+周庄12日11晚私家团","subTitle":"环游江南渔米之乡【全程奢宿·专车】『赠黄浦江游船』东方明珠塔+迪士尼 | 访名园+西津渡古街+瘦西湖 | 灵山大佛+拈花湾+鼋头渚 | 画舫秦淮河+总统府+牛首山","tags":["无购物","无自费","成团保障","湖泊","宫殿","迪士尼乐园","宗祠","博物馆","车型可选","夜宿拈花湾","夜宿乌镇"],"sellNum":"已售2人"},{"id":"29920178","title":"上海+苏州+寒山寺+拙政园+乌镇+杭州+西湖风景名胜区6日5晚私家团","subTitle":"【诗画江南美如画，拈花一笑待君来】· 提灯夜游乌镇 · 走进烟雨江南 · 漫步风月西湖 · 一单一团  · 24小时接送机/站服务","tags":["可加购导游服务","无购物","无自费","成团保障","寺院祈福","特色表演","西湖游船","车型可选","夜宿拈花湾","入住精品民宿"],"sellNum":"已售2人"}],[{"id":"32154498","title":"江苏南京+扬州+苏州+周庄+乌镇5日4晚私家团","subTitle":"【高端酒店+风情客栈·专车】六朝古都深度人文『总统府·忆民国往事+中山陵·瞻仰国父/雨花台烈士陵园』秦淮河·夫子庙+姑苏城听曲逛名园+虎丘+打卡双水乡古镇+瘦西湖","tags":["无购物","无自费","成团保障","寺院祈福","博物馆","车型可选"],"sellNum":"已售2人"},{"id":"36301427","title":"无锡+宜兴4日3晚私家团","subTitle":"【漫游双城 无锡+宜兴】全程包车+精选5钻榜单酒店【住】无锡2晚+宜兴1晚【游】 无锡：拈花湾+鼋头渚+南长街 宜兴：宜兴竹海+善卷洞【车】全程专车随行","tags":["可加购导游服务","无购物","成团保障","森林","车型可选","夜宿拈花湾"],"sellNum":"已售2人"},{"id":"38616963","title":"南京+扬州+镇江4日3晚私家团","subTitle":"亲子游江南【瘦西湖温泉度假村·水上瑜珈·享泡温泉 | 南京老宅院/民国风情酒店随选·专车】总统府&美龄宫+鸡鸣寺+紫金山天文台+中山陵 | 闲游西津渡古街 | 瘦西湖·赏四季花开&游个园","tags":["无购物","无自费","成团保障","亲子甄选","湖泊","温泉体验","寺院祈福","赏花","博物馆","天文馆","车型可选"],"sellNum":"已售2人"},{"id":"34928621","title":"上海+苏州+无锡+乌镇+杭州7日6晚私家团","subTitle":"《迪士尼@深游小华东》4城酒店体验+换城全程包车 不挤高铁『游』上海:迪士尼/外滩/东方明珠+苏州:拙政园/寒山寺+无锡:拈花湾+乌镇西栅+杭州:西湖/灵隐寺/雷峰塔!飞机/高铁可选","tags":["可加购导游服务","无购物","无自费","成团保障","寺院祈福","迪士尼乐园","车型可选","夜宿拈花湾"],"sellNum":"已售2人"},{"id":"39284076","title":"苏州+杭州+湖州+无锡+乌镇+绍兴+宁波11日10晚私家团","subTitle":"精华游【苏州进宁波出+古镇·名筑·网红·游船·博物馆·园林】拙政园+西湖+云溪竹径+南浔古镇+拈花湾+苏州博物馆+鲁迅故里+柯岩景区+雪窦山+蒋氏故居【专车·管家】","tags":["无购物","无自费","成团保障","西湖游船","博物馆","车型可选","夜宿拈花湾","夜宿乌镇"],"sellNum":"已售2人"},{"id":"35845865","title":"苏州+乌镇+杭州5日4晚私家团","subTitle":"《漫品江南·赏花》【游：江南经典】乌镇+拙政园+苏州博物馆+金鸡湖+西溪湿地+灵隐寺【行】一单一团不拼车·全程待命放松游【宿】1晚苏州+1晚乌镇+2晚杭州#甄选携程4钻舒适酒店#","tags":["可加购导游服务","无购物","成团保障","湿地","寺院祈福","赏花","博物馆","车型可选","自选酒店"],"sellNum":"已售2人"},{"id":"35303009","title":"江苏无锡2日1晚私家团","subTitle":"赏花季【禅意小镇】宿拈花湾景区1晚+专车接送站服务【唐风宋韵】度假区内丰富体验活动，享受心灵度假【酒店可选】拈花湾客栈/波罗蜜多任选【私享】专属司机&管家服务，深度慢游【含大交通】","tags":["可加购导游服务","无购物","无自费","成团保障","动车高铁游","赏花","车型可选","夜宿拈花湾"],"sellNum":"已售2人"},{"id":"38452208","title":"苏州+乌镇+杭州7日6晚私家团","subTitle":"《全景江南·赏花》【江南经典】拙政园+苏州博物馆（优先新馆）+金鸡湖+乌镇+西溪湿地+灵隐寺+宋城【行】一单一团不拼车·全程待命放松游【宿】2晚苏州+1晚乌镇+3晚杭州#甄选榜单酒店#","tags":["可加购导游服务","无购物","成团保障","湿地","寺院祈福","赏花","博物馆","车型可选","自选酒店"],"sellNum":"已售2人"},{"id":"34205319","title":"连云港3日2晚私家团","subTitle":"【亲子游 4钻优选】【探秘西游 海上仙山】4钻酒店任选 +【花果山 & 连岛 & 渔湾 & 海上云台山 & 连云港老街】全程当红向导陪玩 + 1V1专属用车 【东海胜境 & 夏日海滨】","tags":["无购物","无自费","成团保障","动车高铁游","海滨/沙滩","赠取消险","自选酒店"],"sellNum":"已售2人"},{"id":"35510085","title":"无锡灵山大佛+拈花湾+鼋头渚+中视无锡影视基地2日1晚私家团","subTitle":"『江南小京都·禅意·赏花之旅·专车』船游太湖+赏樱鼋头渚 | 福聚灵山胜境+水幕灯光秀 | 三国水浒城·穿越名典『优选拈花湾客栈·背依大佛·直面三万顷太湖宽』","tags":["无购物","无自费","成团保障","动车高铁游","湖泊","宫殿","寺院祈福","赏花","车型可选","夜宿拈花湾"],"sellNum":"已售2人"},{"id":"29399825","title":"江苏南京+扬州+镇江3日2晚私家团","subTitle":"【南镇扬】精选5钻榜单酒店+三地连游：总统府『聆听风云故事』&漫逛西津渡&扬州『世界文化遗产*湖上园林』瘦西湖『赏花开四季』何园/个园2选1【专车出行+1v1管家服务】含大交通","tags":["可加购导游服务","无购物","成团保障","赏杜鹃","博物馆","车型可选","自选酒店"],"sellNum":"已售11人"},{"id":"27416591","title":"江苏苏州3日2晚私家团","subTitle":"私人包车·玩转太湖东西山 赏太湖风光【雕花大楼·明月湾·石公山】&『世界文化遗产』拙政园&打卡金鸡湖&赏苏州博物馆·御窑金砖博物馆『历史老街』平江路【4人同行人均可省更多】","tags":["可加购导游服务","无购物","无自费","成团保障","动车高铁游","赠取消险","博物馆","车型可选"],"sellNum":"已售1人"},{"id":"35094715","title":"扬州瘦西湖+泰州李中水上森林公园+千垛景区3日2晚私家团","subTitle":"【踏青 赏花】观梅圣地瘦西湖+油菜花海千垛景区+李中水上森林公园+和园+个园+扬州八怪纪念馆 携程4钻湖景酒店 1单1团 24H旅行管家","tags":["可加购导游服务","无购物","无自费","成团保障","森林","寺院祈福","赏油菜花","赏杜鹃","车型可选","自选酒店"],"sellNum":"已售1人"},{"id":"30632887","title":"江苏南京2日1晚私家团","subTitle":"【金陵小而美·NEW】拒绝常规玩法：牛首山『佛学幻境』春日赏樱+南京博物院『赏博物风雅』+玄武湖『赏花时令景』+闲逛老门东&夜游秦淮河【宿】4&5钻榜单酒店【专车出行+线上管家】<高铁>","tags":["可加购导游服务","无购物","无自费","成团保障","动车高铁游","赠取消险","宫殿","赏花","博物馆","车型可选","自选酒店"],"sellNum":"已售2人"},{"id":"30630581","title":"江苏常州中华恐龙园+无锡拈花湾3日2晚私家团","subTitle":"【亲子乐游】甄选口碑榜5钻酒店随心选『东方侏罗纪』中华恐龙园『探寻神秘的恐龙文化』&拈花湾『赏日夜全景丨享禅意慢生活』【私享】专车出行+管家服务【含大交通】","tags":["可加购导游服务","无购物","成团保障","亲子甄选","动车高铁游","赠取消险","博物馆","车型可选","夜宿拈花湾","自选酒店"],"sellNum":"已售2人"},{"id":"30630581","title":"江苏常州中华恐龙园+无锡拈花湾3日2晚私家团","subTitle":"【亲子乐游】甄选口碑榜5钻酒店随心选『东方侏罗纪』中华恐龙园『探寻神秘的恐龙文化』&拈花湾『赏日夜全景丨享禅意慢生活』【私享】专车出行+管家服务【含大交通】","tags":["可加购导游服务","无购物","成团保障","亲子甄选","动车高铁游","赠取消险","博物馆","车型可选","夜宿拈花湾","自选酒店"],"sellNum":"已售2人"},{"id":"30630581","title":"江苏常州中华恐龙园+无锡拈花湾3日2晚私家团","subTitle":"【亲子乐游】甄选口碑榜5钻酒店随心选『东方侏罗纪』中华恐龙园『探寻神秘的恐龙文化』&拈花湾『赏日夜全景丨享禅意慢生活』【私享】专车出行+管家服务【含大交通】","tags":["可加购导游服务","无购物","成团保障","亲子甄选","动车高铁游","赠取消险","博物馆","车型可选","夜宿拈花湾","自选酒店"],"sellNum":"已售2人"},{"id":"28785898","title":"江苏扬州4日3晚私家团","subTitle":"精选5钻酒店『随心选』&游『世界文化遗产』瘦西湖『湖上园林*赏花季』+『城中园林』个园or何园+『千年古刹』大明寺+东关街/皮市街【专车出行+1天自由活动+24H线上管家】可加购导游 高铁","tags":["可加购导游服务","无购物","成团保障","寺院祈福","赏杜鹃","博物馆","车型可选","自选酒店"],"sellNum":"已售13人"},{"id":"29856662","title":"无锡2日1晚私家团","subTitle":"【花样假期 游拈花】指定入住景区内酒店『拈花客栈or波罗蜜多』 无锡落地vip专车接送  | 夜宿拈花湾 | 远离尘嚣 | 感受亦梦亦真 | 赏绚烂夜景 · 一花一世界 · 禅意生活【大交通可选】","tags":["可加购导游服务","无购物","无自费","成团保障","车型可选","夜宿拈花湾"],"sellNum":"已售84人"},{"id":"31200385","title":"江苏无锡2日1晚私家团","subTitle":"赏花季【睡在美景里：拈花湾景区内酒店·可任选】拈花湾全景『梵天花海赏花丨日赏唐风小镇 ＆夜遇湖上3D水幕电影 』＆灵山大佛『祈福*吉祥心旅程 』【4人同行人均可省更多】含大交通","tags":["无购物","成团保障","动车高铁游","赠取消险","宫殿","寺院祈福","赏花","车型可选","夜宿拈花湾"],"sellNum":"已售7人"}],[{"id":"28615199","title":"江苏无锡2日1晚私家团","subTitle":"【太湖明珠】精选5钻酒店『市区or拈花湾景区内任您选』&坐船游『太湖佳绝处』鼋头渚+『网红圣地』拈花湾『梵天花海赏花丨日享禅意慢生活丨夜观3D水幕光影秀』多人同行更优惠【含大交通】","tags":["无购物","成团保障","动车高铁游","赠取消险","车型可选","自选酒店"],"sellNum":"已售9人"},{"id":"28614506","title":"江苏无锡3日2晚私家团","subTitle":"【太湖明珠】精选5钻酒店『随心选丨1晚拈花湾景区内』坐船游『太湖佳绝处』鼋头渚『百花齐放』&拈花湾『赏花丨览日夜全景丨享禅生活』&灵山大佛『心呈吉祥』多人同行更优惠【含大交通】","tags":["无购物","成团保障","双酒店","动车高铁游","赠取消险","宫殿","寺院祈福","车型可选","夜宿拈花湾"],"sellNum":"已售21人"},{"id":"35298299","title":"江苏扬州3日2晚私家团","subTitle":"【扬州慢】精选口碑榜5钻酒店+当地包车&接送站【游】世界文化遗产『瘦西湖』游船&赏花，探访城中园林『何园』或『个园』任选，参观『大运河博物馆』【私享】专属司机&管家服务【含大交通】","tags":["可加购导游服务","无购物","成团保障","动车高铁游","游船体验","赏杜鹃","博物馆","车型可选","自选酒店"],"sellNum":"已售51人"}]]