[{"id":"28615199","title":"江苏无锡2日1晚私家团","subTitle":"【太湖明珠】精选5钻酒店『市区or拈花湾景区内任您选』&坐船游『太湖佳绝处』鼋头渚+『网红圣地』拈花湾『梵天花海赏花丨日享禅意慢生活丨夜观3D水幕光影秀』多人同行更优惠【含大交通】","tags":["无购物","成团保障","动车高铁游","赠取消险","车型可选","自选酒店"],"sellNum":"已售9人","pmRec":"★ 【优选行程】宿5钻，游鼋头渚赏“太湖佳绝处，毕竟鼋头渚”；拈花湾日夜景，享禅意慢生活！\n★ 【精选酒店】精选5钻酒店，任您随心选，提高出游下榻舒适度！\n★ 【服务保障】自营私家团，管家贴心服务，省心省力，纯玩无购物，行程可调，假期无忧！","detailDescriptionContentView":{"text":"当地参团，请点这里\n\n\n含大交通，请点这里"},"dailyItinerary":[{"title":"各地-无锡（接机or接站+惠山古镇+拈花湾）/宿拈花湾景区内or市区（任您选）","subItems":[{"time":"不限","daily_itinerary_sub_tit":"交通","rich_content_view":"抵达无锡，导游会举“携程旅游”的标牌接您，带您开启快乐之旅。\n\n温馨提示：当天抵达无锡的客人，建议您选择13:00前到达无锡，不影响您整体的游玩体验时间。","meal_hours_box":"行驶时间：约60分钟"},{"time":"11:00","daily_itinerary_sub_tit":"景点/场馆","rich_content_view":"您若抵达无锡较早，车导可带您前往此处游玩，若需游玩古镇上小景点，门票费用当天可自理。\n\n若当天行程紧凑，也可调整至D2。","meal_hours_box":"行驶时间：约20分钟","daily_itinerary_sces":[{"GSScenicSpotID":86784,"PreName":"","Name":"惠山古镇","SuffixName":""}]},{"time":"上午","daily_itinerary_sub_tit":"午餐","rich_content_view":"成人：不含餐 儿童：不含餐","meal_hours_box":"行驶时间：约30分钟","daily_itinerary_sces":[{"GSScenicSpotID":29973059,"Name":"步沿私房菜馆"},{"GSScenicSpotID":29957477,"Name":"老牛窝里老店"}]},{"time":"13:00","daily_itinerary_sub_tit":"景点/场馆","rich_content_view":"☻白天你可看看禅乐馆、百花堂、妙音台、拈花堂、拈花塔等建筑，逛逛工艺品小店，逛累了可以坐下来吃吃喝喝。\n\n☻拈花湾八景：胥山大禅堂、鹿鸣谷、禅心谷、银杏谷、竹溪谷、云门谷、香月花街、优游渔港。\n\n\n\n★温馨提示：\n\n☻拈花湾景区内有华服体验活动，可通过官方公众号小程序预约加购；\n\n☻景区内有多种不同玩法，如观光游船或观光小火车，可现场加购体验。","meal_hours_box":"行驶时间：约60分钟","daily_itinerary_sces":[{"GSScenicSpotID":23822661,"PreName":"","Name":"拈花湾","SuffixName":"(含首道门票)"},{"GSScenicSpotID":56810207,"PreName":"","Name":"梵天花海","SuffixName":""},{"GSScenicSpotID":56810310,"PreName":"","Name":"香月花街","SuffixName":""},{"GSScenicSpotID":56810206,"PreName":"","Name":"妙音台","SuffixName":""},{"GSScenicSpotID":56810049,"PreName":"","Name":"鹿鸣谷","SuffixName":""}]},{"time":"17:00","daily_itinerary_sub_tit":"晚餐","rich_content_view":"成人：不含餐 儿童：不含餐","meal_hours_box":"行驶时间：约20分钟","daily_itinerary_sces":[{"GSScenicSpotID":11266003,"Name":"丽湖船菜馆·特色鱼头汤(古竹路店)"},{"GSScenicSpotID":26126394,"Name":"缘一閣·湖景本帮菜(灵山景区拈花湾店)"}]},{"time":"18:30","daily_itinerary_sub_tit":"自由活动","rich_content_view":"☻晚餐后您可在景区内漫步，且欣赏3D水幕光影秀。\n\n★温馨提示：\n\n3D水幕灯光秀具体表演时间以当天景区公布为准，以下信息供参考：\n\n水幕光影秀18:00-20:50，地点：半山衔日广场；\n\n拈花湾亮塔18:30、19:00、19:30、20:00、20:30，地点：拈花湾广场；\n\n花开五叶水上表演18:45、19:15、19；45，地点：五灯湖广场。\n","meal_hours_box":"活动时间：约1小时","daily_itinerary_sces":[{"GSScenicSpotID":23822661,"PreName":"","Name":"拈花湾","SuffixName":null},{"GSScenicSpotID":56809418,"PreName":"","Name":"拈花塔","SuffixName":null}]},{"time":"19:30","daily_itinerary_sub_tit":"酒店","rich_content_view":"根据您自身需求选择拈花湾景区内或无锡市区合适的酒店及房型。\n\n★市区酒店有：苏宁凯悦、君来洲际、铂尔曼、皇冠假日等各品牌酒店任您选。\n\n★拈花湾景区内有：拈花客栈、波罗蜜多酒店\n\n温馨提示：入住景区内客栈/酒店的游客办理入住和退房时可各免费乘坐一次景区电瓶车。\n\n☻拈花客栈分布于拈花小镇的中心地带，波罗蜜多酒店靠近鹿鸣谷。\n\n★目前拈花湾景区官方主题客栈有：云水间，平常居，一花一世界，棒喝，百尺竿，吃茶去，萤火小墅，一池荷叶，芦花宿，门前一颗松，半窗疏影，一轮明月，无门关，无尘，坐看云起，松风十里，草鞋山庐，究竟，小憩，方寸间，青花，解缚，荣枯山房，无相，圆融堂，醉春芳。","meal_hours_box":"行驶时间：约40分钟"}]},{"title":"无锡（鼋头渚+送站or送机）-各地","subItems":[{"time":"08:30","daily_itinerary_sub_tit":"早餐","rich_content_view":"成人：含餐 儿童：不含餐","meal_hours_box":"用餐时间：约1小时"},{"time":"10:00","daily_itinerary_sub_tit":"景点/场馆","rich_content_view":"☻国家5A级景区，踏青季，鼋头渚承包整个春天（樱花、花木香、棣棠花、杜鹃等百花争艳）。\n\n\n\n\n【赏樱胜地——鼋头渚】樱花花期：每年一般3月中旬~4月中旬。\n\n（温馨提示：花期根据天气影响可能会有变化。如因天气等原因，导致无法赏花，可能会影响观赏体验，不便之处敬请谅解。）","meal_hours_box":"行驶时间：约50分钟","daily_itinerary_sces":[{"GSScenicSpotID":75725,"PreName":"","Name":"鼋头渚","SuffixName":"(含首道门票)"},{"GSScenicSpotID":10520223,"PreName":"","Name":"樱花谷","SuffixName":""}]},{"time":"12:00","daily_itinerary_sub_tit":"午餐","rich_content_view":"成人：不含餐 儿童：不含餐","meal_hours_box":"行驶时间：约30分钟","daily_itinerary_sces":[{"GSScenicSpotID":73383051,"Name":"樱花山庄特色餐厅"}]},{"time":"13:30","daily_itinerary_sub_tit":"景点/场馆","rich_content_view":"继续在鼋头渚景区内游玩，坐船上岛。","meal_hours_box":"行驶时间：约20分钟","daily_itinerary_sces":[{"GSScenicSpotID":76306,"PreName":"","Name":"太湖仙岛","SuffixName":"(船观)"}]},{"time":"14:30","daily_itinerary_sub_tit":"交通","rich_content_view":"根据车次时间送您至苏南硕放国际机场或相应的火车站或第一天接您的地址，结束愉快之旅。\n\n温馨提示：鼋头渚景区离苏南硕放国际机场/无锡火车站/无锡新区站/无锡东站车程约45分钟，遇节假日堵车等情况需留足时间。","meal_hours_box":"行驶时间：约60分钟"}]}],"days":["各地-无锡（接机or接站+惠山古镇+拈花湾）/宿拈花湾景区内or市区（任您选）","无锡（鼋头渚+送站or送机）-各地"]},{"id":"28614506","title":"江苏无锡3日2晚私家团","subTitle":"【太湖明珠】精选5钻酒店『随心选丨1晚拈花湾景区内』坐船游『太湖佳绝处』鼋头渚『百花齐放』&拈花湾『赏花丨览日夜全景丨享禅生活』&灵山大佛『心呈吉祥』多人同行更优惠【含大交通】","tags":["无购物","成团保障","双酒店","动车高铁游","赠取消险","宫殿","寺院祈福","车型可选","夜宿拈花湾"],"sellNum":"已售21人","pmRec":"★ 【优选行程】精华全含丨鼋头渚赏太湖佳绝处，拈花湾览日夜全景，灵山大佛祈福，不走马观花！\n★ 【精选酒店】尽享舒适丨精选5钻酒店，任您随心选，1晚拈花湾景区内，1晚市区or太湖边，多重体验！\n★ 【服务保障】出行无忧丨自营私家团，管家贴心服务，纯玩无购物，行程可调！","detailDescriptionContentView":{"text":"当地参团，请点这里\n\n含大交通，请点这里\n\n\n\n\n*外籍游客请在预订前务必参照当地疫情防控规定，合理安排出行。如有疑问请咨询客服，谢谢！"},"dailyItinerary":[{"title":"各地-无锡（接机/接站+惠山古镇+夜游拈花湾），夜宿拈花湾","subItems":[{"time":"不限","daily_itinerary_sub_tit":"交通","rich_content_view":"抵达无锡，导游会举“携程旅游”的标牌接您，带您开启快乐之旅。\n\n温馨提示：当天抵达无锡的客人，建议您选择14:00前到达无锡，不影响您整体的游玩体验时间。","meal_hours_box":"行驶时间：约60分钟"},{"time":"11:00","daily_itinerary_sub_tit":"景点/场馆","rich_content_view":"您若抵达无锡较早，车导可带您前往此处游玩，若需游玩古镇上小景点，门票费用自理，可下单选择。\n\n若当天行程紧凑，可根据您的需求，可调整至其它日期游玩。\n\n\n\n☻古镇上美食众多，您可选择边逛边品尝舌尖美味。\n\n惠山豆腐花（横街13号）：豆腐花是咸口里面有紫菜、虾皮，豆腐花很嫩，下口即化；\n\n忆秦园小笼包：《舌尖上的中国》，蟹粉小笼是招牌，汁多皮薄；\n\n二泉园老菜馆（绣嶂街3号）：百年老店，主营精致的无锡菜；\n\n一亩三分田（绣嶂街24号）：苏式面特色。\n\n朱顺兴油酥：百年老店，油酥咸甜两个口味，饼皮很酥，边吃边掉。","meal_hours_box":"行驶时间：约30分钟","daily_itinerary_sces":[{"GSScenicSpotID":86784,"PreName":"","Name":"惠山古镇","SuffixName":""}]},{"time":"12:00","daily_itinerary_sub_tit":"午餐","rich_content_view":"成人：不含餐 儿童：不含餐","meal_hours_box":"行驶时间：约20分钟","daily_itinerary_sces":[{"GSScenicSpotID":29973059,"Name":"步沿私房菜馆"},{"GSScenicSpotID":11265127,"Name":"二泉园老菜馆"}]},{"time":"15:00","daily_itinerary_sub_tit":"酒店","rich_content_view":"根据您自身需求，可选择拈花湾景区内客栈/波罗蜜多酒店房型，办入住后稍作休息。\n\n☻客栈散落在景区内香月街附近，酒店靠近景区内鹿鸣谷\n\n☻目前拈花湾景区内客栈主题有：云水间，平常居，一花一世界，棒喝，百尺竿，吃茶去，萤火小墅，一池荷叶，芦花宿，门前一棵松，半窗疏影，一轮明月，无门关，无尘，坐看云起，松风十里，草鞋山庐，究竟，小憩，方寸间，青花，解缚，荣枯山房，无相，圆融堂，醉春芳","meal_hours_box":"行驶时间：约40分钟"},{"time":"17:00","daily_itinerary_sub_tit":"晚餐","rich_content_view":"成人：不含餐 儿童：不含餐","meal_hours_box":"行驶时间：约20分钟","daily_itinerary_sces":[{"GSScenicSpotID":26126394,"Name":"缘一閣·湖景本帮菜(灵山景区拈花湾店)"},{"GSScenicSpotID":41936606,"Name":"波罗蜜多酒店中餐厅"}]},{"time":"18:30","daily_itinerary_sub_tit":"自由活动","rich_content_view":"晚餐后您可漫步于景区内，欣赏由G20团队打造的光影秀\n\n友情提示：\n\n水幕光影秀18:00-20:50，地点：半山衔日广场；\n\n拈花湾亮塔18:30、19:00、19:30、20:00、20:30，地点：拈花湾广场；\n\n花开五叶水上表演18:45、19:15、19:45，地点：五灯湖广场；\n\n具体表演时间以当天景区公布为准。","meal_hours_box":"活动时间：约1小时30分钟","daily_itinerary_sces":[{"GSScenicSpotID":23822661,"PreName":"","Name":"拈花湾","SuffixName":null},{"GSScenicSpotID":56809418,"PreName":"","Name":"拈花塔","SuffixName":null}]}]},{"title":"无锡（上午：日游拈花湾；下午：灵山大佛；晚上：南长街）","subItems":[{"time":"08:00","daily_itinerary_sub_tit":"早餐","rich_content_view":"成人：含餐 儿童：不含餐","meal_hours_box":"用餐时间：约1小时"},{"time":"09:00","daily_itinerary_sub_tit":"景点/场馆","rich_content_view":"☻白天你可看看禅乐馆、百花堂、妙音台、拈花堂、拈花塔等建筑，逛逛工艺品小店，逛累了可以坐下来吃吃喝喝。\n\n☻拈花湾八景：胥山大禅堂、鹿鸣谷、禅心谷、银杏谷、竹溪谷、云门谷、香月花街、优游渔港。\n\n\n\n★温馨提示：\n\n☻拈花湾景区内有华服体验活动，可通过官方公众号小程序预约加购；\n\n☻景区内有多种不同玩法，如观光游船或观光小火车，可现场加购体验。","meal_hours_box":"行驶时间：约30分钟","daily_itinerary_sces":[{"GSScenicSpotID":23822661,"PreName":"","Name":"拈花湾","SuffixName":"(含首道门票)"},{"GSScenicSpotID":56810207,"PreName":"","Name":"梵天花海","SuffixName":""},{"GSScenicSpotID":56810310,"PreName":"","Name":"香月花街","SuffixName":""},{"GSScenicSpotID":56810206,"PreName":"","Name":"妙音台","SuffixName":""},{"GSScenicSpotID":56810049,"PreName":"","Name":"鹿鸣谷","SuffixName":""}]},{"time":"11:30","daily_itinerary_sub_tit":"午餐","rich_content_view":"成人：不含餐 儿童：不含餐","meal_hours_box":"行驶时间：约30分钟","daily_itinerary_sces":[{"GSScenicSpotID":10560214,"Name":"渔阿婆船菜·秘制熟醉蟹"},{"GSScenicSpotID":16966444,"Name":"灵福缘私房菜·熟醉蟹(灵山大佛店)"}]},{"time":"13:30","daily_itinerary_sub_tit":"景点/场馆","rich_content_view":"温馨提示：\n\n1、已含景区内电瓶车费；\n\n2、遇节假日等特殊情况，梵宫内的吉祥颂表演停演的，因一票制故无费用可退，敬请知晓！","meal_hours_box":"行驶时间：约40分钟","daily_itinerary_sces":[{"GSScenicSpotID":75721,"PreName":"","Name":"灵山大佛","SuffixName":"(含首道门票)"},{"GSScenicSpotID":92252,"PreName":"","Name":"五印坛城","SuffixName":""},{"GSScenicSpotID":92253,"PreName":"","Name":"九龙灌浴","SuffixName":""},{"GSScenicSpotID":10559148,"PreName":"","Name":"灵山梵宫","SuffixName":""},{"GSScenicSpotID":56778253,"PreName":"","Name":"灵山胜境-灵山吉祥颂","SuffixName":""}]},{"time":"17:00","daily_itinerary_sub_tit":"交通","rich_content_view":"发车前往无锡市区。","meal_hours_box":"行驶：约40千米/约60分钟"},{"time":"17:30","daily_itinerary_sub_tit":"晚餐","rich_content_view":"成人：不含餐 儿童：不含餐","meal_hours_box":"行驶时间：约30分钟","daily_itinerary_sces":[{"GSScenicSpotID":50447058,"Name":"新缘君园(梅园店)"},{"GSScenicSpotID":11264115,"Name":"老李家饭庄(独月路店)"}]},{"time":"19:00","daily_itinerary_sub_tit":"景点/场馆","meal_hours_box":"行驶时间：约30分钟","daily_itinerary_sces":[{"GSScenicSpotID":10559377,"PreName":"","Name":"南长街","SuffixName":""}]},{"time":"20:00","daily_itinerary_sub_tit":"酒店","rich_content_view":"根据您自身需求选择合适的酒店及房型，办理入住，休息。\n\n如：市区：苏宁凯悦、君来洲际、皇冠假日等；太湖边：瑞廷西郊、君来湖滨、太湖饭店。","meal_hours_box":"行驶时间：约30分钟"}]},{"title":"无锡（鼋头渚+送站or送机）-各地","subItems":[{"time":"08:30","daily_itinerary_sub_tit":"早餐","rich_content_view":"成人：含餐 儿童：不含餐","meal_hours_box":"用餐时间：约1小时"},{"time":"10:00","daily_itinerary_sub_tit":"景点/场馆","rich_content_view":"☻国家5A级景区，赏花踏青季，鼋头渚承包整个春天（樱花、花木香、棣棠花、杜鹃等百花争艳）。\n\n\n\n\n【赏樱胜地——鼋头渚】樱花花期：每年一般3月中旬~4月中旬。\n\n（温馨提示：花期根据天气影响可能会有变化。如因天气等原因，导致无法赏花，可能会影响观赏体验，不便之处敬请谅解。）","meal_hours_box":"行驶时间：约30分钟","daily_itinerary_sces":[{"GSScenicSpotID":75725,"PreName":"","Name":"鼋头渚","SuffixName":"(含首道门票)"}]},{"time":"12:00","daily_itinerary_sub_tit":"午餐","rich_content_view":"成人：不含餐 儿童：不含餐","meal_hours_box":"行驶时间：约30分钟","daily_itinerary_sces":[{"GSScenicSpotID":73383051,"Name":"樱花山庄特色餐厅"}]},{"time":"13:30","daily_itinerary_sub_tit":"景点/场馆","rich_content_view":"坐船上岛，继续在鼋头渚景区内游玩。","meal_hours_box":"行驶时间：约20分钟","daily_itinerary_sces":[{"GSScenicSpotID":76306,"PreName":"","Name":"太湖仙岛","SuffixName":""}]},{"time":"15:00","daily_itinerary_sub_tit":"交通","rich_content_view":"根据航班/车次时间送您至苏南硕放国际机场或相应的火车站或第一天接您的地址，结束愉快之旅。\n\n温馨提示：鼋头渚景区or市区离无锡站/无锡东站/无锡新区站/苏南硕放国际机场车程约30-45分钟，逢节假日，请留足时间，选晚一点的航班or车次。","meal_hours_box":"行驶时间：约60分钟"}]}],"days":["各地-无锡（接机/接站+惠山古镇+夜游拈花湾），夜宿拈花湾","无锡（上午：日游拈花湾；下午：灵山大佛；晚上：南长街）","无锡（鼋头渚+送站or送机）-各地"]},{"id":"35298299","title":"江苏扬州3日2晚私家团","subTitle":"【扬州慢】精选口碑榜5钻酒店+当地包车&接送站【游】世界文化遗产『瘦西湖』游船&赏花，探访城中园林『何园』或『个园』任选，参观『大运河博物馆』【私享】专属司机&管家服务【含大交通】","tags":["可加购导游服务","无购物","成团保障","动车高铁游","游船体验","赏杜鹃","博物馆","车型可选","自选酒店"],"sellNum":"已售51人","pmRec":"★ 【优选行程】世界文化遗产瘦西湖+游船赏四季花开，何园/个园观城中园林，打卡超人气大运河博物馆~\n★ 【大牌驾到】专属司机&管家悉心服务，行程可调，慢慢游览，不走马观花，尽享舒适！\n★ 【精选酒店】精选5钻口碑榜酒店，多家酒店任您选，体验当地人气酒店，舒适省心！","detailDescriptionContentView":{"text":"🛫含大交通产品，请点这里\n\n🚗当地出发参团，请点这里\n\n\n\n\n🌸行程速览🌸\n\n\n\n\n第一天：专车接站，中国大运河博物馆，东关街历史街区，送至酒店（含当天8小时用车）\n\n\n\n\n第二天：瘦西湖+游船，坐上游船感受乾隆帝当年游湖心情，城中园林：何园 或 个园 2选1（含当天8小时用车）\n\n\n\n\n第三天：扬州城自由活动，专车送站（当天仅送站）\n\n\n\n\n*如第一天抵达较晚，行程可与第三天对调\n\n*提示：如需【扬州泰州机场专车接送机】，可加购升级附加选项。\n\n\n\n\n更多产品\n\n同款4钻产品 -- 精选4&5钻口碑榜酒店\n\n\n🛫含大交通产品，请点这里  🚗当地出发参团，请点这里\n\n\n\n\n扬州慢2日，4钻ID：38836924 ；  5钻ID：35228925\n\n扬州慢PLUS 3日，5钻ID：28735891\n\n扬州4日（1日自由活动），4钻ID：28783656，5钻ID：28766382\n\n\n\n\n\n\n\n\n\n\n   \n\n      \n\n\n\n\n      \n\n\n\n\n   "},"dailyItinerary":[{"title":"各地-扬州，专车接站，中国大运河博物馆+东关街历史街区","subItems":[{"time":"12:00","daily_itinerary_sub_tit":"交通","rich_content_view":"抵达扬州，您的专属司机会举“携程旅游”的标牌接您，带您开启扬州之旅。（市区酒店亦可上门接送）\n\n温馨提示：当天抵达扬州的客人，建议您选择13:00前到达扬州，不影响您整体的游玩体验时间。\n（如您当天抵达时间较晚，第一天行程可以与第三天顺序对换）","meal_hours_box":"行驶：约15千米/约30分钟"},{"time":"12:00","daily_itinerary_sub_tit":"午餐","rich_content_view":"成人：不含餐 儿童：不含餐","meal_hours_box":"参考标准：70CNY/人","daily_itinerary_sces":[{"GSScenicSpotID":402312,"Name":"吃品芝麻锅(泰州路店)"}]},{"time":"14:00","daily_itinerary_sub_tit":"景点/场馆","rich_content_view":"注：大运河博物馆每日预约名额有限，如遇当日约满将为您安排游览【扬州运河三湾风景区】","meal_hours_box":"行驶时间：约30分钟","daily_itinerary_sces":[{"GSScenicSpotID":129778806,"PreName":"","Name":"中国大运河博物馆","SuffixName":""}]},{"time":"16:00","daily_itinerary_sub_tit":"景点/场馆","rich_content_view":"走在东关街的石板路上，不时能看到青砖灰瓦的盐商大院。","meal_hours_box":"行驶时间：约30分钟","daily_itinerary_sces":[{"GSScenicSpotID":92038,"PreName":"","Name":"东关街历史街区","SuffixName":""}]},{"time":"17:00","daily_itinerary_sub_tit":"晚餐","rich_content_view":"成人：不含餐 儿童：不含餐","meal_hours_box":"行驶时间：约30分钟","daily_itinerary_sces":[{"GSScenicSpotID":11286984,"Name":"扬州香格里拉大酒店·香宫"},{"GSScenicSpotID":41953810,"Name":"扬州瘦西湖温泉度假村·扬州宴(瘦西湖店)"}]},{"time":"18:30","daily_itinerary_sub_tit":"酒店","rich_content_view":"根据您自身需求，选择合适的酒店及房型，办理入住手续。\n\n☻青普、香格里拉、希尔顿、喜来登、华美达等各品牌酒店任您选。","meal_hours_box":"行驶时间：约30分钟"}]},{"title":"扬州：世界文化遗产-瘦西湖+游船体验，城中园林-何园 或 个园 2选1","subItems":[{"time":"08:00","daily_itinerary_sub_tit":"早餐","rich_content_view":"成人：不含餐 儿童：不含餐","meal_hours_box":"用餐时间：约30分钟"},{"time":"09:00","daily_itinerary_sub_tit":"景点/场馆","rich_content_view":"★世界文化遗产，国家5A级景区，赏花湖上园林，一年四季花满园。\n\n\n赏花信息\n\n琼花🌺花期: 4月中旬-5月中旬; 赏花地: 琼花广场。\n\n梅花🌺花期:3月中旬;赏花地: 湖上梅林。\n\n樱花🌺花期: 3月上旬-4月上旬;赏花地: 樱花谷。\n","meal_hours_box":"行驶时间：约30分钟","daily_itinerary_sces":[{"GSScenicSpotID":75733,"PreName":"","Name":"瘦西湖","SuffixName":"(含首道门票)"},{"GSScenicSpotID":10520581,"PreName":"","Name":"五亭桥","SuffixName":""},{"GSScenicSpotID":10519594,"PreName":"","Name":"瘦西湖二十四桥","SuffixName":""}]},{"time":"10:30","daily_itinerary_sub_tit":"景点/场馆","rich_content_view":"★当天已为您包含瘦西湖游船（成人票），坐船游湖感受当年乾隆皇帝游湖的逍遥心情。","meal_hours_box":"活动时间：约30分钟","daily_itinerary_sces":[{"GSScenicSpotID":28627556,"PreName":"","Name":"瘦西湖游船","SuffixName":"(已含门票)"}]},{"time":"12:30","daily_itinerary_sub_tit":"午餐","rich_content_view":"成人：不含餐 儿童：不含餐","meal_hours_box":"参考标准：130/人","daily_itinerary_sces":[{"GSScenicSpotID":25661647,"Name":"趣园茶社(长春路店)"}]},{"time":"14:00","daily_itinerary_sub_tit":"景点/场馆","rich_content_view":"扬州城中园林【何园】或【个园】2选1\n\n\n☻何园：被誉为\"晚清第一园林\"，是扬州大型私家园林的压轴之作。\n\n☻个园：扬州现存历史悠久的盐商园林，园中运用不同石料堆叠而成“春夏秋冬”四景。","meal_hours_box":"行驶时间：约30分钟","daily_itinerary_sces":[{"GSScenicSpotID":75736,"PreName":"","Name":"何园","SuffixName":"(含首道门票)"},{"GSScenicSpotID":75735,"PreName":"","Name":"个园","SuffixName":"(含首道门票)"}]},{"time":"17:00","daily_itinerary_sub_tit":"晚餐","rich_content_view":"成人：不含餐 儿童：不含餐","meal_hours_box":"行驶时间：约30分钟","daily_itinerary_sces":[{"GSScenicSpotID":11285442,"Name":"富临壶园"}]},{"time":"18:00","daily_itinerary_sub_tit":"酒店","rich_content_view":"回酒店休息","meal_hours_box":"行驶时间：约30分钟"}]},{"title":"漫步扬州城（自由活动），专车送站，返程","subItems":[{"time":"08:00","daily_itinerary_sub_tit":"早餐","rich_content_view":"成人：不含餐 儿童：不含餐","meal_hours_box":"用餐时间：约30分钟"},{"time":"10:00","daily_itinerary_sub_tit":"景点/场馆","rich_content_view":"以上为自由活动推荐景点。","meal_hours_box":"活动时间：约3小时","daily_itinerary_sces":[{"GSScenicSpotID":18480956,"PreName":"","Name":"皮市街","SuffixName":""},{"GSScenicSpotID":92250,"PreName":"","Name":"朱自清故居","SuffixName":""},{"GSScenicSpotID":75742,"PreName":"","Name":"文昌阁","SuffixName":""}]},{"time":"12:00","daily_itinerary_sub_tit":"午餐","rich_content_view":"成人：不含餐 儿童：不含餐","meal_hours_box":"用餐时间：约1小时","daily_itinerary_sces":[{"GSScenicSpotID":10560542,"Name":"扬州怡园饭店 ·餐厅"}]},{"time":"14:00","daily_itinerary_sub_tit":"交通","rich_content_view":"根据车次时间送您至相应的火车站或第一天接您的地址，结束愉快之旅。\n\n温馨提示：若遇节假日等请相应的选择时间晚一点的航班或车次，预留充足时间进行安检等，以免错过发车时间。","meal_hours_box":"行驶时间：约40分钟"}]}],"days":["各地-扬州，专车接站，中国大运河博物馆+东关街历史街区","扬州：世界文化遗产-瘦西湖+游船体验，城中园林-何园 或 个园 2选1","漫步扬州城（自由活动），专车送站，返程"]}]