[[{"id":"25703622","title":"江西南昌+庐山+景德镇+婺源+三清山7日6晚私家团","subTitle":"全程5钻酒店+缆车小交通全含+1司1导+高山下午茶『经典』庐山深度游+古窑+篁岭+婺女洲夜游+三清山『可选』望仙谷/滕王阁 景德镇御窑/陶瓷博物馆 | 江湾/江岭春季赏花","tags":["无购物","无自费","成团保障","登山体验","梯田","赏油菜花","古镇古村","博物馆","车型可选"],"sellNum":"已售17人"},{"id":"41321406","title":"江西南昌+景德镇+婺源+望仙谷6日5晚私家团","subTitle":"【夜宴徽州 茶瓷非遗】『三大夜景』陶溪川+婺女洲+望仙谷宿景区『茶瓷体验』陶瓷拉胚+体验采茶/制茶全流程『非遗之旅』古法制瓷+打铁花民俗『厚重徽州』篁岭晒秋+儒商古村","tags":["无购物","无自费","成团保障","梯田","赏油菜花","古镇古村","车型可选"],"sellNum":"已售2人"},{"id":"28914791","title":"黄山风景区+婺源+宏村+西递6日5晚私家团","subTitle":"【水墨黄山•古韵徽州】1人可订多人多减『全程酒店自选•1晚宿黄山顶•赏日暮晨昏+4晚市区酒店•夜游老街』梦幻黄山·观高山云海·奇松怪石+皖南名村•篁岭/宏村/西递 出行无忧","tags":["无购物","无自费","成团保障","3期免息","6期免息","双酒店","登山体验","梯田","赠取消险","赏油菜花","古镇古村","车型可选","自选酒店","住黄山山顶"],"sellNum":"已售7人"},{"id":"37516487","title":"江西葛仙村度假区+望仙谷+婺源篁岭+景德镇5日4晚私家团","subTitle":"私享慢游微度假||全程宿景区内房型可选 葛仙村+望仙谷+畅游篁岭+婺女洲四夜景 1单1团·专属用车·网红望仙谷夜景·乡村奇妙夜||逛篁岭天街·过神仙日子||葛仙村","tags":["无购物","成团保障","动车高铁游","赠取消险","赏油菜花","宗祠","车型可选","入住精品民宿"],"sellNum":"已售10人"},{"id":"36651950","title":"江西三清山+婺源+景德镇+望仙谷5日4晚私家团","subTitle":"【仙谷夜景畅游·1晚望仙谷仙宿房型任选+1晚三清山希尔顿/开元+2晚婺源5钻】晒秋古村古徽韵【篁岭】仙山云海奇峰怪石【三清山】赠月亮湾竹筏泛舟 上饶进出 一单一团 ","tags":["无购物","成团保障","梯田","赏花","游船体验","车型可选"],"sellNum":"已售25人"},{"id":"34426858","title":"宏村+西递+婺源篁岭3日2晚私家团","subTitle":"【繁花正盛·徽州行】1人可订多人多减&市中心榜单酒店连住·不挪窝&粉墙黛瓦的徽式民居搭配着黄花丛丛·古村悠然·小桥流水·油菜花海&赠篁岭往返索道【全程线上1对1管家服务•无忧出行】","tags":["可加购导游服务","无购物","无自费","成团保障","动车高铁游","梯田","赠取消险","赏油菜花","车型可选"],"sellNum":"已售139人"},{"id":"26998749","title":"黄山风景区+婺源3日2晚私家团","subTitle":"【徽风婺韵•大美黄山】1人可订，多人多优惠『AB线指定市区酒店/CD选心选酒店&夜游老街』自然遇上人文｜元气登高看奇松赏云海+崖上古村鲜花小镇逛市集尝美食【AB线专车游•无导游讲解】","tags":["无购物","无自费","成团保障","登山难度2星","动车高铁游","梯田","赠取消险","赏油菜花","车型可选"],"sellNum":"已售11人"},{"id":"28568248","title":"婺源+宏村+黄山3日2晚私家团","subTitle":"【皖赣风华•升级Plus版】1人可订多人立减&崖上古村•油菜花海+探访旅行大v徐霞客笔下的梦幻黄山+宏村老宅下聆听徽州史『连住市区口碑酒店•不挪窝』赠1V1管家服务•出行无忧","tags":["可加购导游服务","无购物","无自费","成团保障","动车高铁游","梯田","赏油菜花","古镇古村","车型可选"],"sellNum":"已售18人"},{"id":"26998683","title":"江西婺源3日2晚私家团","subTitle":"『赏花季限定』篁岭+江岭 2大梯田花海【携程自营】观徽州民俗 赏徽派古建『月亮湾竹筏泛舟体验+夜游婺女洲』篁岭晒秋+江湾+宋代廊桥+严田古村『A线阅徽堂民宿/C线婺女洲度假区酒店』","tags":["无购物","无自费","成团保障","3期免息","动车高铁游","梯田","赠取消险","赏油菜花","古镇古村","车型可选"],"sellNum":"已售113人"},{"id":"29886681","title":"江西婺源+三清山5日4晚私家团","subTitle":"【酒店房型任选】A线3晚婺源+1晚三清山 | B线2晚婺源+2晚三清山『婺源全景』篁岭+东线古村+北线山水『漫游三清山』步行云间 奇石共赏【1单1团 私密享受】多人预订价更优","tags":["无购物","无自费","成团保障","3期免息","动车高铁游","登山体验","梯田","赠取消险","赏油菜花","车型可选","自选酒店"],"sellNum":"已售17人"},{"id":"35452692","title":"黄山+婺源+西递+宏村5日4晚私家团","subTitle":"【1单1团·专享旅程】自选市区商圈5钻·逛吃方便+1晚夜宿黄山@醉卧山水手可摘星辰 | 分2天环游黄山风景区&看日出日落 奇松怪石，梯田古村|篁岭『24H接送站+1V1管家服务』大交通可选","tags":["可加购导游服务","无购物","无自费","成团保障","梯田","深度登山","赏油菜花","车型可选","自选酒店","住黄山山顶"],"sellNum":"已售80人"},{"id":"41386786","title":"江西望仙谷+婺源4日3晚自由行","subTitle":"【仙宿时光·舒适包车】1晚望仙谷景区内+1晚婺女洲5钻+1晚婺源儒商古村落民宿 双夜景体验 |深度巡游&察关古桥·老牛&三眼桥&篁岭晒秋| 春季赏花 江岭花海|专车随行·你的旅行你做主 高铁","tags":["动车高铁游","包车游","梯田","赏油菜花","古镇古村"],"sellNum":"已售2人"},{"id":"37505421","title":"江西葛仙村度假区+望仙谷+婺源篁岭4日3晚私家团","subTitle":"私享慢游微度假||全程宿景区内房型可选 葛仙村+望仙谷+畅游篁岭三夜景  一单一团·专属用车·网红望仙谷夜景·乡村奇妙夜||逛篁岭赏晒秋·过两天神仙日子||葛仙村景区","tags":["无购物","成团保障","动车高铁游","赠取消险","赏油菜花","宗祠","车型可选"],"sellNum":"已售18人"},{"id":"34395171","title":"宏村+婺源3日2晚私家团","subTitle":"山野踏青·油菜花海&1人可订多人多惠『AB线市中心酒店连住/CD线1晚宿宏村内/EF线1晚宿篁岭内』画里宏村·白墙黛瓦·“民间故宫”&婺源篁岭·鲜花小镇·满眼春色【1对1全程线上管家服务•出行无忧】","tags":["可加购导游服务","无购物","无自费","成团保障","动车高铁游","梯田","赠取消险","赏油菜花","车型可选"],"sellNum":"已售50人"},{"id":"35561725","title":"江西婺源+三清山+望仙谷+葛仙村度假区5日4晚私家团","subTitle":"【赠特色下午茶 住在风景里 赏三大夜景】『篁岭』婺女洲+李坑+江湾+晓起/江岭梯田花海  ‖1晚宿望仙谷仙宿&房型自选 |悬崖秘境 | &漫游三清山   奇石共赏   ","tags":["无购物","成团保障","动车高铁游","赏油菜花","车型可选"],"sellNum":"已售33人"},{"id":"33604913","title":"江西婺源篁岭+三清山+望仙谷3日2晚私家团","subTitle":"【多人价更优||1单1团超私密】打卡网红双夜景||仙侠悬崖望仙谷+徽州不夜城婺女洲 赏三清美景 晒秋人家篁岭含上下索道 1晚五星三清山开元名都度假村 1晚婺源鑫邦大酒店 ","tags":["无购物","成团保障","动车高铁游","梯田","赠取消险","赏花","车型可选"],"sellNum":"已售29人"},{"id":"37179808","title":"江西三清山+婺源+景德镇+望仙谷+葛仙村度假区6日5晚私家团","subTitle":"【览夏私享||2晚畅游仙侠夏夜·房型任选 3晚婺源5钻奢宿】深度慢游 奇峰怪石世遗【三清山】 晒秋古村【篁岭】 仙侠夜景超出片【望仙谷葛仙村】上饶进出 ","tags":["无购物","成团保障","梯田","赠取消险","赏花","游船体验","宗祠","车型可选"],"sellNum":"已售23人"},{"id":"35905503","title":"黄山风景区+婺源篁岭+千岛湖景区+宏村6日5晚私家团","subTitle":"夜宿宏村+夜宿黄山顶『1单1团&酒店自选』分2天环游黄山·观日出云海 |篁岭梯田「崖上古村/鲜花小镇·梯田花海/赠千米观光缆车」游千岛湖登梅峰岛【赠游船票】","tags":["无购物","无自费","成团保障","梯田","湖泊","深度登山","赏油菜花","车型可选","夜宿宏村","自选酒店","住黄山山顶"],"sellNum":"已售13人"},{"id":"26609544","title":"婺源+宏村3日2晚私家团","subTitle":"向春而行&1人可订多人多减『连住市中心口碑榜酒店·不挪窝』崖上古村·油菜花海·私藏春光/南湖与蓝天白云相映成趣，随手一拍即大片&全程1V1线上管家服务·出行无忧『可加购金牌导游讲解』","tags":["可加购导游服务","无购物","无自费","成团保障","动车高铁游","梯田","赠取消险","赏油菜花","古镇古村","车型可选"],"sellNum":"已售111人"},{"id":"37174687","title":"江西婺源+三清山+望仙谷+葛仙村度假区5日4晚私家团","subTitle":"【赠围炉煮茶 3晚住在风景里+璀璨三大夜景 】篁岭赏花+李坑+江湾+晓起/江岭梯田花海 1晚宿望仙景区内&房型任选 &葛仙村演出| 望仙谷|三清山奇峰怪石 刷爆朋友圈 ","tags":["无购物","成团保障","动车高铁游","赏油菜花","宗祠","车型可选"],"sellNum":"已售12人"}],[{"id":"37125116","title":"黄山+婺源+千岛湖景区5日4晚私家团","subTitle":"【1单1团·专享旅程】自选市区商圈5钻·逛吃方便+1晚夜宿黄山@醉卧山水-手可摘星辰 | 分2天环游黄山风景区&看日出日落 奇松怪石 梯田古村|篁岭『24H接送站1V1管家服务』大交通可选","tags":["可加购导游服务","无购物","无自费","成团保障","梯田","深度登山","赏油菜花","车型可选","自选酒店"],"sellNum":"已售9人"},{"id":"35249993","title":"江西婺源+三清山+望仙谷4日3晚私家团","subTitle":"私享微度假·一单一团||畅游仙侠望仙谷【全程5钻酒店 2晚婺源+1晚三清山】【可选升级商务车】篁岭鲜花小镇&月亮湾竹筏泛舟 仙山云海奇峰怪石【三清山】婺源进上饶出·不走回头路","tags":["无购物","成团保障","动车高铁游","梯田","赏花","车型可选"],"sellNum":"已售8人"},{"id":"34490312","title":"江西南昌+庐山+景德镇+婺源+三清山+望仙谷6日5晚私家团","subTitle":"【纯玩私家服务·车型任选】门票&景区缆车全含/悬崖仙侠小镇望仙谷+仙境三清山+古村篁岭赏花+奇秀庐山/一单一团/专车专导/24H免费接送站/机  多人预定更优惠","tags":["无购物","无自费","成团保障","梯田","赏油菜花","车型可选"],"sellNum":"已售7人"},{"id":"31645814","title":"户外探索·黄山+宏村+婺源5日4晚私家团","subTitle":"【温泉赏花】【竹海汤泉·诗莉莉温泉酒店+徽派文化美宿·开元颐居+私家定制&专车】—黄山缆车&西海大峡谷网红火车，住山顶观日出云海+塔川徒步+高空索道观万亩梯田花海","tags":["无购物","无自费","成团保障","登山体验","梯田","赏油菜花","古镇古村","车型可选","温泉酒店","入住精品民宿"],"sellNum":"已售6人"},{"id":"37120217","title":"黄山+婺源+千岛湖+西递+宏村景区7日6晚私家团","subTitle":"全景徽州【1单1团·专享旅程】自选市区商圈5钻·逛吃方便+1晚夜宿黄山@醉卧山水-手可摘星辰-奇山秀水千岛湖·人文西递-水墨宏村『赠24H接送站+1V1管家服务』大交通可选","tags":["无购物","无自费","成团保障","梯田","湖泊","深度登山","赏油菜花","车型可选","自选酒店"],"sellNum":"已售5人"},{"id":"31665922","title":"户外探索·宏村+婺源+塔川+葛仙村度假区5日4晚私家团","subTitle":"【温泉赏花】【隐奢徽州古宅·厚塘庄园+诗莉莉竹海温泉酒店+葛仙村观景酒店·轻奢洗心院+私家定制&专车】—教练指导庄园骑马+索道观篁岭万亩梯田花海+赠摄影师旅拍","tags":["无购物","无自费","成团保障","梯田","赏油菜花","古镇古村","车型可选","温泉酒店","入住精品民宿"],"sellNum":"已售4人"},{"id":"34807459","title":"江西南昌+庐山+婺源+黄山5日4晚私家团","subTitle":"『宿香拉喜来登等集团酒店全程5钻』〖享4成人立减3200/单〗『资深导游&私密游玩赏高山云海&赣皖联游&黄山宏村 &云边梯田花海晒秋篁岭&一价全含』全程5钻住宿&24H接送机站","tags":["无购物","无自费","成团保障","梯田","赏油菜花","古镇古村"],"sellNum":"已售4人"},{"id":"32918393","title":"江西婺源+三清山4日3晚私家团","subTitle":"篁岭晒秋  婺源全景游 『岭上三清』篁岭|+水口雨林+晒秋民俗+悬浮屋  三清仙境 『宿』3晚连住 婺源品牌5钻『24H接送站+私家司导』景点可调 车型可选","tags":["无购物","无自费","成团保障","动车高铁游","赏花","车型可选"],"sellNum":"已售4人"},{"id":"31683726","title":"黄山+婺源+宏村+西递+千岛湖+九华山7日6晚私家团","subTitle":"榜单热卖 奢遇皖赣 1单1团·VIP包车环游·全景徽州 丰田/别克/考斯特高端用车+严选5钻品牌酒店 门票全含『篁岭晒秋·赠千米索道+黄山＆九华山登顶』24h接送站/管家1对1","tags":["可加购导游服务","无购物","无自费","成团保障","登山难度2星","梯田","湖泊","赏油菜花","古镇古村","游船体验","禅院","宗祠"],"sellNum":"已售4人"},{"id":"33605069","title":"江西婺源+望仙谷3日2晚私家团","subTitle":"私享慢游微度假||景区内房型可选 畅游篁岭+望仙谷双夜景  一单一团·专属用车·网红望仙谷夜景·逛篁岭赏晒秋·打卡青春环游同款||望仙谷 千年古镇江湾 月亮湾竹筏泛舟 婺源进上饶出","tags":["无购物","成团保障","动车高铁游","梯田","赏油菜花","车型可选"],"sellNum":"已售3人"},{"id":"38179631","title":"江西葛仙村度假区+望仙谷+婺源篁岭4日3晚私家团","subTitle":"逛篁岭赏梯田油菜花· 网红望仙谷夜景 ·过两天神仙日子|葛仙村+望仙谷+畅游篁岭三夜景 |葛仙村景区  |全程宿景区内亲子房&房型可选  一单一团·专属用车 |","tags":["无购物","成团保障","亲子甄选","动车高铁游","赏油菜花","古镇古村","车型可选"],"sellNum":"已售3人"},{"id":"36141283","title":"九华山+西递+宏村+婺源篁岭6日5晚私家团","subTitle":"『1单1团&夜宿九华+严选高口碑酒店 | 奢遇徽州·篁岭梯田「崖上古村/鲜花小镇·梯田花海/赠千米观光缆车」人文西递 水墨宏村 看尽人间烟火 |赠【24H接送站+1v1管家服务】","tags":["无购物","无自费","成团保障","梯田","宗祠","赏桂花","博物馆","车型可选"],"sellNum":"已售3人"},{"id":"37826215","title":"黄山风景区+婺源+千岛湖+宏村+西递6日5晚私家团","subTitle":"【黄婺千全景游】1人可订多人价更优【全程市中心酒店不挪窝·优选双老街商圈】登黄山仙境(赠上行景交)·船游千岛湖(赠船票)·探崖上古村篁岭(赠往返索道)·漫游宏村西递","tags":["可加购导游服务","无购物","无自费","成团保障","3期免息","6期免息","登山体验","梯田","赠取消险","赏油菜花","游船体验","车型可选"],"sellNum":"已售17人"},{"id":"36679652","title":"江西婺源+三清山+望仙谷5日4晚私家团","subTitle":"览夏私享·1晚望仙谷仙宿房型任选+3晚三清山希尔顿连住 夜宿仙宿畅游仙侠望仙谷日夜 篁岭鲜花小镇&月亮湾竹筏泛舟 仙山云海奇峰怪石【三清山】上饶进出·不走回头路 一单一团 ","tags":["无购物","成团保障","梯田","赠取消险","赏花","游船体验","车型可选"],"sellNum":"已售3人"},{"id":"32768885","title":"江西婺源+三清山风景区4日3晚私家团","subTitle":"【踏春·赏花·寻仙】江岭赏万亩油菜花+庆源古村+深山进士村理坑+严田千年古樟+察关『赠全景缆车』观奇峰劲松【隐居田园·徽派阅徽堂+山中希尔顿·枕云而居】多人立减·专车+24h接送站","tags":["无购物","无自费","成团保障","赏油菜花","自选酒店"],"sellNum":"已售2人"},{"id":"23712576","title":"江西婺源3日2晚私家团","subTitle":"甄选两晚宿景区内【 1单1团·多人价更优】宿喆啡酒店 赠梦里老家大型山水实景演出  篁岭景区内篁岭晒秋网红民宿   慢赏鲜花小镇篁岭  可选三清山或婺源全景或五龙源漂流","tags":["无购物","成团保障","双酒店","动车高铁游","梯田","赏油菜花","古镇古村","特色表演","车型可选","漂流"],"sellNum":"已售2人"},{"id":"34330009","title":"黄山风景区+婺源+千岛湖+宏村6日5晚私家团","subTitle":"【山水之恋·初游优选】1人可订多人立减『1晚宿黄山顶+4晚市区性价比酒店·优选黎阳/老街商圈』从梦幻黄山到柔情千岛湖，从网红篁岭到画里徽州的宏村的全景之旅【出行无忧】","tags":["无购物","无自费","成团保障","双酒店","登山体验","梯田","赏油菜花","游船体验","车型可选","住黄山山顶"],"sellNum":"已售14人"},{"id":"32938554","title":"江西婺源+三清山3日2晚私家团","subTitle":"梯田人家|赠索道 ·5钻品牌酒店房型任选『宝藏篁岭』梯田+花溪水街+悬浮怪屋【游】水墨上河+月亮湾|竹筏泛舟·落日余晖+三清山|仙境云海","tags":["无购物","成团保障","亲子甄选","动车高铁游","观日落","赏油菜花","游船体验","车型可选"],"sellNum":"已售2人"},{"id":"28572099","title":"宏村+婺源篁岭+新安江山水画廊3日2晚私家团","subTitle":"【 徽州全景·1人起订】升级5钻高网评酒店市区优先栢景+宏村奇墅湖 门票景交全含 赠篁岭往返缆车 24小时行程服务【专属用车 私家导游可选1单1团 】","tags":["无购物","无自费","成团保障","动车高铁游","梯田","赏油菜花","古镇古村"],"sellNum":"已售2人"},{"id":"38000382","title":"黄山风景区+宏村+西递+婺源篁岭5日4晚私家团","subTitle":"高端定制【1单1团·专享旅程】【门票全含+黄山上行景交+篁岭往返索道+4晚市区4钻】 环游黄山风景区&看日出日落 梯田古村|篁岭『24H接送站+1V1管家服务』可加购导游讲解","tags":["无购物","成团保障","登山难度2.5星","梯田","赏油菜花","车型可选"],"sellNum":"已售2人"}],[{"id":"34409509","title":"宏村+婺源2日1晚私家团","subTitle":"【嗨FUN周末•徽州赏花】1人可订多人多优惠『AB线市区指定酒店/CD线市区酒店随心选』从画里宏村• 山水如墨染 到 婺源篁岭•崖上古村 油菜花海『全程1V1线上管家服务+出行无忧』","tags":["可加购导游服务","无购物","无自费","成团保障","动车高铁游","梯田","赠取消险","赏油菜花","车型可选"],"sellNum":"已售2人"},{"id":"34409509","title":"宏村+婺源2日1晚私家团","subTitle":"【嗨FUN周末•徽州赏花】1人可订多人多优惠『AB线市区指定酒店/CD线市区酒店随心选』从画里宏村• 山水如墨染 到 婺源篁岭•崖上古村 油菜花海『全程1V1线上管家服务+出行无忧』","tags":["可加购导游服务","无购物","无自费","成团保障","动车高铁游","梯田","赠取消险","赏油菜花","车型可选"],"sellNum":"已售2人"},{"id":"37879916","title":"南昌+景德镇+庐山风景名胜区+婺源风景区6日5晚私家团","subTitle":"【名山.古村 · 私游】炊烟古镇 + 篁岭 · 檐下晒秋 『梦里老家』重回古徽州·小桥流水庐山·飞瀑+瓷都·景德镇+白墙黛瓦·婺源『24H接送机/站』赠-滕王阁","tags":["无购物","无自费","成团保障","瀑布","梯田","赏油菜花","赏桃花","古镇古村","博物馆","车型可选","自选酒店"],"sellNum":"已售2人"},{"id":"39186901","title":"宏村+西递+婺源篁岭+徽州古城+呈坎+屏山村+卢村5日4晚私家团","subTitle":"高端定制【1单1团·专享旅程】【门票全含+3晚屯溪市区4钻+1晚夜宿宏村】皖南古村 | 梯田人家|篁岭『24H接送站+1V1管家服务』可加购导游讲解","tags":["无购物","成团保障","动车高铁游","梯田","赏油菜花","夜宿宏村","自选酒店"],"sellNum":"已售2人"},{"id":"35147880","title":"黄山+婺源篁岭+宏村4日3晚私家团","subTitle":"【徽州景正盛】1人可订多人多优惠&1晚黄山山顶·携云海揽日落+2晚市区品牌商旅酒店&藏在山林与徽派古村中的绚丽景色·小桥·流水·高山·黛瓦『1V1全程管家服务·出行无忧』可加购导游讲解","tags":["可加购导游服务","无购物","无自费","成团保障","双酒店","登山体验","梯田","赏油菜花","古镇古村","车型可选","住黄山山顶"],"sellNum":"已售2人"},{"id":"39261205","title":"黄山+婺源+西递+宏村5日4晚私家团","subTitle":"【1单1团·专享旅程·夜宿篁岭&宏村&黄山】酒店房型任选 『感受徽州美景白天和黑夜的双重碰撞&邂逅黄山|观日出日落·奇松怪石&诗画宏村·烟雨江南&婺源篁岭·创意晒秋』出行无忧","tags":["无购物","无自费","成团保障","梯田","深度登山","赏油菜花","车型可选","夜宿宏村","自选酒店","住黄山山顶"],"sellNum":"已售2人"},{"id":"27707758","title":"黄山风景区+婺源篁岭+宏村5日4晚私家团","subTitle":"徽州全景游·提前5天减150元/人『2晚宿在风景里·1晚宏村景区内+1晚宿黄山顶』环线游黄山&携云海赏日出日落+崖上古村&鲜花小镇+画里人家&白墙黛瓦【出行无忧·1V1管家服务】","tags":["无购物","无自费","成团保障","3期免息","6期免息","登山体验","梯田","赠取消险","赏油菜花","古镇古村","车型可选","住黄山山顶"],"sellNum":"已售6人"},{"id":"27707758","title":"黄山风景区+婺源篁岭+宏村5日4晚私家团","subTitle":"徽州全景游·提前5天减150元/人『2晚宿在风景里·1晚宏村景区内+1晚宿黄山顶』环线游黄山&携云海赏日出日落+崖上古村&鲜花小镇+画里人家&白墙黛瓦【出行无忧·1V1管家服务】","tags":["无购物","无自费","成团保障","3期免息","6期免息","登山体验","梯田","赠取消险","赏油菜花","古镇古村","车型可选","住黄山山顶"],"sellNum":"已售6人"},{"id":"29256517","title":"黄山+婺源+宏村+西递+千岛湖6日5晚私家团","subTitle":"【老友记 奢遇皖赣】徽州经典 VIP包车串游·商圈5钻连住不折腾/含黄山索道 赠云巅下午茶「黄山赏奇松云海 船游千岛湖 西递/宏村品小城往事」徽派特色餐|取消险|管家服务1V1","tags":["可加购导游服务","无购物","无自费","成团保障","登山体验","梯田","湖泊","赠取消险","赏油菜花","古镇古村","宗祠","车型可选","自选酒店","海鲜餐","徽菜"],"sellNum":"已售2人"},{"id":"32356968","title":"江西婺源+三清山+景德镇4日3晚私家团","subTitle":"花期已至 春季赏油菜花海 | 全城酒店&房型可选『瓷都』景德镇古窑 · 活着的瓷器制造史『古徽州』篁岭梯田晒秋+李坑古民居『三清山』不走回头路观奇石","tags":["无购物","无自费","成团保障","亲子甄选","3期免息","登山体验","梯田","赏油菜花","车型可选","自选酒店"],"sellNum":"已售4人"}]]