[[{"id":"34019325","title":"上海+上海迪士尼度假区4日3晚私家团","subTitle":"《立减666/人+赠花车巡游前排位&VR体验》2晚迪士尼周边+1晚市区【含】迪士尼1日入园+园内导游+市区1日包车(升级10小时·可选自然博物馆/东珠/浦江游览/武康路)含大交通","tags":["无购物","无自费","成团保障","双酒店","迪士尼乐园","车型可选","自选酒店"],"sellNum":"已售370人"},{"id":"36252800","title":"上海+迪士尼（Disney）3日2晚私家团","subTitle":"赠花车巡游前排位&园区导览【轻松畅玩迪士尼】迪士尼商圈2晚连住【专属】管家在线指导游玩攻略+专车接送【可加购】导游/旅拍/VIP8<含大交通>","tags":["可加购导游服务","无购物","无自费","成团保障","亲子甄选","3期免息","迪士尼乐园","特色表演","车型可选","自选酒店"],"sellNum":"已售191人"},{"id":"33862819","title":"上海+迪士尼（Disney）3日2晚私家团","subTitle":"赠迪士尼玩偶公仔钥匙圈【特享8项VIP快速通道+VIP烟花位】度假区酒店2晚+专车接送【专享】迪士尼达人导游带玩【可选】乐园内旅拍【含大交通】亲子闺蜜","tags":["无购物","无自费","成团保障","3期免息","赠取消险","迪士尼乐园","特色表演","车型可选","自选酒店"],"sellNum":"已售166人"},{"id":"40883259","title":"上海迪士尼（Disney）5日4晚私家团","subTitle":"《欢乐立减666/人+赠花车巡游前排位》宿-2晚迪士尼周边+2晚市区【含】迪士尼1日票【可加购导游/8项VIP】市区1日包车(升级10小时·行程可选自博馆/东珠/浦江游览/武康路）含大交通","tags":["可加购导游服务","无购物","无自费","成团保障","亲子甄选","双酒店","迪士尼乐园","车型可选","自选酒店"],"sellNum":"已售12人"},{"id":"36297581","title":"华东4市+迪士尼（Disney）5日4晚私家团","subTitle":"【赠花车巡游前排位+立减666/人】宿2晚上海+1晚乌镇+1晚杭州『游』乐园“天花板”迪士尼+魔都经典外滩/南京路/城隍庙+苏州拙政园+乌镇西栅+杭州:西湖/灵隐寺/雷峰塔!含大交通","tags":["可加购导游服务","无购物","无自费","成团保障","寺院祈福","古镇古村","迪士尼乐园","西湖游船","车型可选","自选酒店"],"sellNum":"已售24人"},{"id":"41773150","title":"杭州+乌镇+苏州+上海+迪士尼（Disney）5日4晚私家团","subTitle":"【立减666/人】宿-1晚杭州+1晚乌镇+2晚上海『游』杭州:西湖/灵隐寺/雷峰塔+乌镇:西栅+苏州:拙政园+乐园“天花板”:迪士尼+魔都经典:外滩/南京路/城隍庙!含大交通","tags":["可加购导游服务","无购物","无自费","成团保障","寺院祈福","古镇古村","迪士尼乐园","西湖游船","车型可选","自选酒店"],"sellNum":"已售7人"},{"id":"30926923","title":"上海迪士尼（Disney）5日4晚私家团","subTitle":"《欢乐立减666/人+赠花车巡游前排位》2晚迪士尼周边 +2晚市区【含】迪士尼1日票+园内导游【可加购8项VIP】市区1日包车(10小时·可选自然博物馆/东珠/浦江游览/武康路)含大交通","tags":["无购物","无自费","成团保障","亲子甄选","双酒店","赠取消险","迪士尼乐园","车型可选","自选酒店"],"sellNum":"已售112人"},{"id":"28214534","title":"上海迪士尼（Disney）3日私家团","subTitle":"立减666/人+赠花车巡游前排位&VR体验【尊享8项VIP+专属烟花位】2晚连住迪士尼度假区酒店(可选官方酒店提前入园)【含】迪士尼1日入园+8小时导游【行】专车+管家!可加购一日游!含大交通","tags":["无购物","无自费","成团保障","亲子甄选","迪士尼乐园","特色表演","车型可选","自选酒店"],"sellNum":"已售58人"},{"id":"38011159","title":"上海+迪士尼（Disney）5日4晚私家团","subTitle":"赠花车巡游前排位&园区导览服务【亲子·轻松畅玩迪士尼】迪士尼商圈2晚+市区2晚【享】1v1管家在线指导游玩攻略【专车】接送机+1日市区包车【可加购】旅拍/导游/VIP8【含大交通】","tags":["可加购导游服务","无购物","无自费","成团保障","亲子甄选","3期免息","6期免息","双酒店","迪士尼乐园","特色表演","车型可选","自选酒店"],"sellNum":"已售63人"},{"id":"29417616","title":"上海+迪士尼（Disney）4日3晚私家团","subTitle":"赠花车巡游第一排占位&VR体验【免攻略畅游迪士尼】迪士尼2晚+市区1晚【专享】迪士尼导游带玩【专车】接送机+1日包车行程可选【可加购】VIP8/旅拍/疯狂动物城快通<含大交通>","tags":["无购物","无自费","成团保障","3期免息","双酒店","迪士尼乐园","特色表演","车型可选","自选酒店"],"sellNum":"已售310人"},{"id":"29874714","title":"上海迪士尼（Disney）3日私家团","subTitle":"【赠花车巡游前排位&VR体验+立减666/人】宿迪士尼周边2晚(可选官方酒店提前入园)【含】迪士尼1日入园·勇闯疯狂动物城【可加购】园内导游/8项VIP&一日游【专车接送+管家服务】含大交通","tags":["可加购导游服务","无购物","无自费","成团保障","亲子甄选","赠取消险","迪士尼乐园","车型可选","自选酒店"],"sellNum":"已售40人"},{"id":"36373104","title":"上海+迪士尼（Disney）4日3晚私家团","subTitle":"赠花车巡游前排位&园区导览服务【酒店&行程随心配·亲子畅游】迪士尼2晚+市区1晚【专车】接送+市区1日包车行程可选【享】管家在线指导游玩攻略【可加购】导游/旅拍/VIP8【含大交通","tags":["可加购导游服务","无购物","无自费","成团保障","亲子甄选","3期免息","双酒店","迪士尼乐园","特色表演","车型可选","自选酒店"],"sellNum":"已售19人"},{"id":"40601681","title":"上海迪士尼（Disney）3日2晚私家团","subTitle":"《赠花车巡游前排位+欢乐立减666/人》入住2晚迪士尼周边酒店【享受】迪士尼1日无限次入园+园内导游陪同【可加购：8项VIP/市区包车/一日游】含大交通","tags":["无购物","无自费","成团保障","迪士尼乐园","特色表演","车型可选","自选酒店"],"sellNum":"已售4人"},{"id":"29463579","title":"上海+迪士尼（Disney）5日4晚私家团","subTitle":"赠花车巡游第一排占位【免攻略畅游迪士尼】迪士尼2晚+市区2晚【专享】导游带玩不做攻略【专车】接送+1日市区包车【行程可选】可加旅拍/包车/VIP8<含大交通>","tags":["无购物","无自费","成团保障","3期免息","6期免息","双酒店","赠取消险","迪士尼乐园","特色表演","车型可选","自选酒店"],"sellNum":"已售116人"},{"id":"36789179","title":"华东4市+迪士尼（Disney）6日5晚私家团","subTitle":"【亲子迪士尼 经典华东】宿-1晚南京+1晚无锡+1晚苏州+2晚上海【游】中山陵+总统府+夜游秦淮+ 灵山大佛+拈花湾+拙政园+外滩+梦幻迪士尼（夜赏烟花秀）【享】跨城包车 +线上管家","tags":["无购物","无自费","成团保障","亲子甄选","宫殿","迪士尼乐园","特色表演","博物馆","车型可选","夜宿拈花湾"],"sellNum":"已售5人"},{"id":"40453929","title":"上海迪士尼（Disney）3日私家团","subTitle":"【Premium系列|迪士尼2次入园+VIP快速通道+专属烟花位+旅拍2小时】宿-迪士尼乐园酒店（专属通道优先入园）+园内导游陪伴·含迪士尼午餐安排【专车】商务/豪华车可选·含大交通","tags":["私家团Premium","无购物","无自费","成团保障","亲子甄选","赠取消险","随行旅拍","迪士尼乐园","特色表演","车型可选","入住亲子榜单酒店"],"sellNum":"已售2人"},{"id":"30910016","title":"上海+迪士尼（Disney）3日2晚私家团","subTitle":"赠花车巡游前排位&春节立减200元/成人【二日入园<第一&第二天入园>·免攻略畅玩乐园】迪士尼商圈2晚【专享】1日迪士尼导游带玩【可加购】旅拍/VIP8/疯狂动物城快通【含大交通】","tags":["无购物","无自费","成团保障","亲子甄选","3期免息","赠取消险","迪士尼乐园","车型可选","自选酒店"],"sellNum":"已售6人"},{"id":"40794428","title":"上海迪士尼度假区+上海自然博物馆+浦江游览+外滩4日3晚私家团","subTitle":"亲子爆品【畅玩】上海Disney+跟着《繁花》打卡老上海+探索自然博物馆0购物 自选精品酒店|10人小包团 夜游黄浦江|感受魔都的风|专车接送站/机","tags":["无购物","成团保障","迪士尼乐园","博物馆讲解","车型可选","自选酒店"],"sellNum":"已售3人"},{"id":"36303510","title":"上海+迪士尼（Disney）+乌镇+杭州6日5晚私家团","subTitle":"欢乐立减666/人【深度上乌杭】宿-2晚上海+1晚乌镇+2晚杭州『游』魔都经典:迪士尼/外滩/南京/城隍庙+水乡\"天花板\"乌镇+杭州:西湖/雷峰塔/灵隐寺/宋城千古情/西溪湿地！","tags":["可加购导游服务","无购物","无自费","成团保障","湿地","寺院祈福","古镇古村","迪士尼乐园","特色表演","西湖游船","车型可选","自选酒店"],"sellNum":"已售24人"},{"id":"40835130","title":"上海迪士尼（Disney）3日私家团","subTitle":"【赠花车巡游前排位+欢乐立减666/人】宿-1晚迪士尼周边酒店+1晚市区【含】迪士尼1日入园·勇闯“疯狂动物城”+市区10小时包车(行程N选1)【可加购】园内导游&8项VIP【行】专车+管家!","tags":["可加购导游服务","无购物","无自费","成团保障","亲子甄选","双酒店","迪士尼乐园","车型可选","自选酒店"],"sellNum":"已售4人"}],[{"id":"30993814","title":"上海+苏州+杭州+无锡+南京+乌镇5日4晚私家团","subTitle":"1单1团/多人更优惠 专车出行『5钻严选宿乌镇+升级1晚网红拈花湾客栈&上海南京路商圈5钻』祈灵山  禅夜秀【情迷三水乡 乌镇+南浔+西塘】9大5A景点&双夜游 交通任选","tags":["无购物","无自费","成团保障","宫殿","游船体验","车型可选","夜宿拈花湾","入住精品民宿","东坡宴","乾隆御茶宴"],"sellNum":"已售45人"},{"id":"36310847","title":"华东5市+迪士尼（Disney）6日5晚私家团","subTitle":"欢乐立减666/人【全景华东】宿2晚上海+1晚无锡+1晚乌镇+1晚杭州『游』魔都经典:迪士尼/外滩/南京路/城隍庙+苏州:拙政园/寒山寺+无锡拈花湾+乌镇+杭州:西湖/雷峰塔/灵隐寺","tags":["可加购导游服务","无购物","无自费","成团保障","寺院祈福","迪士尼乐园","西湖游船","车型可选","夜宿拈花湾"],"sellNum":"已售20人"},{"id":"30907247","title":"上海+迪士尼（Disney）3日2晚私家团","subTitle":"赠花车巡游前排占位【亲子同乐·免攻略畅游迪士尼】住迪士尼商圈2晚·可选官方主题酒店【专享】导游入园带玩免做攻略+线上管家【赠VR体验】<含大交通>","tags":["无购物","无自费","成团保障","亲子甄选","3期免息","赠取消险","迪士尼乐园","特色表演","车型可选","自选酒店"],"sellNum":"已售44人"},{"id":"34276280","title":"上海+无锡+苏州+杭州+乌镇6日5晚私家团","subTitle":"私家出行 1单1团 纯玩无购物『VIP私人定制』保证宿【拈花湾+西栅双客栈+南京路商圈5星酒店】专车接送/景点可调/自在出游/家庭出行 多人更优惠 交通任选","tags":["无购物","无自费","成团保障","西湖游船","车型可选","夜宿拈花湾","夜宿乌镇","入住精品民宿"],"sellNum":"已售16人"},{"id":"28403162","title":"上海+迪士尼（Disney）3日2晚私家团","subTitle":"【Premium系列·迪士尼2次入园+VIP8】官方乐园酒店2晚 含早<享优先入园>+VIP烟花位+导游入园9小时陪同带玩【奔驰专车+迪士尼2小时旅拍】含城堡皇家宴会厅<欢迎晚宴>【含大交通】","tags":["私家团Premium","无购物","无自费","成团保障","亲子甄选","3期免息","赠取消险","随行旅拍","迪士尼乐园","特色表演","车型可选","入住亲子榜单酒店"],"sellNum":"已售20人"},{"id":"21642636","title":"华东5市+乌镇6日5晚私家团","subTitle":"人多均价低『1家人1辆车 专属1v1服务』中山陵&总统府&拙政园&灵山大佛&拈花湾&灵隐寺&乌镇&西湖【指定双客栈 无锡拈花湾 乌镇客栈 内外自选】五星旅行社｜24H管家服务 自选交通","tags":["无购物","无自费","成团保障","博物馆","车型可选","夜宿拈花湾"],"sellNum":"已售15人"},{"id":"38563903","title":"苏州+乌镇+杭州+上海6日5晚私家团","subTitle":"《漫品华东·江南+迪士尼》【游】拙政园+苏州博物馆（优先新馆）+乌镇+西溪湿地+灵隐寺+迪士尼（烟花秀）【行】跨城专车【宿】1晚苏州+1晚乌镇+1晚杭州+2晚上海#甄选携程榜单酒店#","tags":["可加购导游服务","无购物","成团保障","湿地","寺院祈福","迪士尼乐园","博物馆","车型可选"],"sellNum":"已售12人"},{"id":"31013522","title":"上海+迪士尼（Disney）4日3晚私家团","subTitle":"【Premium系列·迪士尼2次入园+市区1晚】VIP快速通道+优先入园+VIP烟花位+专属导游〖市区1晚+迪士尼乐园2晚+奔驰专车+2小时旅拍〗含城堡皇家宴会厅<欢迎晚宴>【含大交通】","tags":["私家团Premium","无购物","无自费","成团保障","亲子甄选","3期免息","双酒店","赠取消险","随行旅拍","迪士尼乐园","特色表演","车型可选","入住亲子榜单酒店"],"sellNum":"已售10人"},{"id":"37840970","title":"华东5市+迪士尼（Disney）7日6晚自由行","subTitle":"《全景华东包车游@迪士尼 双飞》跨城包车随行【玩】迪士尼（夜赏烟花秀）/外滩+拙政园+拈花湾+乌镇+西湖/雷峰塔/灵隐寺+中山陵/夫子庙【住】2上海+1杭州+1乌镇+1无锡+1南京","tags":["夜宿拈花湾","包车游","迪士尼乐园","西湖游船"],"sellNum":"已售9人"},{"id":"31013953","title":"上海+迪士尼（Disney）5日4晚私家团","subTitle":"【Premium系列·迪士尼2次入园+市区2晚】VIP快速通道+优先入园+VIP烟花位+专属导游〖市区2晚+迪士尼乐园2晚+奔驰专车+2小时旅拍〗含城堡皇家宴会厅<欢迎晚宴>【含大交通】","tags":["私家团Premium","无购物","无自费","成团保障","亲子甄选","3期免息","6期免息","双酒店","赠取消险","随行旅拍","迪士尼乐园","特色表演","车型可选","入住亲子榜单酒店"],"sellNum":"已售9人"},{"id":"36568646","title":"上海+苏州+杭州+无锡+南京+乌镇+上海迪士尼度假区6日5晚私家团","subTitle":"私家出行 1单1团 『5钻品牌酒店+升级拈花湾客栈&双夜游』祈灵山 品留园【情迷三水乡：乌镇+南浔+西塘】赠古镇游船 畅游迪士尼 多人更优惠 交通任选","tags":["无购物","无自费","成团保障","亲子甄选","宫殿","游船体验","迪士尼乐园","车型可选","夜宿拈花湾","入住精品民宿","东坡宴","乾隆御茶宴"],"sellNum":"已售7人"},{"id":"38749834","title":"南京+无锡+苏州+上海6日5晚私家团","subTitle":"【漫品华东】5钻榜单酒店【游】中山陵+总统府+夜游秦淮+ 灵山大佛+拈花湾+拙政园+外滩+南京路+豫园+东方明珠【享】跨城包车+24H线上行程管家","tags":["可加购导游服务","无购物","无自费","成团保障","宫殿","博物馆","车型可选","夜宿拈花湾"],"sellNum":"已售6人"},{"id":"37553404","title":"华东4市+迪士尼（Disney）6日5晚自由行","subTitle":"《全景华东@迪士尼 双飞》跨城包车随行【玩】迪士尼（夜赏烟花秀）/外滩/南京路/城隍庙+拙政园/寒山寺+拈花湾+乌镇+西湖/雷峰塔/灵隐寺【住】2晚上海+1晚无锡+1晚乌镇+1晚杭州","tags":["夜宿拈花湾","包车游","迪士尼乐园","西湖游船"],"sellNum":"已售6人"},{"id":"36309945","title":"上海+苏州+无锡+乌镇+杭州5日4晚私家团","subTitle":"【全程包车】宿-1晚上海+1晚无锡+1晚乌镇+1晚杭州#甄选榜单酒店『游』魔都经典:外滩/南京路/城隍庙+苏州:拙政园/寒山寺+无锡:夜宿拈花湾+水乡乌镇+杭州:西湖/灵隐寺/雷峰塔","tags":["可加购导游服务","无购物","无自费","成团保障","寺院祈福","西湖游船","车型可选","夜宿拈花湾"],"sellNum":"已售6人"},{"id":"34201486","title":"上海+迪士尼度假区3日2晚私家团","subTitle":"亲子游【私享系列·迪士尼2次入园】迪士尼乐园酒店2晚+专车服务 一车到底|迪士尼酒店专属特权优先入园+享8项VIP快速通道+VIP烟花位 私家出行【多人更优惠】多交通可选","tags":["无购物","无自费","成团保障","亲子甄选","迪士尼乐园","特色表演","车型可选","全程金铂钻酒店","入住亲子榜单酒店"],"sellNum":"已售3人"},{"id":"36792504","title":"华东4市+迪士尼（Disney）6日5晚私家团","subTitle":"【亲子迪士尼 经典华东】5钻榜单酒店【游】中山陵+总统府+夜游秦淮+ 灵山大佛+拈花湾+拙政园+外滩+南京路+梦幻迪士尼（夜赏烟花秀）【享】跨城包车+24H线上行程管家","tags":["无购物","无自费","成团保障","亲子甄选","宫殿","迪士尼乐园","特色表演","博物馆","车型可选","夜宿拈花湾"],"sellNum":"已售8人"},{"id":"27284881","title":"上海+苏州+寒山寺+拙政园+乌镇+杭州+西湖风景名胜区5日4晚私家团","subTitle":"【诗画江南美如画，拈花一笑待君来】· 提灯夜游乌镇 · 走进烟雨江南 · 漫步风月西湖 · 一单一团 · 告别等待 · 24小时接送机/站服务","tags":["可加购导游服务","无购物","无自费","成团保障","寺院祈福","古镇古村","特色表演","西湖游船","车型可选"],"sellNum":"已售3人"},{"id":"36554537","title":"上海+苏州+杭州+无锡+南京+乌镇+上海迪士尼度假区6日5晚私家团","subTitle":"私家出行 1单1团 『5钻品牌酒店+升级拈花湾客栈&双夜游』祈灵山 品留园【情迷三水乡】嗨翻迪士尼:含VIP-乐园：8项快通+导览 多人更优惠 交通任选","tags":["无购物","无自费","成团保障","亲子甄选","宫殿","迪士尼乐园","车型可选","夜宿拈花湾","入住精品民宿","东坡宴","乾隆御茶宴"],"sellNum":"已售3人"},{"id":"31238553","title":"上海+迪士尼（Disney）3日2晚私家团","subTitle":"【迪士尼VIP快速+乐高探索中心·亲子同乐】迪士尼度假区1晚+市区1晚5钻酒店【专享】入园导游带玩+VIP快速通道+VIP烟花【益智】积木乐园探索【专车服务】多人更优惠【含大交通】","tags":["无购物","无自费","成团保障","亲子甄选","3期免息","双酒店","赠取消险","迪士尼乐园","乐高乐园","车型可选","自选酒店"],"sellNum":"已售3人"},{"id":"35597898","title":"上海+苏州+无锡+扬州+南京+乌镇+西塘+周庄12日11晚私家团","subTitle":"环游江南渔米之乡【全程奢宿·专车】『赠黄浦江游船』东方明珠塔+迪士尼 | 访名园+西津渡古街+瘦西湖 | 灵山大佛+拈花湾+鼋头渚 | 画舫秦淮河+总统府+牛首山","tags":["无购物","无自费","成团保障","湖泊","宫殿","迪士尼乐园","宗祠","博物馆","车型可选","夜宿拈花湾","夜宿乌镇"],"sellNum":"已售2人"}],[{"id":"29920178","title":"上海+苏州+寒山寺+拙政园+乌镇+杭州+西湖风景名胜区6日5晚私家团","subTitle":"【诗画江南美如画，拈花一笑待君来】· 提灯夜游乌镇 · 走进烟雨江南 · 漫步风月西湖 · 一单一团  · 24小时接送机/站服务","tags":["可加购导游服务","无购物","无自费","成团保障","寺院祈福","特色表演","西湖游船","车型可选","夜宿拈花湾","入住精品民宿"],"sellNum":"已售2人"},{"id":"34928621","title":"上海+苏州+无锡+乌镇+杭州7日6晚私家团","subTitle":"《迪士尼@深游小华东》4城酒店体验+换城全程包车 不挤高铁『游』上海:迪士尼/外滩/东方明珠+苏州:拙政园/寒山寺+无锡:拈花湾+乌镇西栅+杭州:西湖/灵隐寺/雷峰塔!飞机/高铁可选","tags":["可加购导游服务","无购物","无自费","成团保障","寺院祈福","迪士尼乐园","车型可选","夜宿拈花湾"],"sellNum":"已售2人"},{"id":"32293208","title":"上海+迪士尼（Disney）3日2晚私家团","subTitle":"【高端臻享·迪士尼2次入园+自然博物馆深度讲解】专享15项VIP卡+VIP烟花+优先入园特权〖迪士尼酒店2晚+奔驰专车〗含城堡皇家宴会厅晚餐+绚景楼<欢迎晚宴>【含大交通】","tags":["无购物","无自费","成团保障","亲子甄选","3期免息","迪士尼乐园","特色表演","博物馆讲解","车型可选","入住亲子榜单酒店"],"sellNum":"已售2人"},{"id":"32293208","title":"上海+迪士尼（Disney）3日2晚私家团","subTitle":"【高端臻享·迪士尼2次入园+自然博物馆深度讲解】专享15项VIP卡+VIP烟花+优先入园特权〖迪士尼酒店2晚+奔驰专车〗含城堡皇家宴会厅晚餐+绚景楼<欢迎晚宴>【含大交通】","tags":["无购物","无自费","成团保障","亲子甄选","3期免息","迪士尼乐园","特色表演","博物馆讲解","车型可选","入住亲子榜单酒店"],"sellNum":"已售2人"}]]