[{"id":"29920178","title":"上海+苏州+寒山寺+拙政园+乌镇+杭州+西湖风景名胜区6日5晚私家团","subTitle":"【诗画江南美如画，拈花一笑待君来】· 提灯夜游乌镇 · 走进烟雨江南 · 漫步风月西湖 · 一单一团  · 24小时接送机/站服务","tags":["可加购导游服务","无购物","无自费","成团保障","寺院祈福","特色表演","西湖游船","车型可选","夜宿拈花湾","入住精品民宿"],"sellNum":"已售2人","pmRec":"★ 【私享江南】：多人下单畅享立减 ， 最多可享3888元立减 ， 一单一团告别等待\n★ 【精致体验】：景区安排合理，时间宽裕，私享旅程 ， 让您体验真正的慢游江南\n★ 【纯玩无购】：纯玩团不设防，全程无购物，全程无自费 ，特别赠送宋城千古情","detailDescriptionContentView":{"text":""},"dailyItinerary":[{"title":"全国各地乘 →飞机或火车 → 抵达无锡 → 师傅接站 → 入住酒店 → 自行安排","subItems":[{"time":"09:00","daily_itinerary_sub_tit":"交通","rich_content_view":"根据您所选择的交通工具自行赴 ——无锡\n接站司机会在您抵达无锡的前一天联系您，请您保持畅通或短信联系请您留意查收。\n接站地点：A.苏南硕放国际机场\n▼〖温馨提示〗：\n【1】：接站师傅会在您抵达无锡的前一天16点—22点联系您请保持电话畅通并保留司机联系电话，以及紧急联系人电话，以便及时联系。\n【2】：此团为私家小包团，专享专车接站接机，接站为司机接站，无导游，师傅接站会根据您车站及机场公布的实际抵达时间接站接机。\n【3】：酒店一般服务员在9点钟上班，开始打扫卫生，大约14点钟后方可办理入住,如有早到的游客可以先寄存行李到前台先行自由活动。"},{"time":"12:00","daily_itinerary_sub_tit":"酒店","daily_itinerary_hotel":{"HotelID":3424113,"HotelName":"无锡拈花湾拈花客栈"}},{"time":"13:00","daily_itinerary_sub_tit":"自由活动","rich_content_view":"拈花湾与灵山胜境毗邻，在灵山胜境的西边，小镇风格仿古，以禅意为主题。一幢幢米色、白色的特色建筑覆盖着青色的大坡顶，门窗和柱子多用木头制成，镇中点缀着小桥流水和园林小景，是特别适合来此度假放松，修身养性的民宿小镇。白天你可以看看禅乐馆、百花堂、妙音台、拈花堂、拈花塔等建筑，逛逛工艺品小店，逛累了可以坐下来吃吃喝喝。晚上可以拍摄拈花湾寂静的夜景，看看拈花湖上奇特的3D水幕电影。","meal_hours_box":"活动时间：约5小时","daily_itinerary_sces":[{"GSScenicSpotID":23822661,"PreName":"","Name":"拈花湾","SuffixName":null}]},{"time":"18:00","daily_itinerary_sub_tit":"晚餐","rich_content_view":"成人：不含餐 儿童：不含餐","meal_hours_box":"参考标准：50CNY/人"}]},{"title":"酒店 → 灵山大佛 → 苏州拙政园 →酒店","subItems":[{"time":"08:00","daily_itinerary_sub_tit":"早餐","rich_content_view":"成人：含餐 儿童：不含餐","meal_hours_box":"用餐时间：约30分钟"},{"time":"09:00","daily_itinerary_sub_tit":"景点/场馆","rich_content_view":"灵山大佛，坐落于无锡太湖边的小灵山上，是规模宏大壮观的佛祖青铜立像。大佛是中国五方五大佛之一，有众多大师前来举办盛大仪式，传说对大佛祈福参拜十分灵验。\n\n大佛位于灵山胜境景区深处，距离大门约1.2公里，到大佛面前需要从景区内步行或乘观光车来到大佛前的广场，从广场到大佛脚下需要走288级台阶，不过坡度平缓并不费力。\n\n参观灵山大佛，首先会感受到的便是大佛的规模，整个大佛通高88米，其中佛体高79米，大佛的每个手指的直径就有1米。开车行至附近，远远就能看到大佛屹立于山上。由于其高大，在大佛脚下并不能拍到大佛的全部，而需要拉开一定距离，在大佛脚下的祥符禅寺附近拍摄比较合适。","meal_hours_box":"活动时间：约3小时","daily_itinerary_sces":[{"GSScenicSpotID":75721,"PreName":"","Name":"灵山大佛","SuffixName":""}]},{"time":"12:00","daily_itinerary_sub_tit":"午餐","rich_content_view":"成人：不含餐 儿童：不含餐","meal_hours_box":"参考标准：30CNY/人"},{"time":"13:00","daily_itinerary_sub_tit":"交通","rich_content_view":"乘车前往苏州。","meal_hours_box":"行驶时间：约2小时"},{"time":"15:00","daily_itinerary_sub_tit":"景点/场馆","rich_content_view":"【拙政园】——拙政园，位于江苏省苏州市，始建于明正德初年（16世纪初），是江南古典园林的代表作品。四百多年来，拙政园几度分合，或为“私人”宅园，或做“金屋”藏娇，或是“王府”治所，留下了许多诱人探寻的遗迹和典故。拙政园与北京颐和园、承德避暑山庄、苏州留园一起被誉为中国四大名园。","meal_hours_box":"活动时间：约2小时","daily_itinerary_sces":[{"GSScenicSpotID":82473,"PreName":"","Name":"拙政园","SuffixName":""}]},{"time":"18:00","daily_itinerary_sub_tit":"酒店","daily_itinerary_hotel":{"HotelID":369682,"HotelName":"苏州金鸡湖新罗酒店"}},{"time":"19:00","daily_itinerary_sub_tit":"晚餐","rich_content_view":"成人：不含餐 儿童：不含餐","meal_hours_box":"参考标准：50CNY/人"}]},{"title":"酒店接团 →寒山寺 →乌镇西栅 →夜游西栅 →酒店","subItems":[{"time":"08:00","daily_itinerary_sub_tit":"早餐","rich_content_view":"成人：含餐 儿童：不含餐","meal_hours_box":"用餐时间：约30分钟"},{"time":"09:00","daily_itinerary_sub_tit":"交通","rich_content_view":"9点集合，前往苏州，游览【寒山寺】","meal_hours_box":"行驶：约30千米/约30分钟"},{"time":"10:00","daily_itinerary_sub_tit":"景点/场馆","rich_content_view":"【寒山寺】——（首道门票已含，不含景区内小交通）寒山寺位于苏州市姑苏区，始建于南朝萧梁代天监年间（公元502～519年），初名“妙利普明塔院”。寒山寺占地面积约1.3万平方米，建筑面积三千四百余平方米。寒山寺属于禅宗中的临济宗。唐代贞观年间，当时的名僧寒山、希迁两位高僧创建寒山寺。1000多年内寒山寺先后5次遭到火毁（一说是7次），最后一次重建是清代光绪年间。历史上寒山寺曾是中国十大名寺之一，寺内古迹甚多，有张继诗的石刻碑文，寒山、拾得的石刻像，文徵明、唐寅所书碑文残片等。","meal_hours_box":"活动时间：约2小时","daily_itinerary_sces":[{"GSScenicSpotID":76161,"PreName":"","Name":"寒山寺","SuffixName":""}]},{"time":"12:00","daily_itinerary_sub_tit":"午餐","rich_content_view":"成人：不含餐 儿童：不含餐","meal_hours_box":"参考标准：20CNY/人"},{"time":"13:00","daily_itinerary_sub_tit":"交通","rich_content_view":"集合乘车前往乌镇","meal_hours_box":"行驶：约80千米/约1小时30分钟"},{"time":"14:00","daily_itinerary_sub_tit":"景点/场馆","rich_content_view":"西市河贯穿西栅东西，纵横交错的小河道将西栅分为许多小岛，各部分又有数十座各异的古石桥相连接。老建筑依水而建，典型的江南水乡小桥流水景致。除了可以入内参观的景点，景区内还有不少精致的小店、咖啡馆和酒吧，适合静下心来慢慢逛。游玩西栅可以步行，也可以坐景区的交通车或游船代步。如果是白天，顺着河北岸的西栅大街走走，昭明书院是昭明太子萧统读书的地方，现在是个图书馆，可以来这儿读会儿书，或者在入口处的留言墙上贴张小纸条，留下自己的心情；三寸金莲馆可以看到几百双缠足鞋，了解。","meal_hours_box":"活动时间：约3小时","daily_itinerary_sces":[{"GSScenicSpotID":100724,"PreName":"","Name":"西栅","SuffixName":""}]},{"time":"17:00","daily_itinerary_sub_tit":"景点/场馆","rich_content_view":"【夜游乌镇】——（首道门票已含）夜晚华灯初上，白天交织的人流缓了下来，不远处夜场评书和评弹声悠悠传来，去露天电影处看一部经典的影片，或去似水年华酒吧与朋友把酒言欢，或去随意坐在廊桥边，感受凉风有信、皓月无边。在万家灯火、桨声灯影中，看河面上一座座古桥被灯光映照出彩色倒影，河道两岸的古建筑在色彩斑斓的灯光中呈现出新的意境，光影交错中新旧交替，恍然如入两座古镇，一份昨日的班驳，一份今日的绚丽。\n〖夜游活动推荐〗：游客可在傍晚租一艘小船，随着水边的景观灯亮起来，夜景开始初具雏形，拍几张美丽的夜景。您可与自己的爱人或亲友选一家河边小店或在当地居民家中，点上几个可口的小菜，品乌镇美食，欣赏着满眼华丽的灯光水色。\n〖夜游项目〗：【夜场评书、评弹】，【露天电影】，【似水年华酒吧】，【灵水居夜景】等\n〖温馨提示〗：乌镇西栅景区手摇船参考价：480元/艘 （每船限坐8人，包括儿童、婴儿）如有需要，费用敬请自理。","meal_hours_box":"活动时间：约2小时","daily_itinerary_sces":[{"GSScenicSpotID":97589,"PreName":"","Name":"西栅夜游","SuffixName":""},{"GSScenicSpotID":13530024,"PreName":"","Name":"乌镇西栅书场","SuffixName":""},{"GSScenicSpotID":97412,"PreName":"","Name":"西栅露天电影(西棚大街店)","SuffixName":""}]},{"time":"19:00","daily_itinerary_sub_tit":"晚餐","rich_content_view":"成人：不含餐 儿童：不含餐","meal_hours_box":"参考标准：50CNY/人"},{"time":"20:00","daily_itinerary_sub_tit":"酒店","meal_hours_box":"行驶：约10千米/约20分钟","daily_itinerary_hotel":{"HotelID":436547,"HotelName":"乌镇通安客栈"}}]},{"title":"酒店接团 →西溪湿地公园 →河坊街 →宋城 →酒店","subItems":[{"time":"08:00","daily_itinerary_sub_tit":"早餐","rich_content_view":"成人：含餐 儿童：不含餐","meal_hours_box":"餐标：20/人"},{"time":"09:00","daily_itinerary_sub_tit":"交通","rich_content_view":"集合乘车前往西溪湿地。","meal_hours_box":"行驶时间：约60分钟"},{"time":"10:00","daily_itinerary_sub_tit":"景点/场馆","rich_content_view":"【西溪湿地公园】——（首道门票已含，不含游船和单程电瓶车）西溪湿地位于杭州市区西部、距西湖不到5公里，占地11.5平方公里。这里生态资源丰富、自然景观质朴、文化积淀深厚，曾与西湖、西泠并称杭州“三西”，是国内第 一个也是独一的集城市湿地、农耕湿地、文化湿地于一体的国家湿地公园。湿地内河流众多，水渚密布，温度适宜、雨量充沛，植被繁多，芦荡丛生，众多飞禽走兽，到处鸟语花香，有“杭州之肺”之称。这里也是“非典型冯氏喜剧”——电影《非诚勿扰》杭州拍摄的主要外景地。一曲溪流一曲烟，坐船漫游芦苇荡，探访隐于林中的秋雪庵、梅竹山庄等古迹，重拾江南绮梦，体沐悠悠“钱塘乡风”。","meal_hours_box":"活动时间：约2小时","daily_itinerary_sces":[{"GSScenicSpotID":81715,"PreName":"","Name":"西溪国家湿地公园","SuffixName":""}]},{"time":"12:00","daily_itinerary_sub_tit":"午餐","rich_content_view":"成人：不含餐 儿童：不含餐","meal_hours_box":"参考标准：20CNY/人"},{"time":"13:00","daily_itinerary_sub_tit":"交通","rich_content_view":"乘车前往“人间天堂”—杭州","meal_hours_box":"行驶：约80千米/约1小时30分钟"},{"time":"15:00","daily_itinerary_sub_tit":"景点/场馆","rich_content_view":"清河坊街是杭州人气较旺的商业区之一，沿街的商铺是老建筑改建的，古色古香。这里汇集许多本地小吃、特色商店、茶楼等，加上背靠吴山，又与美食街高银街近邻，无论是游客还是本地人都常来光顾。\n小吃和购物\n这个商业步行街区不算太大，商品种类很全，算得上杭城特色的缩影，当地特产在这里基本都能找到。在逛街时遇到卖定胜糕、酥油饼、龙须糖等当地小食时，不妨买来尝尝，还有家喻户晓的张小泉剪刀、王星记扇子等，买上一把留作纪念也不错。","meal_hours_box":"活动时间：约2小时","daily_itinerary_sces":[{"GSScenicSpotID":97421,"PreName":"","Name":"清河坊街","SuffixName":""}]},{"time":"17:00","daily_itinerary_sub_tit":"景点/场馆","rich_content_view":"【宋城旅游风景区】— （门票已含）杭州宋城旅游景区位于西湖风景区西南，是宋文化主题公园。逛仿古街市，体验宋朝市井风情，充满宋代风情的仿古茶楼、杂货铺、打铁铺、酒坊等随处可见。街上有木偶戏、皮影戏、打擂台等表演，还会遇到披甲士兵巡街或是缉拿逃犯，给人一种奇妙的穿越感。大型歌舞《宋城千古情》更是宋城一绝，值得一看。\n【宋城千古情演出】— （门票已含）大型歌舞《宋城千古情》，是杭州宋城的灵魂。该演出，是宋城游玩中的浓墨重彩的一笔，有张力的歌舞，配上绚丽的声光效果，将关于杭州的历史和神话演绎得淋漓尽致。数千年前良渚人的日常生活、南宋皇宫的辉煌、岳家军的惨烈，还有《梁祝》、《白蛇传》千古绝唱，在这场视听震撼的演出中，你都能领略到。\n〖温馨提示〗：门票已含，赠送项目不去不退任何费用，任何证件无优惠，敬请谅解。","meal_hours_box":"活动时间：约2小时30分钟","daily_itinerary_sces":[{"GSScenicSpotID":10558619,"PreName":"","Name":"杭州宋城","SuffixName":""},{"GSScenicSpotID":28553791,"PreName":"","Name":"宋城千古情","SuffixName":""}]},{"time":"19:00","daily_itinerary_sub_tit":"晚餐","rich_content_view":"成人：不含餐 儿童：不含餐","meal_hours_box":"参考标准：50CNY/人"},{"time":"20:00","daily_itinerary_sub_tit":"酒店","meal_hours_box":"行驶：约10千米/约20分钟","daily_itinerary_hotel":{"HotelID":17581203,"HotelName":"杭州东站诺富特酒店"}}]},{"title":"酒店接团 →西湖畅游 →酒店","subItems":[{"time":"08:00","daily_itinerary_sub_tit":"早餐","rich_content_view":"成人：含餐 儿童：不含餐","meal_hours_box":"用餐时间：约1小时"},{"time":"09:00","daily_itinerary_sub_tit":"交通","rich_content_view":"9点集合，乘车前往杭州西湖。","meal_hours_box":"行驶：约10千米/约20分钟"},{"time":"10:00","daily_itinerary_sub_tit":"景点/场馆","rich_content_view":"【西湖】——（门票已含，不含船票）西湖是杭州的名片，经历了几千年的岁月蹉跎，见证了杭州的历史变迁，依旧如一个婉约的江南女子，带着一抹淡然的微笑伫立在这座古城。知识江南美学，味象风雅宋韵，这里的山水草木，人文历史，一步一景，一眼万年。身处其中，领略马可波罗盛赞的“人间樶华贵美丽之天城”、苏轼笔下的“浓妆淡抹总相宜”。\n【苏堤漫步】苏堤南起南屏山花港观鱼，北至栖霞岭下曲院风荷，全长2.8公里，是苏东坡任杭州知州时疏浚西湖，用挖出的淤泥筑成。后人为纪念苏东坡的功绩而将其命名为苏堤。“烟柳暮桃花，红玉沉秋水。文弱不胜夜，西施刚睡醒。”杨柳夹岸，艳桃灼灼，锁澜桥、映波桥、望山桥、压堤桥、东浦桥、跨虹桥点缀其间，漫步苏堤，感受“西湖景致六条桥，间株杨柳间株桃”的唯美意境，在西湖中心洗涤心灵。\n【花港观鱼】花港观鱼位于苏堤南段以西，在西里湖与小南湖之间的一块半岛上。南宋时内侍官卢允升曾在离此处不远的花家山下结庐建私家花园，园中花木扶疏，引水入池，畜养五色鱼以供观赏怡情，以地近花家山而名以“花港”。康熙驾临西湖时建景碑于鱼池畔，乾隆下江南游西湖时作诗于御碑“花家山下流花港，花著鱼身鱼嘬花”。如今的花港观鱼，湖水清澈见底，红鱼似锦如霞，远处游船如织，相映成趣。\n▼〖温馨提示〗：\n【1】：西湖游船55元/人（环湖不上岛），若您有需要敬请自理。\n【2】：涉及黄金周，节假日，西湖景区大巴禁止进入，需乘景区公交车入内，单趟2元/人往返4元/人，包车200/趟限乘50个人，具体以景区安排为准，敬请谅解。","meal_hours_box":"活动时间：约2小时","daily_itinerary_sces":[{"GSScenicSpotID":82922,"PreName":"","Name":"西湖风景名胜区","SuffixName":""},{"GSScenicSpotID":10558601,"PreName":"","Name":"苏堤","SuffixName":""},{"GSScenicSpotID":70118934,"PreName":"","Name":"雷锋塔","SuffixName":"(外观)"}]},{"time":"12:00","daily_itinerary_sub_tit":"午餐","rich_content_view":"成人：不含餐 儿童：不含餐","meal_hours_box":"参考标准：100CNY/人"},{"time":"14:00","daily_itinerary_sub_tit":"景点/场馆","rich_content_view":"▼【江南赏花四重奏】：\n【1】： 〖春〗— 花港观鱼【赏桃花，苏堤景致六吊桥、间株杨柳间株桃】\n【2】： 〖夏〗— 曲院风荷【赏荷花，接天莲叶无穷碧、映日荷花别样红】\n【3】： 〖秋〗— 满陇桂雨【赏桂花，莫羡三春桃与李、桂花成实向秋荣】\n【4】： 〖冬〗— 灵峰探梅【赏梅花，疏影横斜水清浅、暗香浮动月黄昏】\n▲〖温馨提示〗： 若秋季满陇桂雨景区拥堵，则改游花圃或孤山赏桂，花期因受天气、温度、湿度等影响，观赏效果各异，若没有观赏到敬请理解哦！","meal_hours_box":"活动时间：约3小时","daily_itinerary_sces":[{"GSScenicSpotID":75766,"PreName":"","Name":"花港观鱼","SuffixName":""},{"GSScenicSpotID":75753,"PreName":"","Name":"曲院风荷","SuffixName":""},{"GSScenicSpotID":101321,"PreName":"","Name":"少年儿童公园","SuffixName":""},{"GSScenicSpotID":76281,"PreName":"","Name":"灵峰探梅","SuffixName":""}]},{"time":"18:00","daily_itinerary_sub_tit":"酒店","meal_hours_box":"行驶：约10千米/约20分钟","daily_itinerary_hotel":{"HotelID":346391,"HotelName":"上海新世界丽笙大酒店"}},{"time":"19:00","daily_itinerary_sub_tit":"晚餐","rich_content_view":"成人：不含餐 儿童：不含餐","meal_hours_box":"参考标准：100CNY/人","daily_itinerary_sces":[{"GSScenicSpotID":15157584,"Name":"甬府(黄浦店)"}]}]},{"title":"酒店 → 自由活动 → 师傅送站 → 乘火车或飞机 → 返回温馨的家","subItems":[{"time":"08:00","daily_itinerary_sub_tit":"早餐","rich_content_view":"成人：含餐 儿童：不含餐","meal_hours_box":"餐标：30CNY/人"},{"time":"09:00","daily_itinerary_sub_tit":"自由活动","rich_content_view":"▲〖温馨提示〗：【自由活动，无导游陪同，以上为市区经典逛吃打卡，请自行前往】","meal_hours_box":"活动时间：约3小时","daily_itinerary_sces":[{"GSScenicSpotID":75611,"PreName":"","Name":"外滩","SuffixName":""},{"GSScenicSpotID":10524093,"PreName":"","Name":"城隍庙旅游区","SuffixName":""},{"GSScenicSpotID":10524119,"PreName":"","Name":"南京路步行街","SuffixName":""},{"GSScenicSpotID":75627,"PreName":"","Name":"东方明珠","SuffixName":""}]},{"time":"13:00","daily_itinerary_sub_tit":"交通","rich_content_view":"行程结束后，根据您的航班或车次，提前送至机场或火车站。\n〖送站提示-！重要〗：\n【1】：▶免费送机/送站服务为跟团增值服务，不享受不退任何费用。\n【2】：▶如乘早班机或高铁时间返回过早，酒店无法提供桌餐，将为您提供打包早，请自行在前台领取。\n【3】：▶我社工作人员与您联系时 ， 请与工作人员再次核对回程航班或高铁时间 ，以免耽误您的行程。\n【4】：▶离开酒店前请仔细检查自己的证件，以及贵重物品 ，随行行李等是否带齐 ， 以免造成遗漏哦。"}]}],"days":["全国各地乘 →飞机或火车 → 抵达无锡 → 师傅接站 → 入住酒店 → 自行安排","酒店 → 灵山大佛 → 苏州拙政园 →酒店","酒店接团 →寒山寺 →乌镇西栅 →夜游西栅 →酒店","酒店接团 →西溪湿地公园 →河坊街 →宋城 →酒店","酒店接团 →西湖畅游 →酒店","酒店 → 自由活动 → 师傅送站 → 乘火车或飞机 → 返回温馨的家"]},{"id":"34928621","title":"上海+苏州+无锡+乌镇+杭州7日6晚私家团","subTitle":"《迪士尼@深游小华东》4城酒店体验+换城全程包车 不挤高铁『游』上海:迪士尼/外滩/东方明珠+苏州:拙政园/寒山寺+无锡:拈花湾+乌镇西栅+杭州:西湖/灵隐寺/雷峰塔!飞机/高铁可选","tags":["可加购导游服务","无购物","无自费","成团保障","寺院祈福","迪士尼乐园","车型可选","夜宿拈花湾"],"sellNum":"已售2人","pmRec":"★ 【优质交通】全程包车，中间换城不挤高铁，不拼不凑，私享旅程，想走就走，我的行程我做主，旅游质量有保障！\n★ 【精选酒店】业务经理精选各地特色酒店，精选景点，邀您体验，品质保证，舒适度假！\n★ 【服务保障】当魔都遇上世界文化遗产，城市与古镇的碰撞，苏杭5A级地标景点，烟雨江南，唯美姑苏！","detailDescriptionContentView":{"text":"🌿行程概览🍁\n\n\n\n\n\nD1 上海接站/接机 - 入住迪士尼度假区酒店（今日仅含接机）\n\n\nD2 一日畅游迪士尼（含1日无限次出入门票） - 入住迪士尼度假区酒店\n\n💙温馨提示：今日默认不含用车，乘坐酒店班车可方便前往迪士尼！如需专车，可在下单页面自行加购！\n\nD3 城隍庙+外滩+东方明珠- 宿上海市区酒店（含专车）\n\nD4 前往苏州 - 拙政园 - 寒山寺 - 前往无锡 - 宿拈花湾景区内酒店/民宿 - 夜游拈花湾（含专车）\n\nD5 日游拈花湾 - 前往乌镇 - 游西栅 - 宿乌镇（西栅景区内/外酒店可选）（含专车）\n\nD6 前往杭州 - 灵隐寺 - 西湖游船（登岛） - 雷峰塔 - 宿杭州（含专车）\n\nD7 杭州送站/送机\n\n\n\n\n\n"},"dailyItinerary":[{"title":"抵达上海—入住梦幻的上海迪士尼乐园度假区自选酒店（今日仅含接机/接站）","subItems":[{"time":"不限","daily_itinerary_sub_tit":"其它","rich_content_view":"披露时间供参考，具体可根据您的抵达时间灵活调整。"},{"time":"12:00","daily_itinerary_sub_tit":"交通","rich_content_view":"专车接站/接机。专车司机接您前往酒店。","meal_hours_box":"行驶时间：约1小时30分钟"},{"time":"下午","daily_itinerary_sub_tit":"酒店","rich_content_view":"本产品可自选迪士尼官方酒店or迪士尼周边酒店！"},{"time":"15:00","daily_itinerary_sub_tit":"景点/场馆","rich_content_view":"自由活动推荐，您可自行前往","meal_hours_box":"活动时间：约2小时","daily_itinerary_sces":[{"GSScenicSpotID":28408248,"PreName":"","Name":"迪士尼小镇","SuffixName":""},{"GSScenicSpotID":61584777,"PreName":"","Name":"比斯特上海购物村","SuffixName":""}]},{"time":"18:00","daily_itinerary_sub_tit":"晚餐","rich_content_view":"成人：不含餐 儿童：不含餐","meal_hours_box":"用餐时间：约2小时","daily_itinerary_sces":[{"GSScenicSpotID":28418160,"Name":"上海迪士尼乐园酒店·Lumiere's Kitchen 卢米亚厨房"}]}]},{"title":"畅游梦幻迪士尼 &含1日无限次出入门票！(默认不含专车，乘酒店班车往返迪士尼。如需专车请下单加购)","subItems":[{"time":"07:00","daily_itinerary_sub_tit":"早餐","rich_content_view":"成人：不含餐 儿童：不含餐","meal_hours_box":"用餐时间：约30分钟"},{"time":"07:30","daily_itinerary_sub_tit":"交通","rich_content_view":"酒店提供酒店 - 迪士尼的往返班车，请注意入住时提前向酒店前台预约。\n\n具体出发时间以酒店公布的班车时间为准哦~\n\n如错过，敬请自行地铁/打车前往迪士尼。","meal_hours_box":"行驶：约1千米/约15分钟"},{"time":"09:00","daily_itinerary_sub_tit":"景点/场馆","meal_hours_box":"活动时间：约7小时","daily_itinerary_sces":[{"GSScenicSpotID":13412802,"PreName":"","Name":"上海迪士尼度假区","SuffixName":"(含首道门票)"},{"GSScenicSpotID":28451258,"PreName":"","Name":"翱翔•飞越地平线","SuffixName":""},{"GSScenicSpotID":28450902,"PreName":"","Name":"七个小矮人矿山车","SuffixName":""},{"GSScenicSpotID":28536894,"PreName":"","Name":"雷鸣山漂流","SuffixName":""},{"GSScenicSpotID":28450843,"PreName":"","Name":"加勒比海盗——沉落宝藏之战","SuffixName":""},{"GSScenicSpotID":28451039,"PreName":"","Name":"创极速光轮","SuffixName":""},{"GSScenicSpotID":28464908,"PreName":"","Name":"晶彩奇航","SuffixName":""},{"GSScenicSpotID":28464960,"PreName":"","Name":"小飞侠天空奇遇","SuffixName":""}]},{"time":"12:00","daily_itinerary_sub_tit":"午餐","rich_content_view":"成人：不含餐 儿童：不含餐","meal_hours_box":"用餐时间：约1小时"},{"time":"18:00","daily_itinerary_sub_tit":"晚餐","rich_content_view":"成人：不含餐 儿童：不含餐","daily_itinerary_sces":[{"GSScenicSpotID":28388254,"Name":"KOKIO 酷厨酷面(迪士尼小镇店)"}]},{"time":"不限","daily_itinerary_sub_tit":"交通","rich_content_view":"乘坐酒店班车返回酒店，请注意入住时提前向酒店前台预约。\n\n具体出发时间以酒店公布的班车时间为准哦~\n\n如错过，敬请自行地铁/打车前往迪士尼。","meal_hours_box":"行驶时间：约15分钟"},{"time":"晚上","daily_itinerary_sub_tit":"酒店","rich_content_view":"更多酒店可点击【更换酒店】选择"}]},{"title":"经典魔都&欣赏城市精髓 - 换住上海市区酒店","subItems":[{"time":"08:00","daily_itinerary_sub_tit":"早餐","rich_content_view":"成人：不含餐 儿童：不含餐","meal_hours_box":"用餐时间：约30分钟"},{"time":"09:00","daily_itinerary_sub_tit":"交通","rich_content_view":"专车前往景点。","meal_hours_box":"行驶时间：约60分钟"},{"time":"10:00","daily_itinerary_sub_tit":"景点/场馆","meal_hours_box":"活动时间：约1小时","daily_itinerary_sces":[{"GSScenicSpotID":10524093,"PreName":"","Name":"城隍庙旅游区","SuffixName":""}]},{"time":"11:30","daily_itinerary_sub_tit":"午餐","rich_content_view":"成人：不含餐 儿童：不含餐","daily_itinerary_sces":[{"GSScenicSpotID":453399,"Name":"绿波廊(豫园店)"}]},{"time":"13:00","daily_itinerary_sub_tit":"交通","rich_content_view":"专车前往景点。","meal_hours_box":"行驶时间：约15分钟"},{"time":"13:20","daily_itinerary_sub_tit":"景点/场馆","rich_content_view":"步行即可到达外滩。\n漫步外滩，吹吹江风，欣赏着精美的万国建筑和对岸高楼林立的繁华景象。\n然后可步行至南京路步行街，一路品尝地道的上海小吃、糕点，疯狂买买买，感受魔都的街市。","meal_hours_box":"活动时间：约2小时","daily_itinerary_sces":[{"GSScenicSpotID":75611,"PreName":"","Name":"外滩","SuffixName":""},{"GSScenicSpotID":10524119,"PreName":"","Name":"南京路步行街","SuffixName":""}]},{"time":"15:30","daily_itinerary_sub_tit":"交通","rich_content_view":"专车前往景点。","meal_hours_box":"行驶时间：约30分钟"},{"time":"16:00","daily_itinerary_sub_tit":"景点/场馆","meal_hours_box":"活动时间：约2小时","daily_itinerary_sces":[{"GSScenicSpotID":75627,"PreName":"","Name":"东方明珠","SuffixName":"(含首道门票)"}]},{"time":"18:00","daily_itinerary_sub_tit":"交通","rich_content_view":"专车前往酒店。","meal_hours_box":"行驶时间：约30分钟"},{"time":"晚上","daily_itinerary_sub_tit":"酒店","rich_content_view":"多家市区精选5钻可选，实际入住以您选择为准"}]},{"title":"【上海→苏州→无锡】前往苏州 - 拙政园 - 寒山寺 - 前往无锡 - 宿拈花湾 - 夜游拈花湾","subItems":[{"time":"07:00","daily_itinerary_sub_tit":"早餐","rich_content_view":"成人：不含餐 儿童：不含餐"},{"time":"08:00","daily_itinerary_sub_tit":"交通","rich_content_view":"专车前往苏州。","meal_hours_box":"行驶时间：约2小时"},{"time":"10:00","daily_itinerary_sub_tit":"景点/场馆","rich_content_view":"如遇旺季临时预订，拙政园约满，我们会为您协调更换游览时间，或者替换为其他园林景点【网师园/狮子林/留园等】\n\n拙政园路段限行，部分路段需步行，敬请知晓。","meal_hours_box":"活动时间：约2小时","daily_itinerary_sces":[{"GSScenicSpotID":82473,"PreName":"","Name":"拙政园","SuffixName":"(含首道门票)"}]},{"time":"12:00","daily_itinerary_sub_tit":"午餐","rich_content_view":"成人：不含餐 儿童：不含餐","daily_itinerary_sces":[{"GSScenicSpotID":90681112,"Name":"山塘老街·蟹黄专门店(拙政园店)"}]},{"time":"13:00","daily_itinerary_sub_tit":"交通","rich_content_view":"专车前往景点。","meal_hours_box":"行驶时间：约30分钟"},{"time":"13:30","daily_itinerary_sub_tit":"景点/场馆","meal_hours_box":"活动时间：约1小时30分钟","daily_itinerary_sces":[{"GSScenicSpotID":76161,"PreName":"","Name":"寒山寺","SuffixName":"(含首道门票)"}]},{"time":"15:00","daily_itinerary_sub_tit":"交通","rich_content_view":"专车前往无锡拈花湾。","meal_hours_box":"行驶时间：约1小时30分钟"},{"time":"16:30","daily_itinerary_sub_tit":"景点/场馆","rich_content_view":"如您所选的拈花湾酒店的房型内包含拈花湾门票，则我处会退还拈花湾门票费用140元/成人。敬请知晓。","meal_hours_box":"活动时间：约2小时","daily_itinerary_sces":[{"GSScenicSpotID":23822661,"PreName":"","Name":"拈花湾","SuffixName":"(含首道门票)"}]},{"time":"晚上","daily_itinerary_sub_tit":"酒店"}]},{"title":"【无锡→乌镇】 日游拈花湾 - 前往乌镇 - 游西栅 - 宿乌镇（景区内/外酒店可选）","subItems":[{"time":"08:00","daily_itinerary_sub_tit":"早餐","rich_content_view":"成人：不含餐 儿童：不含餐","meal_hours_box":"用餐时间：约1小时"},{"time":"上午","daily_itinerary_sub_tit":"自由活动","rich_content_view":"今日可日游拈花湾，自由活动~","meal_hours_box":"活动时间：约2小时","daily_itinerary_sces":[{"GSScenicSpotID":23822661,"PreName":"","Name":"拈花湾","SuffixName":null}]},{"time":"10:00","daily_itinerary_sub_tit":"交通","rich_content_view":"专车前往乌镇。","meal_hours_box":"行驶时间：约2小时30分钟"},{"time":"12:30","daily_itinerary_sub_tit":"午餐","rich_content_view":"成人：不含餐 儿童：不含餐","daily_itinerary_sces":[{"GSScenicSpotID":127655691,"Name":"粗茶淡饭.粗菜馆"}]},{"time":"14:00","daily_itinerary_sub_tit":"景点/场馆","meal_hours_box":"活动时间：约4小时","daily_itinerary_sces":[{"GSScenicSpotID":100724,"PreName":"","Name":"西栅","SuffixName":"(含首道门票)"}]},{"time":"18:00","daily_itinerary_sub_tit":"交通","rich_content_view":"如您入住西栅景区内，则自行前往酒店。\n\n如您入住西栅景区外，游览结束后，司机送您前往酒店。","meal_hours_box":"行驶时间：约30分钟"},{"time":"晚上","daily_itinerary_sub_tit":"酒店","rich_content_view":"入住自选酒店，行程内多家5钻榜单酒店，可供您随心意选择，实际入住以您选择为准。"}]},{"title":"【乌镇→杭州】前往杭州 - 灵隐寺 - 西湖游船（登岛） - 雷峰塔 - 宿杭州","subItems":[{"time":"08:00","daily_itinerary_sub_tit":"早餐","rich_content_view":"成人：不含餐 儿童：不含餐","meal_hours_box":"用餐时间：约1小时"},{"time":"09:00","daily_itinerary_sub_tit":"交通","rich_content_view":"专车前往杭州。","meal_hours_box":"行驶时间：约1小时30分钟"},{"time":"10:30","daily_itinerary_sub_tit":"景点/场馆","rich_content_view":"灵隐寺香花券费用敬请自理～","meal_hours_box":"活动时间：约2小时","daily_itinerary_sces":[{"GSScenicSpotID":75771,"PreName":"","Name":"灵隐寺","SuffixName":""},{"GSScenicSpotID":69342407,"PreName":"","Name":"飞来峰","SuffixName":"(含首道门票)"}]},{"time":"12:30","daily_itinerary_sub_tit":"午餐","rich_content_view":"成人：不含餐 儿童：不含餐","meal_hours_box":"用餐时间：约1小时30分钟","daily_itinerary_sces":[{"GSScenicSpotID":11704100,"Name":"素描餐厅"}]},{"time":"14:00","daily_itinerary_sub_tit":"交通","rich_content_view":"专车前往景点。","meal_hours_box":"行驶时间：约30分钟"},{"time":"14:30","daily_itinerary_sub_tit":"景点/场馆","meal_hours_box":"活动时间：约2小时","daily_itinerary_sces":[{"GSScenicSpotID":13253197,"PreName":"","Name":"西湖游船","SuffixName":"(含首道门票)"}]},{"time":"16:30","daily_itinerary_sub_tit":"交通","rich_content_view":"专车前往景点。","meal_hours_box":"行驶时间：约30分钟"},{"time":"17:00","daily_itinerary_sub_tit":"景点/场馆","meal_hours_box":"活动时间：约1小时","daily_itinerary_sces":[{"GSScenicSpotID":75764,"PreName":"","Name":"雷峰塔","SuffixName":"(含首道门票)"}]},{"time":"18:00","daily_itinerary_sub_tit":"交通","rich_content_view":"专车前往酒店。","meal_hours_box":"行驶时间：约30分钟"},{"time":"晚上","daily_itinerary_sub_tit":"酒店","rich_content_view":"本产品提供多家酒店可选，实际入住以您下单时选择的酒店为准哦～"}]},{"title":"#心存风月 再见有时#惜别杭州！全天自由活动（今日仅含专车送机/送站）","subItems":[{"time":"09:00","daily_itinerary_sub_tit":"早餐","rich_content_view":"成人：不含餐 儿童：不含餐","meal_hours_box":"用餐时间：约1小时"},{"time":"不限","daily_itinerary_sub_tit":"其它","rich_content_view":"今日全天自由活动，仅含专车送机/送站，以下自由活动行程供参考。"},{"time":"10:00","daily_itinerary_sub_tit":"景点/场馆","meal_hours_box":"行驶时间：约60分钟","daily_itinerary_sces":[{"GSScenicSpotID":10519964,"PreName":"","Name":"小河直街历史文化街区","SuffixName":""}]},{"time":"14:00","daily_itinerary_sub_tit":"交通","rich_content_view":"根据您的返程大交通时间，送机/站的司机师傅会提前联系您确认接您的时间和地点，将您送至火车站。\n\n\n今日仅包含送站/送机用车。"}]}],"days":["抵达上海—入住梦幻的上海迪士尼乐园度假区自选酒店（今日仅含接机/接站）","畅游梦幻迪士尼 &含1日无限次出入门票！(默认不含专车，乘酒店班车往返迪士尼。如需专车请下单加购)","经典魔都&欣赏城市精髓 - 换住上海市区酒店","【上海→苏州→无锡】前往苏州 - 拙政园 - 寒山寺 - 前往无锡 - 宿拈花湾 - 夜游拈花湾","【无锡→乌镇】 日游拈花湾 - 前往乌镇 - 游西栅 - 宿乌镇（景区内/外酒店可选）","【乌镇→杭州】前往杭州 - 灵隐寺 - 西湖游船（登岛） - 雷峰塔 - 宿杭州","#心存风月 再见有时#惜别杭州！全天自由活动（今日仅含专车送机/送站）"]},{"id":"32293208","title":"上海+迪士尼（Disney）3日2晚私家团","subTitle":"【高端臻享·迪士尼2次入园+自然博物馆深度讲解】专享15项VIP卡+VIP烟花+优先入园特权〖迪士尼酒店2晚+奔驰专车〗含城堡皇家宴会厅晚餐+绚景楼<欢迎晚宴>【含大交通】","tags":["无购物","无自费","成团保障","亲子甄选","3期免息","迪士尼乐园","特色表演","博物馆讲解","车型可选","入住亲子榜单酒店"],"sellNum":"已售2人","pmRec":"★ 【优选行程】特别安排迪士尼2日VIP快速礼遇；寓教于乐：中高级导游深度讲解自然博物馆\n★ 【大牌驾到】用车升级，一车到底，专属司导服务，奔驰E级/V级车型，亲子家庭出行无忧礼遇~\n★ 【特色美食】精心安排迪士尼乐园城堡皇家宴会厅&迪士尼酒店绚景楼用餐，与米奇共享美食~","detailDescriptionContentView":{"text":"🛫同款含大交通产品请点这里\n\n🚘同款当地参团请点这里\n\n\n"},"dailyItinerary":[{"title":"抵达上海，奔驰专车，迪士尼乐园VIP初体验（含当天导游服务），入住迪士尼酒店","subItems":[{"time":"13:00","daily_itinerary_sub_tit":"交通","rich_content_view":"您的专属司机将在您的机场/火车站/或市内任意地点等待贵宾抵达。\n\n为您提供专车接送服务，前往迪士尼酒店办理入住；\n\n\n今天我们为您安排了『迪士尼乐园门票+VIP7项+导游陪同服务』，抵达酒店后即可进入乐园游玩！\n\n行程概览：迪士尼初体验+酒店晚餐（已含导游与VIP快速卡哦~）","meal_hours_box":"行驶：约10千米/约40分钟"},{"time":"13:00","daily_itinerary_sub_tit":"午餐","rich_content_view":"成人：不含餐 儿童：不含餐","meal_hours_box":"用餐时间：约1小时","daily_itinerary_sces":[{"GSScenicSpotID":28418160,"Name":"上海迪士尼乐园酒店·Lumiere's Kitchen 卢米亚厨房"},{"GSScenicSpotID":29069652,"Name":"WOLFGANG PUCK KITCHEN & BAR(迪士尼小镇店)"}]},{"time":"15:00","daily_itinerary_sub_tit":"酒店","rich_content_view":"如您抵达时间较早，将为您在酒店前台寄存行李，随时可以进入乐园游玩~\n\n\n\n•酒店允许携带儿童入住\n•每间客房最多容纳2名11岁及以下儿童，和成人共用现有床铺。\n•目前价格为2位成人入住价格，额外成人及11周岁以上儿童入住需在前台额外支付费用。每房至多入住4人。\n\n注：请根据您的入住人数选择含早房型","daily_itinerary_hotel":{"HotelID":4687218,"HotelName":"上海迪士尼乐园酒店"}},{"time":"15:30","daily_itinerary_sub_tit":"景点/场馆","rich_content_view":"当天已为您安排【迪士尼乐园1日门票含VIP-乐园：7项VIP快速通道+导游陪同服务】😃\n","meal_hours_box":"活动时间：约5小时","daily_itinerary_sces":[{"GSScenicSpotID":13412802,"PreName":"","Name":"上海迪士尼度假区","SuffixName":"(含首道门票)"},{"GSScenicSpotID":28488529,"PreName":"","Name":"冰雪奇缘：欢唱盛会","SuffixName":""},{"GSScenicSpotID":28417928,"PreName":"","Name":"风暴来临——杰克船长之惊天特技大冒险","SuffixName":""},{"GSScenicSpotID":50929175,"PreName":"","Name":"胡迪牛仔嘉年华","SuffixName":""},{"GSScenicSpotID":28464908,"PreName":"","Name":"晶彩奇航","SuffixName":""},{"GSScenicSpotID":55423165,"PreName":"","Name":"抱抱龙冲天赛车","SuffixName":""},{"GSScenicSpotID":28536639,"PreName":"","Name":"古迹探索营","SuffixName":""}]},{"time":"18:30","daily_itinerary_sub_tit":"晚餐","rich_content_view":"成人：含餐 儿童：含餐","meal_hours_box":"餐标：1000CNY/人","daily_itinerary_sces":[{"GSScenicSpotID":28344019,"Name":"Aurora绚景楼"}]}]},{"title":"点亮心中奇梦，二次入园（含当天导游服务），沉浸式游玩迪士尼乐园，VIP烟花观赏","subItems":[{"time":"08:00","daily_itinerary_sub_tit":"早餐","rich_content_view":"成人：含餐 儿童：含餐","meal_hours_box":"用餐时间：约1小时","daily_itinerary_sces":[{"GSScenicSpotID":28418160,"Name":"上海迪士尼乐园酒店·Lumiere's Kitchen 卢米亚厨房"}]},{"time":"09:00","daily_itinerary_sub_tit":"交通","rich_content_view":"奔驰专车接您前往迪士尼乐园。进入迪士尼，开启一天的奇妙旅程吧！\n\n\n\n当天已为您安排【迪士尼乐园1日门票+快速入园+8个指定项目快速通道+9小时专业导游陪同】，导游为您合理规划游玩路线，畅玩迪士尼乐园一整天！\n\n〖入园说明〗该产品为游客从贵宾通道进入迪士尼乐园，专职导游是普通通道入园，故游客入园后先自由活动约30分钟，专职导游入园后会第一时间与您取得联系并安排游玩行程。感谢您的理解❤","meal_hours_box":"行驶：约3千米/约10分钟"},{"time":"09:00","daily_itinerary_sub_tit":"景点/场馆","rich_content_view":"当日含VIP-乐园：8项VIP快速通道，根据导游规划的路选游玩，感受畅玩迪士尼的乐趣。（以上8个项目快速通道根据乐园当天实际运营情况可能微调）","meal_hours_box":"活动时间：约8小时","daily_itinerary_sces":[{"GSScenicSpotID":13412802,"PreName":"","Name":"上海迪士尼度假区","SuffixName":"(含首道门票)"},{"GSScenicSpotID":28451258,"PreName":"","Name":"翱翔•飞越地平线","SuffixName":""},{"GSScenicSpotID":28536894,"PreName":"","Name":"雷鸣山漂流","SuffixName":""},{"GSScenicSpotID":28451039,"PreName":"","Name":"创极速光轮","SuffixName":""},{"GSScenicSpotID":28451137,"PreName":"","Name":"巴斯光年星际营救","SuffixName":""},{"GSScenicSpotID":28450843,"PreName":"","Name":"加勒比海盗——沉落宝藏之战","SuffixName":""},{"GSScenicSpotID":28522445,"PreName":"","Name":"小熊维尼历险记","SuffixName":""},{"GSScenicSpotID":28450902,"PreName":"","Name":"七个小矮人矿山车","SuffixName":""},{"GSScenicSpotID":28464960,"PreName":"","Name":"小飞侠天空奇遇","SuffixName":""}]},{"time":"12:00","daily_itinerary_sub_tit":"午餐","rich_content_view":"成人：不含餐 儿童：不含餐","daily_itinerary_sces":[{"GSScenicSpotID":28409329,"Name":"BARBOSSA’S BOUNTY 巴波萨烧烤"},{"GSScenicSpotID":28409364,"Name":"星露台餐厅"}]},{"time":"15:00","daily_itinerary_sub_tit":"景点/场馆","meal_hours_box":"活动时间：约20分钟","daily_itinerary_sces":[{"GSScenicSpotID":28464519,"PreName":"","Name":"米奇童话专列","SuffixName":""}]},{"time":"17:00","daily_itinerary_sub_tit":"晚餐","rich_content_view":"成人：含餐 儿童：含餐","meal_hours_box":"餐标：500CNY/人","daily_itinerary_sces":[{"GSScenicSpotID":28409361,"Name":"Royal Banquet Hall 皇家宴会厅"}]},{"time":"20:00","daily_itinerary_sub_tit":"景点/场馆","rich_content_view":"高端尊享：为您特别安排【迪士尼烟花VIP专属区域】，提供超棒的观赏体验。","meal_hours_box":"活动时间：约30分钟","daily_itinerary_sces":[{"GSScenicSpotID":28464528,"PreName":"","Name":"奇梦之光幻影秀","SuffixName":""}]},{"time":"21:00","daily_itinerary_sub_tit":"交通","rich_content_view":"结束欢乐的迪士尼奇妙之旅，奔驰专车送您返回酒店。","meal_hours_box":"行驶：约1千米/约5分钟"},{"time":"21:00","daily_itinerary_sub_tit":"酒店","rich_content_view":"•酒店允许携带儿童入住\n•每间客房最多容纳2名11岁及以下儿童，和成人共用现有床铺。\n•目前价格为2位成人入住价格，额外成人及11周岁以上儿童入住需在前台额外支付费用。每房至多入住4人。\n\n注：请根据您的入住人数选择含早房型","daily_itinerary_hotel":{"HotelID":4687218,"HotelName":"上海迪士尼乐园酒店"}}]},{"title":"寓教于乐，自然博物馆深度讲解（含当天导游服务），专车送团","subItems":[{"time":"08:00","daily_itinerary_sub_tit":"早餐","rich_content_view":"成人：含餐 儿童：含餐","meal_hours_box":"用餐时间：约1小时","daily_itinerary_sces":[{"GSScenicSpotID":28418160,"Name":"上海迪士尼乐园酒店·Lumiere's Kitchen 卢米亚厨房"}]},{"time":"10:00","daily_itinerary_sub_tit":"景点/场馆","rich_content_view":"特别安排中高级博物馆达人导游为您提供自然博物馆深度讲解服务\n\n\n\n（自然博物馆周一闭馆，如遇闭馆则改为浦东美术馆或与第一天行程进行调整）","meal_hours_box":"活动时间：约2小时","daily_itinerary_sces":[{"GSScenicSpotID":76790,"PreName":"","Name":"上海自然博物馆","SuffixName":""}]},{"time":"12:30","daily_itinerary_sub_tit":"午餐","rich_content_view":"成人：不含餐 儿童：不含餐","meal_hours_box":"参考标准：500CNY/人","daily_itinerary_sces":[{"GSScenicSpotID":340902,"Name":"成隆行·蟹王府(九江路店)"}]},{"time":"下午","daily_itinerary_sub_tit":"交通","rich_content_view":"您的专属司机将按约定的时间将您送往机场。\n\n\n结束欢乐的上海之旅，期待您再来魔都游玩。","meal_hours_box":"行驶：约50千米/约50分钟"}]}],"days":["抵达上海，奔驰专车，迪士尼乐园VIP初体验（含当天导游服务），入住迪士尼酒店","点亮心中奇梦，二次入园（含当天导游服务），沉浸式游玩迪士尼乐园，VIP烟花观赏","寓教于乐，自然博物馆深度讲解（含当天导游服务），专车送团"]},{"id":"32293208","title":"上海+迪士尼（Disney）3日2晚私家团","subTitle":"【高端臻享·迪士尼2次入园+自然博物馆深度讲解】专享15项VIP卡+VIP烟花+优先入园特权〖迪士尼酒店2晚+奔驰专车〗含城堡皇家宴会厅晚餐+绚景楼<欢迎晚宴>【含大交通】","tags":["无购物","无自费","成团保障","亲子甄选","3期免息","迪士尼乐园","特色表演","博物馆讲解","车型可选","入住亲子榜单酒店"],"sellNum":"已售2人","pmRec":"★ 【优选行程】特别安排迪士尼2日VIP快速礼遇；寓教于乐：中高级导游深度讲解自然博物馆\n★ 【大牌驾到】用车升级，一车到底，专属司导服务，奔驰E级/V级车型，亲子家庭出行无忧礼遇~\n★ 【特色美食】精心安排迪士尼乐园城堡皇家宴会厅&迪士尼酒店绚景楼用餐，与米奇共享美食~","detailDescriptionContentView":{"text":"🛫同款含大交通产品请点这里\n\n🚘同款当地参团请点这里\n\n\n"},"dailyItinerary":[{"title":"抵达上海，奔驰专车，迪士尼乐园VIP初体验（含当天导游服务），入住迪士尼酒店","subItems":[{"time":"13:00","daily_itinerary_sub_tit":"交通","rich_content_view":"您的专属司机将在您的机场/火车站/或市内任意地点等待贵宾抵达。\n\n为您提供专车接送服务，前往迪士尼酒店办理入住；\n\n\n今天我们为您安排了『迪士尼乐园门票+VIP7项+导游陪同服务』，抵达酒店后即可进入乐园游玩！\n\n行程概览：迪士尼初体验+酒店晚餐（已含导游与VIP快速卡哦~）","meal_hours_box":"行驶：约10千米/约40分钟"},{"time":"13:00","daily_itinerary_sub_tit":"午餐","rich_content_view":"成人：不含餐 儿童：不含餐","meal_hours_box":"用餐时间：约1小时","daily_itinerary_sces":[{"GSScenicSpotID":28418160,"Name":"上海迪士尼乐园酒店·Lumiere's Kitchen 卢米亚厨房"},{"GSScenicSpotID":29069652,"Name":"WOLFGANG PUCK KITCHEN & BAR(迪士尼小镇店)"}]},{"time":"15:00","daily_itinerary_sub_tit":"酒店","rich_content_view":"如您抵达时间较早，将为您在酒店前台寄存行李，随时可以进入乐园游玩~\n\n\n\n•酒店允许携带儿童入住\n•每间客房最多容纳2名11岁及以下儿童，和成人共用现有床铺。\n•目前价格为2位成人入住价格，额外成人及11周岁以上儿童入住需在前台额外支付费用。每房至多入住4人。\n\n注：请根据您的入住人数选择含早房型","daily_itinerary_hotel":{"HotelID":4687218,"HotelName":"上海迪士尼乐园酒店"}},{"time":"15:30","daily_itinerary_sub_tit":"景点/场馆","rich_content_view":"当天已为您安排【迪士尼乐园1日门票含VIP-乐园：7项VIP快速通道+导游陪同服务】😃\n","meal_hours_box":"活动时间：约5小时","daily_itinerary_sces":[{"GSScenicSpotID":13412802,"PreName":"","Name":"上海迪士尼度假区","SuffixName":"(含首道门票)"},{"GSScenicSpotID":28488529,"PreName":"","Name":"冰雪奇缘：欢唱盛会","SuffixName":""},{"GSScenicSpotID":28417928,"PreName":"","Name":"风暴来临——杰克船长之惊天特技大冒险","SuffixName":""},{"GSScenicSpotID":50929175,"PreName":"","Name":"胡迪牛仔嘉年华","SuffixName":""},{"GSScenicSpotID":28464908,"PreName":"","Name":"晶彩奇航","SuffixName":""},{"GSScenicSpotID":55423165,"PreName":"","Name":"抱抱龙冲天赛车","SuffixName":""},{"GSScenicSpotID":28536639,"PreName":"","Name":"古迹探索营","SuffixName":""}]},{"time":"18:30","daily_itinerary_sub_tit":"晚餐","rich_content_view":"成人：含餐 儿童：含餐","meal_hours_box":"餐标：1000CNY/人","daily_itinerary_sces":[{"GSScenicSpotID":28344019,"Name":"Aurora绚景楼"}]}]},{"title":"点亮心中奇梦，二次入园（含当天导游服务），沉浸式游玩迪士尼乐园，VIP烟花观赏","subItems":[{"time":"08:00","daily_itinerary_sub_tit":"早餐","rich_content_view":"成人：含餐 儿童：含餐","meal_hours_box":"用餐时间：约1小时","daily_itinerary_sces":[{"GSScenicSpotID":28418160,"Name":"上海迪士尼乐园酒店·Lumiere's Kitchen 卢米亚厨房"}]},{"time":"09:00","daily_itinerary_sub_tit":"交通","rich_content_view":"奔驰专车接您前往迪士尼乐园。进入迪士尼，开启一天的奇妙旅程吧！\n\n\n\n当天已为您安排【迪士尼乐园1日门票+快速入园+8个指定项目快速通道+9小时专业导游陪同】，导游为您合理规划游玩路线，畅玩迪士尼乐园一整天！\n\n〖入园说明〗该产品为游客从贵宾通道进入迪士尼乐园，专职导游是普通通道入园，故游客入园后先自由活动约30分钟，专职导游入园后会第一时间与您取得联系并安排游玩行程。感谢您的理解❤","meal_hours_box":"行驶：约3千米/约10分钟"},{"time":"09:00","daily_itinerary_sub_tit":"景点/场馆","rich_content_view":"当日含VIP-乐园：8项VIP快速通道，根据导游规划的路选游玩，感受畅玩迪士尼的乐趣。（以上8个项目快速通道根据乐园当天实际运营情况可能微调）","meal_hours_box":"活动时间：约8小时","daily_itinerary_sces":[{"GSScenicSpotID":13412802,"PreName":"","Name":"上海迪士尼度假区","SuffixName":"(含首道门票)"},{"GSScenicSpotID":28451258,"PreName":"","Name":"翱翔•飞越地平线","SuffixName":""},{"GSScenicSpotID":28536894,"PreName":"","Name":"雷鸣山漂流","SuffixName":""},{"GSScenicSpotID":28451039,"PreName":"","Name":"创极速光轮","SuffixName":""},{"GSScenicSpotID":28451137,"PreName":"","Name":"巴斯光年星际营救","SuffixName":""},{"GSScenicSpotID":28450843,"PreName":"","Name":"加勒比海盗——沉落宝藏之战","SuffixName":""},{"GSScenicSpotID":28522445,"PreName":"","Name":"小熊维尼历险记","SuffixName":""},{"GSScenicSpotID":28450902,"PreName":"","Name":"七个小矮人矿山车","SuffixName":""},{"GSScenicSpotID":28464960,"PreName":"","Name":"小飞侠天空奇遇","SuffixName":""}]},{"time":"12:00","daily_itinerary_sub_tit":"午餐","rich_content_view":"成人：不含餐 儿童：不含餐","daily_itinerary_sces":[{"GSScenicSpotID":28409329,"Name":"BARBOSSA’S BOUNTY 巴波萨烧烤"},{"GSScenicSpotID":28409364,"Name":"星露台餐厅"}]},{"time":"15:00","daily_itinerary_sub_tit":"景点/场馆","meal_hours_box":"活动时间：约20分钟","daily_itinerary_sces":[{"GSScenicSpotID":28464519,"PreName":"","Name":"米奇童话专列","SuffixName":""}]},{"time":"17:00","daily_itinerary_sub_tit":"晚餐","rich_content_view":"成人：含餐 儿童：含餐","meal_hours_box":"餐标：500CNY/人","daily_itinerary_sces":[{"GSScenicSpotID":28409361,"Name":"Royal Banquet Hall 皇家宴会厅"}]},{"time":"20:00","daily_itinerary_sub_tit":"景点/场馆","rich_content_view":"高端尊享：为您特别安排【迪士尼烟花VIP专属区域】，提供超棒的观赏体验。","meal_hours_box":"活动时间：约30分钟","daily_itinerary_sces":[{"GSScenicSpotID":28464528,"PreName":"","Name":"奇梦之光幻影秀","SuffixName":""}]},{"time":"21:00","daily_itinerary_sub_tit":"交通","rich_content_view":"结束欢乐的迪士尼奇妙之旅，奔驰专车送您返回酒店。","meal_hours_box":"行驶：约1千米/约5分钟"},{"time":"21:00","daily_itinerary_sub_tit":"酒店","rich_content_view":"•酒店允许携带儿童入住\n•每间客房最多容纳2名11岁及以下儿童，和成人共用现有床铺。\n•目前价格为2位成人入住价格，额外成人及11周岁以上儿童入住需在前台额外支付费用。每房至多入住4人。\n\n注：请根据您的入住人数选择含早房型","daily_itinerary_hotel":{"HotelID":4687218,"HotelName":"上海迪士尼乐园酒店"}}]},{"title":"寓教于乐，自然博物馆深度讲解（含当天导游服务），专车送团","subItems":[{"time":"08:00","daily_itinerary_sub_tit":"早餐","rich_content_view":"成人：含餐 儿童：含餐","meal_hours_box":"用餐时间：约1小时","daily_itinerary_sces":[{"GSScenicSpotID":28418160,"Name":"上海迪士尼乐园酒店·Lumiere's Kitchen 卢米亚厨房"}]},{"time":"10:00","daily_itinerary_sub_tit":"景点/场馆","rich_content_view":"特别安排中高级博物馆达人导游为您提供自然博物馆深度讲解服务\n\n\n\n（自然博物馆周一闭馆，如遇闭馆则改为浦东美术馆或与第一天行程进行调整）","meal_hours_box":"活动时间：约2小时","daily_itinerary_sces":[{"GSScenicSpotID":76790,"PreName":"","Name":"上海自然博物馆","SuffixName":""}]},{"time":"12:30","daily_itinerary_sub_tit":"午餐","rich_content_view":"成人：不含餐 儿童：不含餐","meal_hours_box":"参考标准：500CNY/人","daily_itinerary_sces":[{"GSScenicSpotID":340902,"Name":"成隆行·蟹王府(九江路店)"}]},{"time":"下午","daily_itinerary_sub_tit":"交通","rich_content_view":"您的专属司机将按约定的时间将您送往机场。\n\n\n结束欢乐的上海之旅，期待您再来魔都游玩。","meal_hours_box":"行驶：约50千米/约50分钟"}]}],"days":["抵达上海，奔驰专车，迪士尼乐园VIP初体验（含当天导游服务），入住迪士尼酒店","点亮心中奇梦，二次入园（含当天导游服务），沉浸式游玩迪士尼乐园，VIP烟花观赏","寓教于乐，自然博物馆深度讲解（含当天导游服务），专车送团"]}]