[[{"id":"31878564","title":"杭州+乌镇+苏州5日4晚私家团","subTitle":"【江南漫游·赏花踏青季】游：灵隐飞来峰+西溪+西栅+苏州拙政园+苏州博物馆（优先安排新馆）+虎丘·【行】一单一车·私密安全【宿】3城换住·2晚杭州+1晚乌镇+1晚苏州！【飞机/高铁可选】","tags":["可加购导游服务","无购物","无自费","成团保障","3期免息","赏郁金香","赏花","博物馆","车型可选","自选酒店"],"sellNum":"已售153人"},{"id":"31790526","title":"杭州4日3晚私家团","subTitle":"【全景杭城·赏花踏青季】游:灵隐寺祈福+船游西湖+登雷峰塔+漫步西溪+宋城千古情 ·【行】2日包车待命+24H接送机/站 ·【宿】3晚连住高端酒店·西湖/西溪任选!全景杭城!轻松达人游『飞机/高铁可选』","tags":["可加购导游服务","无购物","无自费","成团保障","3期免息","寺院祈福","赏花","特色表演","车型可选","自选酒店"],"sellNum":"已售79人"},{"id":"36297581","title":"华东4市+迪士尼（Disney）5日4晚私家团","subTitle":"【赠花车巡游前排位+立减666/人】宿2晚上海+1晚乌镇+1晚杭州『游』乐园“天花板”迪士尼+魔都经典外滩/南京路/城隍庙+苏州拙政园+乌镇西栅+杭州:西湖/灵隐寺/雷峰塔!含大交通","tags":["可加购导游服务","无购物","无自费","成团保障","寺院祈福","古镇古村","迪士尼乐园","西湖游船","车型可选","自选酒店"],"sellNum":"已售24人"},{"id":"35462200","title":"苏州+乌镇+杭州5日4晚私家团","subTitle":"《漫品江南·赏花》【游：江南经典】拙政园+苏州博物馆（优先新馆）+金鸡湖+乌镇+西溪湿地+灵隐寺【行】一单一团不拼车·全程待命放松游【宿】1晚苏州+1晚乌镇+2晚杭州#甄选携程榜单酒店#","tags":["无购物","成团保障","湿地","寺院祈福","赏花","博物馆","车型可选","自选酒店"],"sellNum":"已售130人"},{"id":"41055231","title":"杭州+乌镇+西塘4日3晚私家团","subTitle":"【恋恋杭乌双古镇·性价比之选】宿-1晚杭州+2晚乌镇#甄选榜单酒店『游』杭州经典双西“西湖+西溪”+“水乡天花板”乌镇西栅&东栅+“灵动古镇”西塘『行』全程专车+管家服务!含大交通","tags":["可加购导游服务","无购物","无自费","成团保障","湿地","古镇古村","车型可选","自选酒店"],"sellNum":"已售2人"},{"id":"41773150","title":"杭州+乌镇+苏州+上海+迪士尼（Disney）5日4晚私家团","subTitle":"【立减666/人】宿-1晚杭州+1晚乌镇+2晚上海『游』杭州:西湖/灵隐寺/雷峰塔+乌镇:西栅+苏州:拙政园+乐园“天花板”:迪士尼+魔都经典:外滩/南京路/城隍庙!含大交通","tags":["可加购导游服务","无购物","无自费","成团保障","寺院祈福","古镇古村","迪士尼乐园","西湖游船","车型可选","自选酒店"],"sellNum":"已售7人"},{"id":"38984945","title":"杭州+苏州4日3晚私家团","subTitle":"【亲子团·休闲度假·睡到自然醒·1单1团·纯玩·0购物】杭州西湖+西湖游船+灵隐飞来峰+雷峰塔+三潭印月+花港观鱼+拙政园+狮子林+苏州博物馆+寒山寺【专车·旅行管家】","tags":["无购物","无自费","成团保障","亲子甄选","寺院祈福","博物馆","车型可选"],"sellNum":"已售4人"},{"id":"32059708","title":"婺源+千岛湖+宏村+西递5日4晚私家团","subTitle":"【追风山野·春游徽州★家庭游】独立成团＆市区商圈5钻任选连住·逛吃方便『解锁4大秘境·加赠西溪南村』篁岭鲜花小镇·含往返索道+千岛湖·游船·登岛+西递＆宏村+24h接送站/管家1对1","tags":["可加购导游服务","无购物","无自费","成团保障","梯田","湖泊","赠取消险","车型可选","自选酒店"],"sellNum":"已售72人"},{"id":"35040224","title":"杭州+乌镇+西塘4日3晚私家团","subTitle":"【恋恋杭乌·双古镇】宿-1晚杭州+2晚乌镇#甄选携程榜单酒店『游』杭州经典双西“西湖+西溪”+“江南水乡天花板”乌镇西栅&东栅+“灵动古镇”西塘『行』全程专车·舒适型起·可升级商务","tags":["可加购导游服务","无购物","无自费","成团保障","湿地","古镇古村","车型可选","自选酒店"],"sellNum":"已售6人"},{"id":"38558406","title":"杭州+苏州+无锡+乌镇7日6晚私家团","subTitle":"【华东3市+杭州进无锡出+精华景点·古镇·名筑·网红打卡·游船·博物馆】拙政园+西湖+南浔古镇+拈花湾+灵山胜境+苏州博物馆+寒山寺+鼋头渚【专车·随走随停】","tags":["无购物","无自费","成团保障","寺院祈福","西湖游船","博物馆","车型可选","夜宿拈花湾","夜宿乌镇"],"sellNum":"已售3人"},{"id":"39184870","title":"苏州+乌镇+杭州5日4晚自由行","subTitle":"【双飞+私家包车游】《赏花江南》拙政园+苏州博物馆（优先新馆）+金鸡湖+乌镇+西溪湿地+灵隐寺【行】一单一团不拼车·全程待命放松游【宿】1晚苏州+1晚乌镇+2晚杭州#甄选携程榜单酒店#","tags":["自选酒店","包车游","湿地","寺院祈福","赏花","古镇古村","博物馆"],"sellNum":"已售8人"},{"id":"35984087","title":"南京+无锡+苏州+乌镇+杭州6日5晚私家团","subTitle":"《经典华东 全程包车》【游】总统府+中山陵+老门东+秦淮河畔+拈花湾+拙政园+耦园+寒山寺+乌镇西栅+西湖+灵隐寺+西溪湿地【行】一单一团·全程待命放松游 #甄选榜单酒店#","tags":["无购物","无自费","成团保障","湿地","寺院祈福","西湖游船","博物馆","车型可选","夜宿拈花湾","夜宿乌镇"],"sellNum":"已售64人"},{"id":"36303510","title":"上海+迪士尼（Disney）+乌镇+杭州6日5晚私家团","subTitle":"欢乐立减666/人【深度上乌杭】宿-2晚上海+1晚乌镇+2晚杭州『游』魔都经典:迪士尼/外滩/南京/城隍庙+水乡\"天花板\"乌镇+杭州:西湖/雷峰塔/灵隐寺/宋城千古情/西溪湿地！","tags":["可加购导游服务","无购物","无自费","成团保障","湿地","寺院祈福","古镇古村","迪士尼乐园","特色表演","西湖游船","车型可选","自选酒店"],"sellNum":"已售24人"},{"id":"30993814","title":"上海+苏州+杭州+无锡+南京+乌镇5日4晚私家团","subTitle":"1单1团/多人更优惠 专车出行『5钻严选宿乌镇+升级1晚网红拈花湾客栈&上海南京路商圈5钻』祈灵山  禅夜秀【情迷三水乡 乌镇+南浔+西塘】9大5A景点&双夜游 交通任选","tags":["无购物","无自费","成团保障","宫殿","游船体验","车型可选","夜宿拈花湾","入住精品民宿","东坡宴","乾隆御茶宴"],"sellNum":"已售45人"},{"id":"29236380","title":"南京+无锡+苏州+乌镇+杭州6日5晚私家团","subTitle":"【江南全景包车游】南京总统府+中山陵『聆听民国故事』&拈花湾『赏日夜景丨禅生活』&苏州『世界文化遗产』拙政园+苏博&平江路&杭州『祈福』灵隐飞来峰【甄选5钻榜单酒店】交通","tags":["可加购导游服务","无购物","无自费","成团保障","赠取消险","寺院祈福","博物馆","车型可选","夜宿拈花湾","夜宿乌镇"],"sellNum":"已售32人"},{"id":"36310847","title":"华东5市+迪士尼（Disney）6日5晚私家团","subTitle":"欢乐立减666/人【全景华东】宿2晚上海+1晚无锡+1晚乌镇+1晚杭州『游』魔都经典:迪士尼/外滩/南京路/城隍庙+苏州:拙政园/寒山寺+无锡拈花湾+乌镇+杭州:西湖/雷峰塔/灵隐寺","tags":["可加购导游服务","无购物","无自费","成团保障","寺院祈福","迪士尼乐园","西湖游船","车型可选","夜宿拈花湾"],"sellNum":"已售20人"},{"id":"32506751","title":"婺源+千岛湖+宏村+西递5日4晚私家团","subTitle":"【春游野趣·家庭亲子精选】1人起订 多人自动优惠商圈酒店任选连住『解锁4大秘境·加赠西溪南村』篁岭鲜花小镇·含往返索道+千岛湖·游船·登岛+名村西递＆宏村+24h接送站/管家1对1","tags":["可加购导游服务","无购物","无自费","成团保障","亲子甄选","梯田","湖泊","车型可选","自选酒店"],"sellNum":"已售19人"},{"id":"34276280","title":"上海+无锡+苏州+杭州+乌镇6日5晚私家团","subTitle":"私家出行 1单1团 纯玩无购物『VIP私人定制』保证宿【拈花湾+西栅双客栈+南京路商圈5星酒店】专车接送/景点可调/自在出游/家庭出行 多人更优惠 交通任选","tags":["无购物","无自费","成团保障","西湖游船","车型可选","夜宿拈花湾","夜宿乌镇","入住精品民宿"],"sellNum":"已售16人"},{"id":"29214172","title":"苏州+周庄+无锡+乌镇+杭州5日4晚私家团","subTitle":"【江南双水乡】5钻酒店随心选『1晚苏州+1晚拈花湾+1晚乌镇西栅内+1晚杭州』&『世界文化遗产』拙政园+拈花湾『赏日夜景』+西湖丨苏堤春晓+灵隐飞来峰【专车出行】含大交通","tags":["可加购导游服务","无购物","成团保障","赠取消险","车型可选","夜宿拈花湾","夜宿乌镇"],"sellNum":"已售16人"},{"id":"21642636","title":"华东5市+乌镇6日5晚私家团","subTitle":"人多均价低『1家人1辆车 专属1v1服务』中山陵&总统府&拙政园&灵山大佛&拈花湾&灵隐寺&乌镇&西湖【指定双客栈 无锡拈花湾 乌镇客栈 内外自选】五星旅行社｜24H管家服务 自选交通","tags":["无购物","无自费","成团保障","博物馆","车型可选","夜宿拈花湾"],"sellNum":"已售15人"}],[{"id":"35905503","title":"黄山风景区+婺源篁岭+千岛湖景区+宏村6日5晚私家团","subTitle":"夜宿宏村+夜宿黄山顶『1单1团&酒店自选』分2天环游黄山·观日出云海 |篁岭梯田「崖上古村/鲜花小镇·梯田花海/赠千米观光缆车」游千岛湖登梅峰岛【赠游船票】","tags":["无购物","无自费","成团保障","梯田","湖泊","深度登山","赏油菜花","车型可选","夜宿宏村","自选酒店","住黄山山顶"],"sellNum":"已售13人"},{"id":"38406162","title":"嵊泗+花鸟岛+枸杞岛4日3晚私家团","subTitle":"赠·岛上用车【专车周边游·悠游4岛·一线海景民宿·晓望日出】六井潭+和尚套悬崖栈道+撒欢基湖+东海渔村 | 邂逅荧光海+花鸟百年灯塔 | 绿野仙踪·无人村+东崖绝壁+山海奇观·眺海上牧场","tags":["无购物","无自费","成团保障","观日出","海岛","自选酒店"],"sellNum":"已售13人"},{"id":"38563903","title":"苏州+乌镇+杭州+上海6日5晚私家团","subTitle":"《漫品华东·江南+迪士尼》【游】拙政园+苏州博物馆（优先新馆）+乌镇+西溪湿地+灵隐寺+迪士尼（烟花秀）【行】跨城专车【宿】1晚苏州+1晚乌镇+1晚杭州+2晚上海#甄选携程榜单酒店#","tags":["可加购导游服务","无购物","成团保障","湿地","寺院祈福","迪士尼乐园","博物馆","车型可选"],"sellNum":"已售12人"},{"id":"35475601","title":"苏州+无锡+乌镇+杭州5日4晚私家团","subTitle":"《漫品水乡江南·赏花》【游】拙政园+苏州博物馆（新馆）+拈花湾+乌镇+西溪湿地+灵隐寺【行】全程包车【宿】1晚苏州+1晚无锡（夜宿拈花湾）+1晚乌镇+1晚杭州#甄选榜单酒店#高铁飞机","tags":["可加购导游服务","无购物","成团保障","湿地","寺院祈福","赏花","博物馆","车型可选","夜宿拈花湾"],"sellNum":"已售12人"},{"id":"37840970","title":"华东5市+迪士尼（Disney）7日6晚自由行","subTitle":"《全景华东包车游@迪士尼 双飞》跨城包车随行【玩】迪士尼（夜赏烟花秀）/外滩+拙政园+拈花湾+乌镇+西湖/雷峰塔/灵隐寺+中山陵/夫子庙【住】2上海+1杭州+1乌镇+1无锡+1南京","tags":["夜宿拈花湾","包车游","迪士尼乐园","西湖游船"],"sellNum":"已售9人"},{"id":"37125116","title":"黄山+婺源+千岛湖景区5日4晚私家团","subTitle":"【1单1团·专享旅程】自选市区商圈5钻·逛吃方便+1晚夜宿黄山@醉卧山水-手可摘星辰 | 分2天环游黄山风景区&看日出日落 奇松怪石 梯田古村|篁岭『24H接送站1V1管家服务』大交通可选","tags":["可加购导游服务","无购物","无自费","成团保障","梯田","深度登山","赏油菜花","车型可选","自选酒店"],"sellNum":"已售9人"},{"id":"35114240","title":"杭州+绍兴5日4晚私家团","subTitle":"<杭州绍兴精华全含>可自选夜宿西湖边！西湖登雷峰塔&船游姊妹湖【湘湖】|飞来峰@西溪湿地踏青赏花@赏江南诗画大片&游河坊古街*【船行】柯岩风景区#跟着课本游鲁迅顾里【24小时管家】","tags":["无购物","无自费","成团保障","湿地","赏花","车型可选"],"sellNum":"已售7人"},{"id":"36568646","title":"上海+苏州+杭州+无锡+南京+乌镇+上海迪士尼度假区6日5晚私家团","subTitle":"私家出行 1单1团 『5钻品牌酒店+升级拈花湾客栈&双夜游』祈灵山 品留园【情迷三水乡：乌镇+南浔+西塘】赠古镇游船 畅游迪士尼 多人更优惠 交通任选","tags":["无购物","无自费","成团保障","亲子甄选","宫殿","游船体验","迪士尼乐园","车型可选","夜宿拈花湾","入住精品民宿","东坡宴","乾隆御茶宴"],"sellNum":"已售7人"},{"id":"34399567","title":"千岛湖+宏村+婺源篁岭3日2晚私家团","subTitle":"【野奢CEO推荐·1单1团】篁岭鲜花小镇/崖上晒秋民俗·赠往返高空索道+天下秀水|千岛湖（游船+登岛）+皖南明珠/画中宏村『市区4钻/5钻酒店任选·逛吃方便』管家服务【周末家庭总动员】","tags":["可加购导游服务","无购物","无自费","成团保障","湖泊","赠取消险","车型可选","自选酒店"],"sellNum":"已售7人"},{"id":"37553404","title":"华东4市+迪士尼（Disney）6日5晚自由行","subTitle":"《全景华东@迪士尼 双飞》跨城包车随行【玩】迪士尼（夜赏烟花秀）/外滩/南京路/城隍庙+拙政园/寒山寺+拈花湾+乌镇+西湖/雷峰塔/灵隐寺【住】2晚上海+1晚无锡+1晚乌镇+1晚杭州","tags":["夜宿拈花湾","包车游","迪士尼乐园","西湖游船"],"sellNum":"已售6人"},{"id":"36309945","title":"上海+苏州+无锡+乌镇+杭州5日4晚私家团","subTitle":"【全程包车】宿-1晚上海+1晚无锡+1晚乌镇+1晚杭州#甄选榜单酒店『游』魔都经典:外滩/南京路/城隍庙+苏州:拙政园/寒山寺+无锡:夜宿拈花湾+水乡乌镇+杭州:西湖/灵隐寺/雷峰塔","tags":["可加购导游服务","无购物","无自费","成团保障","寺院祈福","西湖游船","车型可选","夜宿拈花湾"],"sellNum":"已售6人"},{"id":"37120217","title":"黄山+婺源+千岛湖+西递+宏村景区7日6晚私家团","subTitle":"全景徽州【1单1团·专享旅程】自选市区商圈5钻·逛吃方便+1晚夜宿黄山@醉卧山水-手可摘星辰-奇山秀水千岛湖·人文西递-水墨宏村『赠24H接送站+1V1管家服务』大交通可选","tags":["无购物","无自费","成团保障","梯田","湖泊","深度登山","赏油菜花","车型可选","自选酒店"],"sellNum":"已售5人"},{"id":"31683726","title":"黄山+婺源+宏村+西递+千岛湖+九华山7日6晚私家团","subTitle":"榜单热卖 奢遇皖赣 1单1团·VIP包车环游·全景徽州 丰田/别克/考斯特高端用车+严选5钻品牌酒店 门票全含『篁岭晒秋·赠千米索道+黄山＆九华山登顶』24h接送站/管家1对1","tags":["可加购导游服务","无购物","无自费","成团保障","登山难度2星","梯田","湖泊","赏油菜花","古镇古村","游船体验","禅院","宗祠"],"sellNum":"已售4人"},{"id":"34321599","title":"霞浦+杨家溪+北岐滩涂+花竹村+东壁+大嵛山岛5日4晚私家团","subTitle":"『临海而居』升2晚观海民宿『摄影顾问·深度行摄』大嵛山岛国家地理十大海岛+花竹村&北岐滩涂双日出+东壁&冬瓜山双日落+3整天·走遍霞浦东线&西线&东南线","tags":["可加购导游服务","无购物","无自费","成团保障","动车高铁游","观日出","观日落","海滨/沙滩","海岛","赠取消险","车型可选","自选酒店"],"sellNum":"已售4人"},{"id":"37390295","title":"南京+无锡+苏州+乌镇+杭州6日5晚私家团","subTitle":"《双飞 经典华东》A线 全程包车/B线 含导【游】总统府+中山陵+老门东+秦淮河畔+拈花湾+拙政园+耦园+寒山寺+乌镇+西湖+灵隐寺+西溪湿地【行】跨城包车放松游 #甄选榜单酒店#","tags":["无购物","成团保障","湿地","寺院祈福","西湖游船","博物馆","车型可选","夜宿拈花湾","夜宿乌镇"],"sellNum":"已售4人"},{"id":"33058708","title":"杭州西湖风景名胜区+杭州宋城4日3晚私家团","subTitle":"【西子湖畔·杭州花家山庄·览湖光山色·园林建筑·32平米景观大房间·睡到自然醒·1单1团·专车·纯玩】西湖游船+宋城千古情·灵隐寺+京杭大运河+浙江大学+六和塔+钱塘江·旅行管家","tags":["无购物","无自费","成团保障","湿地","湖泊","游乐园","寺院祈福","特色表演","西湖游船","自选酒店"],"sellNum":"已售3人"},{"id":"31312816","title":"嵊泗+花鸟岛3日2晚私家团","subTitle":"【花鸟岛住1晚1单1团·纯玩】海岛度假+玩转基湖沙滩+日出·大悲山+探寻荧光海+花鸟岛深度旅行·旅行管家·专车","tags":["无购物","无自费","成团保障","动车高铁游","海滨/沙滩","海岛","车型可选","自选酒店"],"sellNum":"已售3人"},{"id":"27284881","title":"上海+苏州+寒山寺+拙政园+乌镇+杭州+西湖风景名胜区5日4晚私家团","subTitle":"【诗画江南美如画，拈花一笑待君来】· 提灯夜游乌镇 · 走进烟雨江南 · 漫步风月西湖 · 一单一团 · 告别等待 · 24小时接送机/站服务","tags":["可加购导游服务","无购物","无自费","成团保障","寺院祈福","古镇古村","特色表演","西湖游船","车型可选"],"sellNum":"已售3人"},{"id":"36554537","title":"上海+苏州+杭州+无锡+南京+乌镇+上海迪士尼度假区6日5晚私家团","subTitle":"私家出行 1单1团 『5钻品牌酒店+升级拈花湾客栈&双夜游』祈灵山 品留园【情迷三水乡】嗨翻迪士尼:含VIP-乐园：8项快通+导览 多人更优惠 交通任选","tags":["无购物","无自费","成团保障","亲子甄选","宫殿","迪士尼乐园","车型可选","夜宿拈花湾","入住精品民宿","东坡宴","乾隆御茶宴"],"sellNum":"已售3人"},{"id":"37837096","title":"南京+无锡+苏州+乌镇+杭州7日6晚私家团","subTitle":"《双飞 经典华东》【游】牛首山+总统府+中山陵+老门东+秦淮河畔+拈花湾+拙政园+耦园+寒山寺+乌镇+西湖+灵隐寺+西溪湿地【行】跨城包车放松游 #甄选榜单酒店#","tags":["可加购导游服务","无购物","成团保障","湿地","西湖游船","博物馆","车型可选","夜宿拈花湾","夜宿乌镇"],"sellNum":"已售3人"}],[{"id":"34357985","title":"舟山朱家尖风景区+桃花岛风景区3日2晚私家团","subTitle":"【臻享舟旅南苑海上丝绸之路酒店·领略四国风情·私家沙滩·无边泳池】出海访《射雕英雄传》桃花岛·桃花峪+安期峰·览海上千岛+塔湾金沙·踏浪玩沙+东沙+大青山【专车+管家】","tags":["无购物","无自费","成团保障","海滨/沙滩","禅院"],"sellNum":"已售3人"},{"id":"37826215","title":"黄山风景区+婺源+千岛湖+宏村+西递6日5晚私家团","subTitle":"【黄婺千全景游】1人可订多人价更优【全程市中心酒店不挪窝·优选双老街商圈】登黄山仙境(赠上行景交)·船游千岛湖(赠船票)·探崖上古村篁岭(赠往返索道)·漫游宏村西递","tags":["可加购导游服务","无购物","无自费","成团保障","3期免息","6期免息","登山体验","梯田","赠取消险","赏油菜花","游船体验","车型可选"],"sellNum":"已售17人"},{"id":"29055251","title":"苏州+无锡+杭州+乌镇3日2晚私家团","subTitle":"『宿景区5钻酒店：1晚拈花湾内+1晚乌镇西栅内』&『世界文化遗产』拙政园+『网红地』拈花湾+『5A级』西湖赏“上有天堂 下有苏杭”【4人同行人均可省更多】含大交通","tags":["可加购导游服务","无购物","成团保障","车型可选","夜宿拈花湾","夜宿乌镇"],"sellNum":"已售3人"},{"id":"35597898","title":"上海+苏州+无锡+扬州+南京+乌镇+西塘+周庄12日11晚私家团","subTitle":"环游江南渔米之乡【全程奢宿·专车】『赠黄浦江游船』东方明珠塔+迪士尼 | 访名园+西津渡古街+瘦西湖 | 灵山大佛+拈花湾+鼋头渚 | 画舫秦淮河+总统府+牛首山","tags":["无购物","无自费","成团保障","湖泊","宫殿","迪士尼乐园","宗祠","博物馆","车型可选","夜宿拈花湾","夜宿乌镇"],"sellNum":"已售2人"},{"id":"34224367","title":"婺源+千岛湖4日3晚私家团","subTitle":"【野奢CEO推荐·1单1团】市区4钻/5钻酒店任选·逛吃方便『篁岭鲜花小镇/晒秋民俗·赠千米索道+天下秀水|千岛湖（游船+登岛）』逛屯溪老街+24H接送站+管家服务+车价自动分摊【家庭总动员】","tags":["可加购导游服务","无购物","无自费","成团保障","梯田","湖泊","车型可选","自选酒店"],"sellNum":"已售2人"},{"id":"35720389","title":"杭州+乌镇+南浔古镇4日3晚私家团","subTitle":"<双古镇>【梦里水乡】西子畔赏花踏青丶三潭印月&体验小桥流水人家的慢生活丶游古街老巷<草长莺飞><游江南水乡>宿古镇听潺潺流水&乌村体验水乡乡村生活【专车·随走随停·管家服务】","tags":["无购物","无自费","成团保障","湿地","寺院祈福","赏花","古镇古村","车型可选","自选酒店"],"sellNum":"已售2人"},{"id":"29920178","title":"上海+苏州+寒山寺+拙政园+乌镇+杭州+西湖风景名胜区6日5晚私家团","subTitle":"【诗画江南美如画，拈花一笑待君来】· 提灯夜游乌镇 · 走进烟雨江南 · 漫步风月西湖 · 一单一团  · 24小时接送机/站服务","tags":["可加购导游服务","无购物","无自费","成团保障","寺院祈福","特色表演","西湖游船","车型可选","夜宿拈花湾","入住精品民宿"],"sellNum":"已售2人"},{"id":"32154498","title":"江苏南京+扬州+苏州+周庄+乌镇5日4晚私家团","subTitle":"【高端酒店+风情客栈·专车】六朝古都深度人文『总统府·忆民国往事+中山陵·瞻仰国父/雨花台烈士陵园』秦淮河·夫子庙+姑苏城听曲逛名园+虎丘+打卡双水乡古镇+瘦西湖","tags":["无购物","无自费","成团保障","寺院祈福","博物馆","车型可选"],"sellNum":"已售2人"},{"id":"27513424","title":"杭州+乌镇+千岛湖5日4晚私家团","subTitle":"【日出江花红胜火，春来江水绿如蓝】专享【乌镇东栅+西栅+西塘三古镇】船游千岛湖 · 登梅峰岛 ·西溪向晚游 ·摇橹倚夕阳 · 赠送宋城表演·一单一团 · 24H免费接送站服务","tags":["可加购导游服务","无购物","成团保障","古镇古村","游船体验","车型可选","自选酒店"],"sellNum":"已售2人"},{"id":"34330009","title":"黄山风景区+婺源+千岛湖+宏村6日5晚私家团","subTitle":"【山水之恋·初游优选】1人可订多人立减『1晚宿黄山顶+4晚市区性价比酒店·优选黎阳/老街商圈』从梦幻黄山到柔情千岛湖，从网红篁岭到画里徽州的宏村的全景之旅【出行无忧】","tags":["无购物","无自费","成团保障","双酒店","登山体验","梯田","赏油菜花","游船体验","车型可选","住黄山山顶"],"sellNum":"已售14人"},{"id":"39284076","title":"苏州+杭州+湖州+无锡+乌镇+绍兴+宁波11日10晚私家团","subTitle":"精华游【苏州进宁波出+古镇·名筑·网红·游船·博物馆·园林】拙政园+西湖+云溪竹径+南浔古镇+拈花湾+苏州博物馆+鲁迅故里+柯岩景区+雪窦山+蒋氏故居【专车·管家】","tags":["无购物","无自费","成团保障","西湖游船","博物馆","车型可选","夜宿拈花湾","夜宿乌镇"],"sellNum":"已售2人"},{"id":"39284076","title":"苏州+杭州+湖州+无锡+乌镇+绍兴+宁波11日10晚私家团","subTitle":"精华游【苏州进宁波出+古镇·名筑·网红·游船·博物馆·园林】拙政园+西湖+云溪竹径+南浔古镇+拈花湾+苏州博物馆+鲁迅故里+柯岩景区+雪窦山+蒋氏故居【专车·管家】","tags":["无购物","无自费","成团保障","西湖游船","博物馆","车型可选","夜宿拈花湾","夜宿乌镇"],"sellNum":"已售2人"},{"id":"27413884","title":"杭州西湖风景名胜区+南浔古镇4日3晚私家团","subTitle":"〖烟雨江南 || 秀山秀水 || 一单一团 || 私家专享〗观断桥残雪-听灵隐佛音-赏西溪花海+夜游南浔 -赏醉美江南 || 精选五钻轻奢酒店-私密专车-惬意游遍醉美苏杭-亲子情侣出游度假优选","tags":["无购物","成团保障","赏花","古镇古村","西湖游船","车型可选"],"sellNum":"已售2人"},{"id":"35845865","title":"苏州+乌镇+杭州5日4晚私家团","subTitle":"《漫品江南·赏花》【游：江南经典】乌镇+拙政园+苏州博物馆+金鸡湖+西溪湿地+灵隐寺【行】一单一团不拼车·全程待命放松游【宿】1晚苏州+1晚乌镇+2晚杭州#甄选携程4钻舒适酒店#","tags":["可加购导游服务","无购物","成团保障","湿地","寺院祈福","赏花","博物馆","车型可选","自选酒店"],"sellNum":"已售2人"},{"id":"38452208","title":"苏州+乌镇+杭州7日6晚私家团","subTitle":"《全景江南·赏花》【江南经典】拙政园+苏州博物馆（优先新馆）+金鸡湖+乌镇+西溪湿地+灵隐寺+宋城【行】一单一团不拼车·全程待命放松游【宿】2晚苏州+1晚乌镇+3晚杭州#甄选榜单酒店#","tags":["可加购导游服务","无购物","成团保障","湿地","寺院祈福","赏花","博物馆","车型可选","自选酒店"],"sellNum":"已售2人"},{"id":"34135642","title":"舟山+嵊泗花鸟岛5日4晚私家团","subTitle":"【升级1晚朱家尖风景区轻奢酒店+花鸟花屿镜中奇遇轻奢酒店·晓望海上日出】出海跳岛\"中国圣托里尼\"·南湾蓝眼泪海岸线·邂逅荧光海+悠游玛塔线·打卡百年灯塔·览海上千岛【专车+24h管家】","tags":["无购物","无自费","成团保障","观日出","海岛"],"sellNum":"已售2人"},{"id":"37819133","title":"嵊泗+花鸟岛4日3晚私家团","subTitle":"【\"南法小镇\"嵊泗岛2晚+花鸟岛1晚· 一线海景民宿·晓望日出】六井潭+和尚套悬崖栈道+基湖沙滩 | 南湾蓝眼泪海岸线·邂逅荧光海+悠游玛塔线·打卡百年灯塔·览海上千岛【专车接送+24h旅行管家】","tags":["无购物","无自费","成团保障","观日出","海滨/沙滩","自选酒店"],"sellNum":"已售2人"},{"id":"29064673","title":"苏州+无锡+杭州+乌镇4日3晚私家团","subTitle":"『宿景区5钻酒店：1晚拈花湾内+1晚乌镇西栅内+1晚杭州市区』&『世界文化遗产』拙政园+『网红圣地』拈花湾+『5A级景区』西湖丨苏堤春晓+灵隐飞来峰 【4人同行人均可省更多】含大交通","tags":["可加购导游服务","无购物","成团保障","赠取消险","夜宿拈花湾","夜宿乌镇"],"sellNum":"已售4人"}]]