[[{"id":"35399891","title":"江苏无锡+苏州5日4晚私家团","subTitle":"【精选5钻酒店】无锡2晚（含拈花湾景区内1晚）+苏州2晚【双城游记】【游览】无锡：灵山大佛+拈花湾+鼋头渚 苏州：狮子林+拙政园+金鸡湖  【私家服务】一团一车/专属管家【含大交通】","tags":["可加购导游服务","无购物","无自费","成团保障","车型可选","夜宿拈花湾"],"sellNum":"已售3人"},{"id":"35854379","title":"江苏常州+无锡4日3晚私家团","subTitle":"【家庭游&1单1团·泡汤游园两不误·禅行表演·汉服体验·拈花塔夜景打卡】恐龙谷温泉+恐龙园＋拈花湾【常州恐龙谷温泉度假酒店&拈花湾拈花客栈&专车服务】","tags":["无购物","无自费","成团保障","游乐园","温泉酒店","夜宿拈花湾","入住精品民宿"],"sellNum":"已售3人"},{"id":"38558406","title":"杭州+苏州+无锡+乌镇7日6晚私家团","subTitle":"【华东3市+杭州进无锡出+精华景点·古镇·名筑·网红打卡·游船·博物馆】拙政园+西湖+南浔古镇+拈花湾+灵山胜境+苏州博物馆+寒山寺+鼋头渚【专车·随走随停】","tags":["无购物","无自费","成团保障","寺院祈福","西湖游船","博物馆","车型可选","夜宿拈花湾","夜宿乌镇"],"sellNum":"已售3人"},{"id":"35984087","title":"南京+无锡+苏州+乌镇+杭州6日5晚私家团","subTitle":"《经典华东 全程包车》【游】总统府+中山陵+老门东+秦淮河畔+拈花湾+拙政园+耦园+寒山寺+乌镇西栅+西湖+灵隐寺+西溪湿地【行】一单一团·全程待命放松游 #甄选榜单酒店#","tags":["无购物","无自费","成团保障","湿地","寺院祈福","西湖游船","博物馆","车型可选","夜宿拈花湾","夜宿乌镇"],"sellNum":"已售64人"},{"id":"36789179","title":"华东4市+迪士尼（Disney）6日5晚私家团","subTitle":"【亲子迪士尼 经典华东】宿-1晚南京+1晚无锡+1晚苏州+2晚上海【游】中山陵+总统府+夜游秦淮+ 灵山大佛+拈花湾+拙政园+外滩+梦幻迪士尼（夜赏烟花秀）【享】跨城包车 +线上管家","tags":["无购物","无自费","成团保障","亲子甄选","宫殿","迪士尼乐园","特色表演","博物馆","车型可选","夜宿拈花湾"],"sellNum":"已售5人"},{"id":"36061182","title":"南京+无锡+苏州7日6晚私家团","subTitle":"【经典江苏 全程包车】精选5钻榜单酒店【游】南京：报恩寺+中山陵+夜游秦淮+ 无锡：拈花湾+鼋头渚+南长街+苏州：周庄+拙政园+耦园+苏州博物馆+虎丘【行】一单一团不拼车 飞机高铁","tags":["可加购导游服务","无购物","无自费","成团保障","宫殿","寺院祈福","博物馆","车型可选","夜宿拈花湾"],"sellNum":"已售6人"},{"id":"37840970","title":"华东5市+迪士尼（Disney）7日6晚自由行","subTitle":"《全景华东包车游@迪士尼 双飞》跨城包车随行【玩】迪士尼（夜赏烟花秀）/外滩+拙政园+拈花湾+乌镇+西湖/雷峰塔/灵隐寺+中山陵/夫子庙【住】2上海+1杭州+1乌镇+1无锡+1南京","tags":["夜宿拈花湾","包车游","迪士尼乐园","西湖游船"],"sellNum":"已售9人"},{"id":"1021460919","title":"无锡3日自由行","subTitle":"【5钻双酒店可选+头尾接送+1天包车+拈花湾成人门票】1晚拈花湾度假区+1晚全市区5钻 随心选【深探梁溪·静访禅境】可一键加购 鼋头渚&灵山大佛门票 | 高铁往返 | 省心包车游","tags":["夜宿拈花湾","动车高铁游","包车游"],"sellNum":"已售339人"},{"id":"30993814","title":"上海+苏州+杭州+无锡+南京+乌镇5日4晚私家团","subTitle":"1单1团/多人更优惠 专车出行『5钻严选宿乌镇+升级1晚网红拈花湾客栈&上海南京路商圈5钻』祈灵山  禅夜秀【情迷三水乡 乌镇+南浔+西塘】9大5A景点&双夜游 交通任选","tags":["无购物","无自费","成团保障","宫殿","游船体验","车型可选","夜宿拈花湾","入住精品民宿","东坡宴","乾隆御茶宴"],"sellNum":"已售45人"},{"id":"34484530","title":"无锡+鼋头渚3日2晚私家团","subTitle":"《春季赏花@鼋头渚+灵山大佛》精选5钻榜单酒店（2晚市区&太湖边）【玩】鼋头渚+蠡园+南长街+灵山大佛【特色】避开人流高峰·下午进园·【车】2天包车+含接送站· 高铁动车","tags":["可加购导游服务","无购物","无自费","成团保障","亲子甄选","宫殿","赏桃花","禅院","赏桂花","赏梨花","车型可选","自选酒店"],"sellNum":"已售36人"},{"id":"29236380","title":"南京+无锡+苏州+乌镇+杭州6日5晚私家团","subTitle":"【江南全景包车游】南京总统府+中山陵『聆听民国故事』&拈花湾『赏日夜景丨禅生活』&苏州『世界文化遗产』拙政园+苏博&平江路&杭州『祈福』灵隐飞来峰【甄选5钻榜单酒店】交通","tags":["可加购导游服务","无购物","无自费","成团保障","赠取消险","宫殿","寺院祈福","博物馆","车型可选","夜宿拈花湾","夜宿乌镇"],"sellNum":"已售32人"},{"id":"36333463","title":"无锡3日2晚私家团","subTitle":"【拈花湾2晚连住+头尾专车接送+2天门票】指定入住景区内酒店『拈花客栈or波罗蜜多 』 一单一车不拼凑 | 夜宿拈花湾 | 远离尘嚣 | 感受亦梦亦真 | 赏绚烂夜景【高铁动车】","tags":["可加购导游服务","无购物","无自费","成团保障","动车高铁游","车型可选","夜宿拈花湾"],"sellNum":"已售27人"},{"id":"36310847","title":"华东5市+迪士尼（Disney）6日5晚私家团","subTitle":"欢乐立减666/人【全景华东】宿2晚上海+1晚无锡+1晚乌镇+1晚杭州『游』魔都经典:迪士尼/外滩/南京路/城隍庙+苏州:拙政园/寒山寺+无锡拈花湾+乌镇+杭州:西湖/雷峰塔/灵隐寺","tags":["可加购导游服务","无购物","无自费","成团保障","寺院祈福","迪士尼乐园","西湖游船","车型可选","夜宿拈花湾"],"sellNum":"已售20人"},{"id":"35585891","title":"无锡4日3晚私家团","subTitle":"《禅意赏花新旅行@专车专导》5钻榜单酒店精选【住】2晚 太湖边or市区 + 1晚拈花湾景区内【玩】『船游太湖佳绝处』鼋头渚赏花 & 拈花湾『唐风小京都』& 灵山大佛【4人出行约省500元】高铁飞机","tags":["无购物","无自费","成团保障","亲子甄选","双酒店","宫殿","赏樱","车型可选","夜宿拈花湾"],"sellNum":"已售17人"},{"id":"34276280","title":"上海+无锡+苏州+杭州+乌镇6日5晚私家团","subTitle":"私家出行 1单1团 纯玩无购物『VIP私人定制』保证宿【拈花湾+西栅双客栈+南京路商圈5星酒店】专车接送/景点可调/自在出游/家庭出行 多人更优惠 交通任选","tags":["无购物","无自费","成团保障","西湖游船","车型可选","夜宿拈花湾","夜宿乌镇","入住精品民宿"],"sellNum":"已售16人"},{"id":"29214172","title":"苏州+周庄+无锡+乌镇+杭州5日4晚私家团","subTitle":"【江南双水乡】5钻酒店随心选『1晚苏州+1晚拈花湾+1晚乌镇西栅内+1晚杭州』&『世界文化遗产』拙政园+拈花湾『赏日夜景』+西湖丨苏堤春晓+灵隐飞来峰【专车出行】含大交通","tags":["可加购导游服务","无购物","成团保障","赠取消险","车型可选","夜宿拈花湾","夜宿乌镇"],"sellNum":"已售16人"},{"id":"21642636","title":"华东5市+乌镇6日5晚私家团","subTitle":"人多均价低『1家人1辆车 专属1v1服务』中山陵&总统府&拙政园&灵山大佛&拈花湾&灵隐寺&乌镇&西湖【指定双客栈 无锡拈花湾 乌镇客栈 内外自选】五星旅行社｜24H管家服务 自选交通","tags":["无购物","无自费","成团保障","博物馆","车型可选","夜宿拈花湾"],"sellNum":"已售15人"},{"id":"35773986","title":"无锡+南京5日4晚私家团","subTitle":"【双城漫游】无锡+南京落地包车+精选5钻榜单酒店【游】 无锡：拈花湾+鼋头渚+南长街 +南京：总统府+中山陵+秦淮河畔【住】无锡2晚+南京2晚【车】双城包车+中间高铁","tags":["可加购导游服务","无购物","成团保障","宫殿","博物馆","车型可选","夜宿拈花湾"],"sellNum":"已售12人"},{"id":"35475601","title":"苏州+无锡+乌镇+杭州5日4晚私家团","subTitle":"《漫品水乡江南·赏花》【游】拙政园+苏州博物馆（新馆）+拈花湾+乌镇+西溪湿地+灵隐寺【行】全程包车【宿】1晚苏州+1晚无锡（夜宿拈花湾）+1晚乌镇+1晚杭州#甄选榜单酒店#高铁飞机","tags":["可加购导游服务","无购物","成团保障","湿地","寺院祈福","赏花","博物馆","车型可选","夜宿拈花湾"],"sellNum":"已售12人"},{"id":"29412935","title":"江苏南京+扬州+无锡+苏州+周庄5日4晚私家团","subTitle":"『双世遗』瘦西湖+拙政园&中山陵+总统府+明孝陵『聆听故事』&『城中园林』个园or何园&拈花湾『赏日夜景丨禅生活』【多人更划算|4人同行人均可省更多】含大交通","tags":["可加购导游服务","无购物","无自费","成团保障","赠取消险","博物馆","车型可选","夜宿拈花湾"],"sellNum":"已售11人"}],[{"id":"36568646","title":"上海+苏州+杭州+无锡+南京+乌镇+上海迪士尼度假区6日5晚私家团","subTitle":"私家出行 1单1团 『5钻品牌酒店+升级拈花湾客栈&双夜游』祈灵山 品留园【情迷三水乡：乌镇+南浔+西塘】赠古镇游船 畅游迪士尼 多人更优惠 交通任选","tags":["无购物","无自费","成团保障","亲子甄选","宫殿","游船体验","迪士尼乐园","车型可选","夜宿拈花湾","入住精品民宿","东坡宴","乾隆御茶宴"],"sellNum":"已售7人"},{"id":"38749834","title":"南京+无锡+苏州+上海6日5晚私家团","subTitle":"【漫品华东】5钻榜单酒店【游】中山陵+总统府+夜游秦淮+ 灵山大佛+拈花湾+拙政园+外滩+南京路+豫园+东方明珠【享】跨城包车+24H线上行程管家","tags":["可加购导游服务","无购物","无自费","成团保障","宫殿","博物馆","车型可选","夜宿拈花湾"],"sellNum":"已售6人"},{"id":"36080283","title":"无锡+苏州5日4晚私家团","subTitle":"【漫游苏锡】无锡2晚+苏州2晚【住】4钻精选（1晚入住拈花湾度假区）【游】 无锡：拈花湾+鼋头渚+苏州：【古镇2选1：周庄/同里】寒山寺+拙政园+苏州博物馆（优先新馆）【车】全程专车随行","tags":["可加购导游服务","无购物","成团保障","宫殿","寺院祈福","博物馆","车型可选","夜宿拈花湾","自选酒店"],"sellNum":"已售6人"},{"id":"36309945","title":"上海+苏州+无锡+乌镇+杭州5日4晚私家团","subTitle":"【全程包车】宿-1晚上海+1晚无锡+1晚乌镇+1晚杭州#甄选榜单酒店『游』魔都经典:外滩/南京路/城隍庙+苏州:拙政园/寒山寺+无锡:夜宿拈花湾+水乡乌镇+杭州:西湖/灵隐寺/雷峰塔","tags":["可加购导游服务","无购物","无自费","成团保障","寺院祈福","西湖游船","车型可选","夜宿拈花湾"],"sellNum":"已售6人"},{"id":"35772730","title":"无锡+苏州5日4晚私家团","subTitle":"【漫游苏锡@1晚入住拈花湾】精选5钻榜单酒店【住】无锡2晚+苏州2晚【游】 无锡：拈花湾+鼋头渚+南长街 苏州：【古镇2选1：周庄/同里】拙政园+苏州博物馆【车】全程专车随行 高铁飞机","tags":["可加购导游服务","无购物","成团保障","宫殿","车型可选","夜宿拈花湾"],"sellNum":"已售6人"},{"id":"37553404","title":"华东4市+迪士尼（Disney）6日5晚自由行","subTitle":"《全景华东@迪士尼 双飞》跨城包车随行【玩】迪士尼（夜赏烟花秀）/外滩/南京路/城隍庙+拙政园/寒山寺+拈花湾+乌镇+西湖/雷峰塔/灵隐寺【住】2晚上海+1晚无锡+1晚乌镇+1晚杭州","tags":["夜宿拈花湾","包车游","迪士尼乐园","西湖游船"],"sellNum":"已售6人"},{"id":"31210775","title":"无锡+拈花湾+天目湖+南山竹海3日2晚私家团","subTitle":"【赏花季@当花海邂逅竹林】1晚拈花湾景区内+1晚天目湖 5钻『禅意小京都 | 拈花湾 』+『纯氧万亩翠竹 | 南山竹海 』+『湖光山色绮丽 | 天目湖』拈花/御水/涵田/半岛 高铁","tags":["无购物","无自费","成团保障","动车高铁游","森林","赏花","夜宿拈花湾"],"sellNum":"已售5人"},{"id":"35482859","title":"苏州+无锡4日3晚私家团","subTitle":"《古镇拈花 | 私享包车》5钻榜单酒店+【玩】周庄/同里 古镇2选1+拙政园+虎丘+鼋头渚【耦园 摇橹船游览】+网红苏州博物馆+【夜游】金鸡湖&平江路+【夜宿】拈花湾【品 苏式汤面】","tags":["可加购导游服务","无购物","无自费","成团保障","博物馆","车型可选","夜宿拈花湾"],"sellNum":"已售5人"},{"id":"30758935","title":"无锡拈花湾+灵山大佛+鼋头渚2日1晚私家团","subTitle":"【拈花湾拈花客栈·拈花湾中心·依灵山·面太湖·园林式度假酒店·睡到自然醒·纯玩】览灵山胜境+鼋头渚泛舟太湖+看拈花湾《禅行》演出·动车往返·旅行管家","tags":["无购物","无自费","成团保障","动车高铁游","宫殿","车型可选","夜宿拈花湾"],"sellNum":"已售5人"},{"id":"30677673","title":"江苏南京+常州中华恐龙园+无锡拈花湾4日3晚私家团","subTitle":"【亲子乐游】口碑榜5钻酒店『随心选』总统府『聆听金陵故事』&中华恐龙园『探索东方侏罗纪恐龙文化』&拈花湾『体验禅生活』【私享】 专车出行+管家服务 含大交通","tags":["可加购导游服务","无购物","成团保障","亲子甄选","赠取消险","博物馆","车型可选","夜宿拈花湾","自选酒店"],"sellNum":"已售5人"},{"id":"35789561","title":"苏州+无锡4日3晚私家团","subTitle":"《双城拈花 | 私享包车》5钻榜单酒店【游：江南经典】拙政园+苏州博物馆+金鸡湖+鼋头渚+拈花湾【行】一单一团不拼车·全程待命放松游【宿】1晚苏州+2晚无锡#甄选携程榜单酒店#","tags":["无购物","无自费","成团保障","车型可选","夜宿拈花湾"],"sellNum":"已售4人"},{"id":"29064673","title":"苏州+无锡+杭州+乌镇4日3晚私家团","subTitle":"『宿景区5钻酒店：1晚拈花湾内+1晚乌镇西栅内+1晚杭州市区』&『世界文化遗产』拙政园+『网红圣地』拈花湾+『5A级景区』西湖丨苏堤春晓+灵隐飞来峰 【4人同行人均可省更多】含大交通","tags":["可加购导游服务","无购物","成团保障","赠取消险","夜宿拈花湾","夜宿乌镇"],"sellNum":"已售4人"},{"id":"37390295","title":"南京+无锡+苏州+乌镇+杭州6日5晚私家团","subTitle":"《双飞 经典华东》A线 全程包车/B线 含导【游】总统府+中山陵+老门东+秦淮河畔+拈花湾+拙政园+耦园+寒山寺+乌镇+西湖+灵隐寺+西溪湿地【行】跨城包车放松游 #甄选榜单酒店#","tags":["无购物","成团保障","湿地","寺院祈福","西湖游船","博物馆","车型可选","夜宿拈花湾","夜宿乌镇"],"sellNum":"已售4人"},{"id":"35754348","title":"南京+无锡5日4晚私家团","subTitle":"【江南双城】两地包车【游】南京：报恩寺+中山陵+美龄宫+夜游秦淮+ 无锡：拈花湾+鼋头渚+南长街【行】一单一团不拼车·全程待命放松游【宿】2晚南京+2晚无锡（1晚入住拈花湾）#甄选榜单酒店#","tags":["无购物","无自费","成团保障","宫殿","寺院祈福","车型可选","夜宿拈花湾"],"sellNum":"已售4人"},{"id":"35422374","title":"苏州+无锡5日4晚私家团","subTitle":"<全精华>【船游姑苏】古运河游船+狮子林+拙政园+山塘街+寒山寺+枫桥景区+拈花湾+鼋头渚+蠡园+太湖之眼摩天轮,<瞰无锡全貌>【24小时管家服务】【情侣·闺蜜】","tags":["无购物","无自费","成团保障","车型可选","夜宿拈花湾","自选酒店"],"sellNum":"已售3人"},{"id":"37192163","title":"无锡2日1晚私家团","subTitle":"【拈花湾 & 灵山大佛】指定入住景区内酒店『拈花客栈 or 波罗蜜多 』 1天包车+1天专车接站 | 夜宿拈花湾 | 远离尘嚣 | 感受亦梦亦真 | 赏绚烂夜景 · 一花一世界 · 禅意生活 高铁动车","tags":["可加购导游服务","无购物","成团保障","动车高铁游","车型可选","夜宿拈花湾"],"sellNum":"已售3人"},{"id":"36792504","title":"华东4市+迪士尼（Disney）6日5晚私家团","subTitle":"【亲子迪士尼 经典华东】5钻榜单酒店【游】中山陵+总统府+夜游秦淮+ 灵山大佛+拈花湾+拙政园+外滩+南京路+梦幻迪士尼（夜赏烟花秀）【享】跨城包车+24H线上行程管家","tags":["无购物","无自费","成团保障","亲子甄选","宫殿","迪士尼乐园","特色表演","博物馆","车型可选","夜宿拈花湾"],"sellNum":"已售8人"},{"id":"36554537","title":"上海+苏州+杭州+无锡+南京+乌镇+上海迪士尼度假区6日5晚私家团","subTitle":"私家出行 1单1团 『5钻品牌酒店+升级拈花湾客栈&双夜游』祈灵山 品留园【情迷三水乡】嗨翻迪士尼:含VIP-乐园：8项快通+导览 多人更优惠 交通任选","tags":["无购物","无自费","成团保障","亲子甄选","宫殿","迪士尼乐园","车型可选","夜宿拈花湾","入住精品民宿","东坡宴","乾隆御茶宴"],"sellNum":"已售3人"},{"id":"27385978","title":"江苏无锡2日1晚私家团","subTitle":"赏花季【市区&拈花湾景区内5钻酒店随心选】打卡网红圣地拈花湾『品禅意慢生活』赏拈花湾日/夜全景&“穿越”三国城水浒城+坐古战船畅游太湖【4人同行人均可省更多】含大交通","tags":["无购物","成团保障","动车高铁游","赠取消险","赏花","车型可选","自选酒店"],"sellNum":"已售3人"},{"id":"37837096","title":"南京+无锡+苏州+乌镇+杭州7日6晚私家团","subTitle":"《双飞 经典华东》【游】牛首山+总统府+中山陵+老门东+秦淮河畔+拈花湾+拙政园+耦园+寒山寺+乌镇+西湖+灵隐寺+西溪湿地【行】跨城包车放松游 #甄选榜单酒店#","tags":["可加购导游服务","无购物","成团保障","湿地","西湖游船","博物馆","车型可选","夜宿拈花湾","夜宿乌镇"],"sellNum":"已售3人"}],[{"id":"36357078","title":"无锡4日3晚私家团","subTitle":"【漫享锡城】《禅意赏花新旅行@专车专导》5钻榜单酒店精选【住】2晚 太湖边or市区 + 1晚拈花湾景区内【玩】『船游太湖佳绝处』鼋头渚赏花 & 拈花湾『唐风小京都』& 灵山大佛祈福","tags":["无购物","成团保障","亲子甄选","双酒店","宫殿","寺院祈福","赏樱","夜宿拈花湾"],"sellNum":"已售3人"},{"id":"27385748","title":"江苏无锡3日2晚私家团","subTitle":"【赏花季】精选5钻『1晚拈花湾景区内+1晚市区』&览拈花湾日夜景『日赏唐风小镇＆夜遇水幕灯光秀』＆三国水浒城『穿越时空 聆听故事』&坐船赏『太湖佳绝处』鼋头渚【多人更划算】含大交通","tags":["无购物","成团保障","双酒店","动车高铁游","赠取消险","赏花","车型可选","夜宿拈花湾"],"sellNum":"已售3人"},{"id":"29055251","title":"苏州+无锡+杭州+乌镇3日2晚私家团","subTitle":"『宿景区5钻酒店：1晚拈花湾内+1晚乌镇西栅内』&『世界文化遗产』拙政园+『网红地』拈花湾+『5A级』西湖赏“上有天堂 下有苏杭”【4人同行人均可省更多】含大交通","tags":["可加购导游服务","无购物","成团保障","车型可选","夜宿拈花湾","夜宿乌镇"],"sellNum":"已售3人"},{"id":"29239184","title":"深度人文·扬州+无锡鼋头渚6日5晚私家团","subTitle":"【罗莱夏朵旗下·南京颐和公馆+瘦西湖畔青普文化行馆+万达文华独栋湖景别墅】乘船夜游秦淮河+与艺术名师，制绒花学扬剧+游船千垛景区+木筏林间漂流+趣园早茶+丽思卡尔顿下午茶","tags":["无购物","无自费","成团保障","湖泊","森林","赏樱","赏油菜花","游船体验","赏杜鹃","漂流","入住精品民宿","入住亲子榜单酒店"],"sellNum":"已售2人"},{"id":"35597898","title":"上海+苏州+无锡+扬州+南京+乌镇+西塘+周庄12日11晚私家团","subTitle":"环游江南渔米之乡【全程奢宿·专车】『赠黄浦江游船』东方明珠塔+迪士尼 | 访名园+西津渡古街+瘦西湖 | 灵山大佛+拈花湾+鼋头渚 | 画舫秦淮河+总统府+牛首山","tags":["无购物","无自费","成团保障","湖泊","宫殿","迪士尼乐园","宗祠","博物馆","车型可选","夜宿拈花湾","夜宿乌镇"],"sellNum":"已售2人"},{"id":"35453836","title":"苏州+无锡5日4晚私家团","subTitle":"<体验江南·慢生活>平江路自由活动-寒山寺-山塘街-拙政园-古运河游船-木渎古镇-拈花湾-灵山胜境-鼋头渚-南长街【深度苏锡休闲游】【24小时行程管家】","tags":["无购物","无自费","成团保障","寺院祈福","车型可选","夜宿拈花湾","自选酒店"],"sellNum":"已售2人"},{"id":"29920178","title":"上海+苏州+寒山寺+拙政园+乌镇+杭州+西湖风景名胜区6日5晚私家团","subTitle":"【诗画江南美如画，拈花一笑待君来】· 提灯夜游乌镇 · 走进烟雨江南 · 漫步风月西湖 · 一单一团  · 24小时接送机/站服务","tags":["可加购导游服务","无购物","无自费","成团保障","寺院祈福","特色表演","西湖游船","车型可选","夜宿拈花湾","入住精品民宿"],"sellNum":"已售2人"},{"id":"36301427","title":"无锡+宜兴4日3晚私家团","subTitle":"【漫游双城 无锡+宜兴】全程包车+精选5钻榜单酒店【住】无锡2晚+宜兴1晚【游】 无锡：拈花湾+鼋头渚+南长街 宜兴：宜兴竹海+善卷洞【车】全程专车随行","tags":["可加购导游服务","无购物","成团保障","森林","车型可选","夜宿拈花湾"],"sellNum":"已售2人"},{"id":"34928621","title":"上海+苏州+无锡+乌镇+杭州7日6晚私家团","subTitle":"《迪士尼@深游小华东》4城酒店体验+换城全程包车 不挤高铁『游』上海:迪士尼/外滩/东方明珠+苏州:拙政园/寒山寺+无锡:拈花湾+乌镇西栅+杭州:西湖/灵隐寺/雷峰塔!飞机/高铁可选","tags":["可加购导游服务","无购物","无自费","成团保障","寺院祈福","迪士尼乐园","车型可选","夜宿拈花湾"],"sellNum":"已售2人"},{"id":"39284076","title":"苏州+杭州+湖州+无锡+乌镇+绍兴+宁波11日10晚私家团","subTitle":"精华游【苏州进宁波出+古镇·名筑·网红·游船·博物馆·园林】拙政园+西湖+云溪竹径+南浔古镇+拈花湾+苏州博物馆+鲁迅故里+柯岩景区+雪窦山+蒋氏故居【专车·管家】","tags":["无购物","无自费","成团保障","西湖游船","博物馆","车型可选","夜宿拈花湾","夜宿乌镇"],"sellNum":"已售2人"},{"id":"35303009","title":"江苏无锡2日1晚私家团","subTitle":"赏花季【禅意小镇】宿拈花湾景区1晚+专车接送站服务【唐风宋韵】度假区内丰富体验活动，享受心灵度假【酒店可选】拈花湾客栈/波罗蜜多任选【私享】专属司机&管家服务，深度慢游【含大交通】","tags":["可加购导游服务","无购物","无自费","成团保障","动车高铁游","赏花","车型可选","夜宿拈花湾"],"sellNum":"已售2人"},{"id":"35510085","title":"无锡灵山大佛+拈花湾+鼋头渚+中视无锡影视基地2日1晚私家团","subTitle":"『江南小京都·禅意·赏花之旅·专车』船游太湖+赏樱鼋头渚 | 福聚灵山胜境+水幕灯光秀 | 三国水浒城·穿越名典『优选拈花湾客栈·背依大佛·直面三万顷太湖宽』","tags":["无购物","无自费","成团保障","动车高铁游","湖泊","宫殿","寺院祈福","赏花","车型可选","夜宿拈花湾"],"sellNum":"已售2人"},{"id":"30630581","title":"江苏常州中华恐龙园+无锡拈花湾3日2晚私家团","subTitle":"【亲子乐游】甄选口碑榜5钻酒店随心选『东方侏罗纪』中华恐龙园『探寻神秘的恐龙文化』&拈花湾『赏日夜全景丨享禅意慢生活』【私享】专车出行+管家服务【含大交通】","tags":["可加购导游服务","无购物","成团保障","亲子甄选","动车高铁游","赠取消险","博物馆","车型可选","夜宿拈花湾","自选酒店"],"sellNum":"已售2人"},{"id":"29856662","title":"无锡2日1晚私家团","subTitle":"【花样假期 游拈花】指定入住景区内酒店『拈花客栈or波罗蜜多』 无锡落地vip专车接送  | 夜宿拈花湾 | 远离尘嚣 | 感受亦梦亦真 | 赏绚烂夜景 · 一花一世界 · 禅意生活【大交通可选】","tags":["可加购导游服务","无购物","无自费","成团保障","车型可选","夜宿拈花湾"],"sellNum":"已售82人"},{"id":"31200385","title":"江苏无锡2日1晚私家团","subTitle":"赏花季【睡在美景里：拈花湾景区内酒店·可任选】拈花湾全景『梵天花海赏花丨日赏唐风小镇 ＆夜遇湖上3D水幕电影 』＆灵山大佛『祈福*吉祥心旅程 』【4人同行人均可省更多】含大交通","tags":["无购物","成团保障","动车高铁游","赠取消险","宫殿","寺院祈福","赏花","车型可选","夜宿拈花湾"],"sellNum":"已售7人"},{"id":"28614506","title":"江苏无锡3日2晚私家团","subTitle":"【太湖明珠】精选5钻酒店『随心选丨1晚拈花湾景区内』坐船游『太湖佳绝处』鼋头渚『百花齐放』&拈花湾『赏花丨览日夜全景丨享禅生活』&灵山大佛『心呈吉祥』多人同行更优惠【含大交通】","tags":["无购物","成团保障","双酒店","动车高铁游","赠取消险","宫殿","寺院祈福","车型可选","夜宿拈花湾"],"sellNum":"已售21人"}]]