[
    {
        "id": "28989067",
        "title": "户外探索·西藏拉萨+稻城亚丁11日10晚私家团",
        "subTitle": "【金川梨花·林芝桃花】醉美元川藏线·丰田普拉多·专属1团1单||赠送鱼子西雪山下午茶·理塘藏式风味餐·鲁朗石锅鸡·布达拉宫景观茶歇||全程无人机航拍·供氧支持||米堆冰川·然乌湖·鲁朗林海·巴松措尽览风光",
        "tags": [
            "无购物",
            "无自费",
            "成团保障",
            "雪山",
            "冰川",
            "森林",
            "赏桃花",
            "车型可选",
            "藏宴",
            "石锅鸡"
        ],
        "sellNum": "已售10人",
        "pmRec": "★ 赠下午茶于雪山之巅+品味理塘藏式美馔+鲁朗石锅佳肴+布宫美景茶歇，一人即可预订，上限八人，畅享纯净之旅！\n★ 精选人文风光，鱼子西观赏雅拉雪山金山盛景。途中所见皆风景，随心所欲，想停就停。\n★ 专注户外越野17载，资深藏地驾驶十余年，带您领略绝美川藏线！纯玩之旅，购物无忧，更有无人机航拍精彩瞬间！",
        "detailDescriptionContentView": {
            "text": "预订须知\n\n\n1、本行程默认安排丰田越野车接载（限乘4人），5至8人将提供海格/全顺等改装保姆车，敬请留意。\n\n2、各地至成都的单程机票按1000元/人计算（9.26-10.4期间为1600元/人），最终费用将根据实际出票价格进行多退少补。\n\n3、因AB线路在日松贡布的入住日期有别，赏花期间价格略有上浮。若您想改为B线川藏赏花行程，请先咨询客服确认后再行下单。\n\n4、稻城亚丁：每年11月下旬至次年4月中旬，贡嘎措至牛奶海、五色海区域因冬春冰冻期实施封闭管理，暂停开放，请悉知。\n\n      若您选择自理机票，下单时请将出发城市更改为成都，系统将自动扣除相应班期机票费用。"
        },
        "dailyItinerary": [
            {
                "title": "全国聚焦成都城",
                "subItems": [
                    {
                        "time": "不限",
                        "daily_itinerary_sub_tit": "航班",
                        "rich_content_view": "今日抵达成都，我们将提供双流机场或火车东站的接站服务，安全送您至市区酒店。\n\n【温馨提醒】\n\n（1）各地飞成都航班众多，成都单程机票按1000元/人计（9.26-10.4期间1600元/人），实际票价多退少补。\n\n【若自行承担机票，请在下单时将出发城市更改为成都，系统将自动扣除相应机票费用】。\n\n（2）本产品包含的接机服务默认为【双流机场】。若您抵达天府机场需接机，请在下单时选择相应服务。未选择者视为放弃。\n\n（3）我们会在出行前一日通过短信发送出团通知，接机师傅也会提前联系您，请保持手机畅通，留意信息。（若出行前一日21:00前未收到通知，请及时联系客服）。\n\n（4）自由活动时，请留意人身及财产安全，记住酒店电话与地址，确保乘坐正规交通工具。【入住酒店需押金时，请自行在前台支付】。"
                    },
                    {
                        "time": "全天",
                        "daily_itinerary_sub_tit": "酒店",
                        "daily_itinerary_hotel": {
                            "HotelID": 436877,
                            "HotelName": "成都西藏饭店"
                        }
                    }
                ]
            },
            {
                "title": "成都至折多山－彩虹路康定机场段－鱼子西赏日照金山－新都桥（海拔3300米）",
                "subItems": [
                    {
                        "time": "07:30",
                        "daily_itinerary_sub_tit": "早餐",
                        "rich_content_view": "成人：含餐 儿童：不含餐",
                        "meal_hours_box": "用餐时间：约30分钟"
                    },
                    {
                        "time": "全天",
                        "daily_itinerary_sub_tit": "交通",
                        "rich_content_view": "车型：今日启程，正式踏上318之旅，标准车型为丰田普拉多（更换车型可能涉及额外费用，具体请咨询客服），确保为您配备藏区经验丰富的资深驾驶师傅！车辆一经安排，行程中不再调整。\n座位：行程期间，乘客座位将按每日顺时针轮换。",
                        "meal_hours_box": "行驶：约350千米/约6小时30分钟"
                    },
                    {
                        "time": "上午",
                        "daily_itinerary_sub_tit": "景点/场馆",
                        "meal_hours_box": "活动时间：约20分钟",
                        "daily_itinerary_sces": [
                            {
                                "GSScenicSpotID": 56806268,
                                "PreName": "",
                                "Name": "二郎山隧道",
                                "SuffixName": ""
                            }
                        ]
                    },
                    {
                        "time": "12:30",
                        "daily_itinerary_sub_tit": "午餐",
                        "rich_content_view": "成人：不含餐 儿童：不含餐",
                        "meal_hours_box": "用餐时间：约1小时"
                    },
                    {
                        "time": "下午",
                        "daily_itinerary_sub_tit": "景点/场馆",
                        "meal_hours_box": "活动时间：约1小时",
                        "daily_itinerary_sces": [
                            {
                                "GSScenicSpotID": 10520932,
                                "PreName": "",
                                "Name": "折多山",
                                "SuffixName": ""
                            },
                            {
                                "GSScenicSpotID": 106596664,
                                "PreName": "",
                                "Name": "鱼子西",
                                "SuffixName": ""
                            },
                            {
                                "GSScenicSpotID": 82108,
                                "PreName": "",
                                "Name": "新都桥",
                                "SuffixName": ""
                            }
                        ]
                    },
                    {
                        "time": "晚上",
                        "daily_itinerary_sub_tit": "酒店",
                        "rich_content_view": "鉴于藏区地理特殊，物资相对匮乏，酒店条件与内地城市有所区别，敬请客人勿以都市标准衡量。",
                        "daily_itinerary_hotel": {
                            "HotelID": 108747741,
                            "HotelName": "康定新都桥赞蕃大酒店"
                        }
                    },
                    {
                        "time": "18:20",
                        "daily_itinerary_sub_tit": "晚餐",
                        "rich_content_view": "成人：不含餐 儿童：不含餐",
                        "meal_hours_box": "用餐时间：约30分钟"
                    }
                ]
            },
            {
                "title": "新都桥至雅江经理塘至稻城亚丁（海拔：2900米）",
                "subItems": [
                    {
                        "time": "07:30",
                        "daily_itinerary_sub_tit": "早餐",
                        "rich_content_view": "成人：含餐 儿童：不含餐",
                        "meal_hours_box": "用餐时间：约30分钟"
                    },
                    {
                        "time": "全天",
                        "daily_itinerary_sub_tit": "交通",
                        "rich_content_view": "早餐后，我们从新都桥启程，穿越全长5680米的高尔寺山隧道，途经雅砻江边的康巴小镇——雅江县城，继而翻越剪子弯山和卡子拉山，全程在4000米以上的高原草甸行驶。抵达西俄洛，这里位于横断山脉深处，森林草原茂盛，雅砻江的支流在此穿梭。在西俄洛观景台，可领略“登高望远，群山皆小”的壮丽景色。继续翻越兔子山，路过古冰川遗迹，欣赏苍凉的海子山自然保护区，区内遍布大小砾石和形态各异的冰蚀湖，荒凉景致犹如火星表面。\n\n旅程继续，我们抵达香格里拉镇，并在那里过夜。\n\n温馨提示：白天行车海拔多在4000米以上，出现高原反应或不适是正常现象，无需过分紧张。当晚住宿地海拔较低，不适感将有所缓解，请保持心态放松。请根据酒店说明合理使用水资源，多加留意。",
                        "meal_hours_box": "行驶：约420千米/约8小时"
                    },
                    {
                        "time": "上午",
                        "daily_itinerary_sub_tit": "景点/场馆",
                        "meal_hours_box": "活动时间：约1小时30分钟",
                        "daily_itinerary_sces": [
                            {
                                "GSScenicSpotID": 82108,
                                "PreName": "",
                                "Name": "新都桥",
                                "SuffixName": ""
                            },
                            {
                                "GSScenicSpotID": 91951522,
                                "PreName": "",
                                "Name": "天路十八弯观景台",
                                "SuffixName": ""
                            },
                            {
                                "GSScenicSpotID": 22866237,
                                "PreName": "",
                                "Name": "卡子拉山",
                                "SuffixName": ""
                            }
                        ]
                    },
                    {
                        "time": "12:30",
                        "daily_itinerary_sub_tit": "午餐",
                        "rich_content_view": "成人：含餐 儿童：含餐",
                        "meal_hours_box": "用餐时间：约1小时",
                        "daily_itinerary_sces": [
                            {
                                "GSScenicSpotID": 43356199,
                                "Name": "传说理塘文化主题餐吧"
                            },
                            {
                                "GSScenicSpotID": 130810224,
                                "Name": "喜马拉雅民族餐吧"
                            }
                        ]
                    },
                    {
                        "time": "下午",
                        "daily_itinerary_sub_tit": "景点/场馆",
                        "meal_hours_box": "活动时间：约2小时",
                        "daily_itinerary_sces": [
                            {
                                "GSScenicSpotID": 24651207,
                                "PreName": "",
                                "Name": "理塘草原",
                                "SuffixName": ""
                            },
                            {
                                "GSScenicSpotID": 80456,
                                "PreName": "",
                                "Name": "海子山",
                                "SuffixName": ""
                            },
                            {
                                "GSScenicSpotID": 56806266,
                                "PreName": "",
                                "Name": "兔儿山",
                                "SuffixName": ""
                            }
                        ]
                    },
                    {
                        "time": "19:00",
                        "daily_itinerary_sub_tit": "晚餐",
                        "rich_content_view": "成人：不含餐 儿童：不含餐"
                    },
                    {
                        "time": "18:20",
                        "daily_itinerary_sub_tit": "酒店",
                        "rich_content_view": "鉴于藏区条件资源有限，若遇酒店/客栈满房，我们将为您调换其他当地住宿，以实际安排为准，此情况不接受投诉。藏区地理特殊，物资相对短缺，酒店设施与内地城市有所差异，敬请客人不以城市标准衡量（如缺少一次性拖鞋、吹风机等，一次性用品有限）。旺季时可能需安排入住稻城县城，敬请理解。",
                        "daily_itinerary_hotel": {
                            "HotelID": 458470,
                            "HotelName": "亚丁日松贡布皇冠假日酒店"
                        }
                    }
                ]
            },
            {
                "title": "亚丁一日游——亚丁/稻城（海拔：2900米）",
                "subItems": [
                    {
                        "time": "07:30",
                        "daily_itinerary_sub_tit": "早餐",
                        "rich_content_view": "成人：含餐 儿童：不含餐",
                        "meal_hours_box": "用餐时间：约30分钟"
                    },
                    {
                        "time": "08:00",
                        "daily_itinerary_sub_tit": "景点/场馆",
                        "rich_content_view": "早餐后，我们踏入亚丁风景区，乘观光车抵达亚丁村。步行约4小时可达洛绒牛场，团员也可选择骑马或乘电瓶车观光。（骑马费用自理，单程300元/人，全程3.5公里，从洛绒牛场至马帮终点），请注意骑马安全，需马夫引导，部分1.8公里徒步路段崎岖，体力要求较高，高海拔地区气温低，风力大，请带足保暖衣物。\n洛绒牛场被视为亚丁景区的核心区，这里可近距离欣赏央迈勇（文殊菩萨）和夏洛多吉（金刚手菩萨）两大神山。",
                        "meal_hours_box": "活动时间：约5小时",
                        "daily_itinerary_sces": [
                            {
                                "GSScenicSpotID": 78572,
                                "PreName": "",
                                "Name": "稻城亚丁",
                                "SuffixName": ""
                            },
                            {
                                "GSScenicSpotID": 87201,
                                "PreName": "",
                                "Name": "仙乃日",
                                "SuffixName": ""
                            },
                            {
                                "GSScenicSpotID": 80483,
                                "PreName": "",
                                "Name": "洛绒牛场",
                                "SuffixName": ""
                            },
                            {
                                "GSScenicSpotID": 87202,
                                "PreName": "",
                                "Name": "甘孜稻城亚丁景区-夏诺多吉",
                                "SuffixName": ""
                            },
                            {
                                "GSScenicSpotID": 80464,
                                "PreName": "",
                                "Name": "央迈勇",
                                "SuffixName": ""
                            }
                        ]
                    },
                    {
                        "time": "13:30",
                        "daily_itinerary_sub_tit": "午餐",
                        "rich_content_view": "成人：不含餐 儿童：不含餐",
                        "meal_hours_box": "用餐时间：约1小时"
                    },
                    {
                        "time": "下午",
                        "daily_itinerary_sub_tit": "景点/场馆",
                        "rich_content_view": "体力充沛的徒步爱好者，抵达洛绒牛场后，可沿碎石小径步行至牛奶海和五色海（往返约7公里，徒步约需4小时）。牛奶海形似扇贝，中央为碧蓝雪水，外围乳白如带，此即牛奶海名字的由来。\n\n五色海映现山峦、云影的丰富层次，湖畔经幡、玛尼堆诉说着对神山圣湖的虔诚。注意，五色海海拔颇高（逾4600米），天气多变，骤雨狂风随时可能邂逅，美景虽好，却非唾手可得，请保持平和心态。同时，全程高海拔徒步，请量力而为，欣赏风景次之，安全为先。夜宿香格里拉镇，旺季或调整至稻城县城，敬请理解。",
                        "meal_hours_box": "活动时间：约3小时",
                        "daily_itinerary_sces": [
                            {
                                "GSScenicSpotID": 82112,
                                "PreName": "",
                                "Name": "牛奶海",
                                "SuffixName": ""
                            },
                            {
                                "GSScenicSpotID": 87227,
                                "PreName": "",
                                "Name": "五色海",
                                "SuffixName": ""
                            }
                        ]
                    },
                    {
                        "time": "19:00",
                        "daily_itinerary_sub_tit": "晚餐",
                        "rich_content_view": "成人：不含餐 儿童：不含餐"
                    },
                    {
                        "time": "18:20",
                        "daily_itinerary_sub_tit": "酒店",
                        "rich_content_view": "鉴于藏区条件资源有限，若遇旅馆满房，我们将安排您入住其他当地住宿，实际住宿以现场安排为准，此情况不接受投诉。藏区地理特殊，物资相对短缺，酒店设施与内地城市有所区别，敬请客人不以城市标准衡量（例如：可能缺少一次性拖鞋、吹风机、一次性酒店用品等）。\n\n旺季时可能需安排入住稻城县城，敬请理解。",
                        "daily_itinerary_hotel": {
                            "HotelID": 458470,
                            "HotelName": "亚丁日松贡布皇冠假日酒店"
                        }
                    }
                ]
            },
            {
                "title": "亚丁至巴塘经芒康（海拔：3850米）",
                "subItems": [
                    {
                        "time": "07:30",
                        "daily_itinerary_sub_tit": "早餐",
                        "rich_content_view": "成人：含餐 儿童：不含餐",
                        "meal_hours_box": "用餐时间：约30分钟"
                    },
                    {
                        "time": "全天",
                        "daily_itinerary_sub_tit": "交通",
                        "rich_content_view": "早餐后启程，途经理塘继而深入毛垭大草原。四周群山环绕，草原如海洋般广阔，绿意盎然。夏日里，在蓝天之下，牛羊遍野，绿草延绵，野花争艳，翻滚其间，衣沾花香；秋天，天高云淡，草木镀金，变化之季给草原带来无限魅力。随G318国道西进，穿越沙鲁里山脉垭口，抵达海子山巅（海拔4700米），转个弯，便目睹壮丽景观：两颗碧蓝的高原明珠相邻，呼吸间，沉醉于那份宁静之美，这是历经百万年变迁后的宁静祥和。\n\n继续前行，抵达巴塘县城，夜宿巴塘或芒康。",
                        "meal_hours_box": "行驶：约500千米/约10小时30分钟"
                    },
                    {
                        "time": "上午",
                        "daily_itinerary_sub_tit": "主题活动：户外探索",
                        "rich_content_view": "晨起踏上征程，穿越毛垭辽阔草原。",
                        "meal_hours_box": "行驶：约70千米/约1小时30分钟",
                        "daily_itinerary_sces": [
                            {
                                "GSScenicSpotID": 10758632,
                                "PreName": "",
                                "Name": "毛垭草原",
                                "SuffixName": null
                            }
                        ]
                    },
                    {
                        "time": "12:30",
                        "daily_itinerary_sub_tit": "午餐",
                        "rich_content_view": "成人：不含餐 儿童：不含餐",
                        "meal_hours_box": "用餐时间：约1小时"
                    },
                    {
                        "time": "下午",
                        "daily_itinerary_sub_tit": "景点/场馆",
                        "meal_hours_box": "活动时间：约1小时40分钟",
                        "daily_itinerary_sces": [
                            {
                                "GSScenicSpotID": 80456,
                                "PreName": "",
                                "Name": "海子山",
                                "SuffixName": ""
                            },
                            {
                                "GSScenicSpotID": 20692869,
                                "PreName": "",
                                "Name": "姊妹湖",
                                "SuffixName": ""
                            }
                        ]
                    },
                    {
                        "time": "18:20",
                        "daily_itinerary_sub_tit": "晚餐",
                        "rich_content_view": "成人：不含餐 儿童：不含餐"
                    },
                    {
                        "time": "晚上",
                        "daily_itinerary_sub_tit": "酒店",
                        "rich_content_view": "鉴于藏区地理条件独特，物资相对短缺，酒店设施与内地城市存在一定差异。请顾客理解并勿以都市标准来评判（例如：不提供一次性拖鞋、吹风机，一次性酒店用品有限，需自行准备）。",
                        "daily_itinerary_hotel": {
                            "HotelID": 54103858,
                            "HotelName": "芒康康愿假日大酒店"
                        }
                    }
                ]
            },
            {
                "title": "芒康至左贡经邦达至八宿（海拔：3280米）",
                "subItems": [
                    {
                        "time": "07:30",
                        "daily_itinerary_sub_tit": "早餐",
                        "rich_content_view": "成人：含餐 儿童：不含餐",
                        "meal_hours_box": "用餐时间：约30分钟"
                    },
                    {
                        "time": "全天",
                        "daily_itinerary_sub_tit": "交通",
                        "rich_content_view": "今日需晨起出发，行程中路况较长。过巴塘后行40公里，跨越金沙江至竹巴笼，即入西藏境。首至藏地县城芒康，川藏与滇藏公路在此交会。继翻越拉乌山（4358米），途经如美镇至竹卡，越过澜沧江后攀觉巴山。从觉巴山险峻路俯瞰，川藏路与澜沧江如丝带般在峡谷中明灭。过东达山（5008米）抵达左贡，续行100公里至邦达。\n\n邦达草原，南线北线交点，澜沧江与怒江分水岭，它念它翁山山原盆地，水草丰美的高寒草场。湿滩地草甸茂密，绿意盎然，牛羊成群。离别邦达草原，翻越横断山业拉山险道，沿九十九道拐至怒江，抵八宿，意为“勇士山下的村落”。\n\n提醒：入藏后沿途有检查站（勿拍照），请携带身份证。芒康为入藏首县，怒江大桥武警驻守，请勿拍照。藏区设施有限，酒店使用电热水器，放热水耗时较长，热水供应或有不足，请耐心等待，正常洗漱无碍，敬请理解。",
                        "meal_hours_box": "行驶：约400千米/约10小时"
                    },
                    {
                        "time": "上午",
                        "daily_itinerary_sub_tit": "景点/场馆",
                        "meal_hours_box": "活动时间：约1小时30分钟",
                        "daily_itinerary_sces": [
                            {
                                "GSScenicSpotID": 10521138,
                                "PreName": "",
                                "Name": "觉巴山",
                                "SuffixName": "(外观)"
                            },
                            {
                                "GSScenicSpotID": 93862,
                                "PreName": "",
                                "Name": "东达山",
                                "SuffixName": ""
                            }
                        ]
                    },
                    {
                        "time": "12:30",
                        "daily_itinerary_sub_tit": "午餐",
                        "rich_content_view": "成人：不含餐 儿童：不含餐",
                        "meal_hours_box": "用餐时间：约1小时"
                    },
                    {
                        "time": "下午",
                        "daily_itinerary_sub_tit": "景点/场馆",
                        "meal_hours_box": "活动时间：约1小时",
                        "daily_itinerary_sces": [
                            {
                                "GSScenicSpotID": 10521136,
                                "PreName": "",
                                "Name": "怒江七十二道拐",
                                "SuffixName": ""
                            }
                        ]
                    },
                    {
                        "time": "19:00",
                        "daily_itinerary_sub_tit": "晚餐",
                        "rich_content_view": "成人：不含餐 儿童：不含餐"
                    },
                    {
                        "time": "晚上",
                        "daily_itinerary_sub_tit": "酒店",
                        "rich_content_view": "鉴于藏区地理特殊，物资较为稀缺，酒店条件与内地城市存在差异，敬请客人不以都市标准来评判（例如：不提供一次性拖鞋、吹风机等，一次性酒店用品有限，请自行准备！）。",
                        "daily_itinerary_hotel": {
                            "HotelID": 98395228,
                            "HotelName": "西米供氧酒店(八宿店)"
                        }
                    }
                ]
            },
            {
                "title": "八宿至然乌，经米堆冰川至鲁朗（海拔：2800米）",
                "subItems": [
                    {
                        "time": "07:30",
                        "daily_itinerary_sub_tit": "早餐",
                        "rich_content_view": "成人：含餐 儿童：不含餐",
                        "meal_hours_box": "用餐时间：约30分钟"
                    },
                    {
                        "time": "全天",
                        "daily_itinerary_sub_tit": "交通",
                        "rich_content_view": "早餐后启程，跨越安久拉山口，深入然乌镇。\n然乌湖以其静谧与湛蓝闻名遐迩，湖水色泽随季节更迭，春秋之际显出梦幻蓝，盛夏呈黄绿，寒冬则是一片雪白，四季风光如同置身梦境。\n览尽然乌湖美景后，途经“瓦村”前往米堆冰川。米堆冰川被誉为“中国六大冰川”之一，终年银光闪烁，以壮观的拱形结构著称，是自然界的一大奇观。此处冰川、湖泊、农田、村舍、森林交融，展现了人与自然和谐共生的画面。\n从然乌到波密的路上，景色美不胜收，雪山江河、松柏苍翠、岩峰巨石、绿地红房，如诗如画。这一段是川藏线上最为迷人的一段，步入波密，宛如走进可感的梦境，江山美如画。午后抵达波密古乡湖，入住波密，享受诗意生活。\n\n温馨提示：若选择入住波密的网红仁青，可深度体验藏式风情（穿藏服拍照、参与锅庄晚会），尽情玩乐。若住县城，则无此体验！这段旅程风景绝佳，请尽情感受波密的独特之美和森林中的负氧离子。酒店提供太阳能热水器，建议大家简短洗浴，以防感冒引发高原反应。",
                        "meal_hours_box": "行驶：约249千米/约6小时"
                    },
                    {
                        "time": "上午",
                        "daily_itinerary_sub_tit": "景点/场馆",
                        "meal_hours_box": "活动时间：约2小时",
                        "daily_itinerary_sces": [
                            {
                                "GSScenicSpotID": 82080,
                                "PreName": "",
                                "Name": "然乌湖",
                                "SuffixName": ""
                            }
                        ]
                    },
                    {
                        "time": "12:30",
                        "daily_itinerary_sub_tit": "午餐",
                        "rich_content_view": "成人：不含餐 儿童：不含餐",
                        "meal_hours_box": "参考标准：80CNY/人"
                    },
                    {
                        "time": "下午",
                        "daily_itinerary_sub_tit": "景点/场馆",
                        "meal_hours_box": "活动时间：约2小时30分钟",
                        "daily_itinerary_sces": [
                            {
                                "GSScenicSpotID": 85245,
                                "PreName": "",
                                "Name": "米堆冰川",
                                "SuffixName": ""
                            },
                            {
                                "GSScenicSpotID": 10523134,
                                "PreName": "",
                                "Name": "古乡湖景区",
                                "SuffixName": ""
                            }
                        ]
                    },
                    {
                        "time": "19:00",
                        "daily_itinerary_sub_tit": "晚餐",
                        "rich_content_view": "成人：含餐 儿童：含餐",
                        "daily_itinerary_sces": [
                            {
                                "GSScenicSpotID": 33728479,
                                "Name": "鲁朗何大妈特色石锅"
                            }
                        ]
                    },
                    {
                        "time": "晚上",
                        "daily_itinerary_sub_tit": "酒店",
                        "rich_content_view": "鉴于藏区地理条件独特，物资相对稀缺，酒店设施与内地城市存在一定差异。请客人理解并勿以都市标准来评判（例如：缺乏一次性拖鞋、吹风机等，一次性酒店用品有限，需自行准备）。",
                        "daily_itinerary_hotel": {
                            "HotelID": 5803922,
                            "HotelName": "林芝保利雅途酒店"
                        }
                    }
                ]
            },
            {
                "title": "鲁朗至鲁朗林海—林芝（海拔约2900米）",
                "subItems": [
                    {
                        "time": "07:30",
                        "daily_itinerary_sub_tit": "早餐",
                        "rich_content_view": "成人：含餐 儿童：不含餐",
                        "meal_hours_box": "用餐时间：约30分钟"
                    },
                    {
                        "time": "全天",
                        "daily_itinerary_sub_tit": "交通",
                        "rich_content_view": "清晨的波密，宁静且空气清新，四周常年云绕，犹如仙境。随后启程，穿越如海洋般的鲁朗林海。被誉为“西藏江南”的鲁朗林海，满山云杉与松树，藏香猪、牦牛在山间自由漫步，山腰云雾变幻莫测。\n\n继续前往林芝，翻越海拔4702米的色季拉山，此山终年冰雪覆盖，云雾环绕，春夏季杜鹃花海闻名，也是观赏南迦巴瓦峰的绝佳地点。仰望世界第十五高峰南迦巴瓦，心神似乎随风飘至云端，遨游于天堂之间。\n\n越过色季拉山，一路下行至尼洋河下游的林芝县城，公路两旁柏杨树整齐排列，夜晚我们将入住八一镇。\n\n温馨提醒：今日行程轻松而富有浪漫气息，林芝酒店备有太阳能电热水器，团友可正常洗发洗澡，但建议时间不宜过长，以防感冒引发高原反应。",
                        "meal_hours_box": "行驶：约280千米/约5小时"
                    },
                    {
                        "time": "上午",
                        "daily_itinerary_sub_tit": "主题活动：户外探索",
                        "rich_content_view": "波密至鲁朗，沿途绿树成荫的公路绵延，植被繁茂，景色醉人。这一段路海拔适中，路况良好。",
                        "meal_hours_box": "行驶：约90千米/约2小时30分钟",
                        "daily_itinerary_sces": [
                            {
                                "GSScenicSpotID": 10559064,
                                "PreName": "",
                                "Name": "鲁朗林海",
                                "SuffixName": null
                            }
                        ]
                    },
                    {
                        "time": "12:30",
                        "daily_itinerary_sub_tit": "午餐",
                        "rich_content_view": "成人：不含餐 儿童：不含餐"
                    },
                    {
                        "time": "下午",
                        "daily_itinerary_sub_tit": "景点/场馆",
                        "meal_hours_box": "活动时间：约1小时30分钟",
                        "daily_itinerary_sces": [
                            {
                                "GSScenicSpotID": 76461,
                                "PreName": "",
                                "Name": "南迦巴瓦峰",
                                "SuffixName": ""
                            },
                            {
                                "GSScenicSpotID": 10559298,
                                "PreName": "",
                                "Name": "色季拉山",
                                "SuffixName": ""
                            }
                        ]
                    },
                    {
                        "time": "18:30",
                        "daily_itinerary_sub_tit": "晚餐",
                        "rich_content_view": "成人：不含餐 儿童：不含餐"
                    },
                    {
                        "time": "晚上",
                        "daily_itinerary_sub_tit": "酒店",
                        "rich_content_view": "鉴于藏区地理条件特殊，物资较为稀缺，酒店设施与内地城市存在差异，敬请客人不以城市标准衡量（例如：不提供一次性拖鞋、吹风机，一次性酒店用品有限，需自行准备）。",
                        "daily_itinerary_hotel": {
                            "HotelID": 6955557,
                            "HotelName": "林芝汀樾观堂"
                        }
                    }
                ]
            },
            {
                "title": "林芝至巴松措至拉萨（海拔：3650米）",
                "subItems": [
                    {
                        "time": "07:30",
                        "daily_itinerary_sub_tit": "早餐",
                        "rich_content_view": "成人：含餐 儿童：不含餐"
                    },
                    {
                        "time": "全天",
                        "daily_itinerary_sub_tit": "交通",
                        "rich_content_view": "早餐后出发，车顺着尼洋河河谷一路向西，前往巴松措景区：参观国家 4A 级风景去红教宁玛派圣湖巴松措。巴松措湖四面环 山，气候温和，平均海拔 4000 米，山上白雪皑皑，山下植被茂密，湖的形状如镶嵌在高山 峡谷中的一轮新月，湖水清澈见底，四周雪山倒映其中，沙鸥、白鹤浮游湖面，湖水透明可 见游鱼如织，情趣盎然。来到拉萨与林芝地区的分界山口，无论山下的天气阴晴，山口都经常下雪，温度较低，建议随身带好冲锋衣和墨镜。\n有这样一条公路，建在平均海拔3000米的高原，穿越海拔5000多米的米拉山口，是一条高原上的天路——拉林高速公路。由于特殊的地理位置，这条公路沿线拥有傲人的景观，雪山、森林、河流、湿地、草原到藏式村寨、农田等构成了一幅人与自然和谐相处的美好图景。沿着拉林高速出发，直至圣城拉萨。",
                        "meal_hours_box": "行驶：约470千米/约6小时"
                    },
                    {
                        "time": "上午",
                        "daily_itinerary_sub_tit": "景点/场馆",
                        "meal_hours_box": "活动时间：约3小时",
                        "daily_itinerary_sces": [
                            {
                                "GSScenicSpotID": 85244,
                                "PreName": "",
                                "Name": "尼洋河",
                                "SuffixName": ""
                            },
                            {
                                "GSScenicSpotID": 10558629,
                                "PreName": "",
                                "Name": "巴松措",
                                "SuffixName": ""
                            }
                        ]
                    },
                    {
                        "time": "12:30",
                        "daily_itinerary_sub_tit": "午餐",
                        "rich_content_view": "成人：不含餐 儿童：不含餐"
                    },
                    {
                        "time": "下午",
                        "daily_itinerary_sub_tit": "景点/场馆",
                        "meal_hours_box": "活动时间：约1小时",
                        "daily_itinerary_sces": [
                            {
                                "GSScenicSpotID": 84888,
                                "PreName": "",
                                "Name": "拉萨河",
                                "SuffixName": ""
                            }
                        ]
                    },
                    {
                        "time": "18:00",
                        "daily_itinerary_sub_tit": "晚餐",
                        "rich_content_view": "成人：不含餐 儿童：不含餐"
                    },
                    {
                        "time": "18:20",
                        "daily_itinerary_sub_tit": "酒店",
                        "rich_content_view": "今日安排入住平措康桑酒店。鉴于西藏地理环境特殊，物资相对匮乏，酒店设施与内地城市存在一定差异，敬请客人理解并勿以城市标准衡量（例如：无一次性拖鞋、吹风机等，一次性酒店用品有限，需自行准备）。",
                        "daily_itinerary_hotel": {
                            "HotelID": 447652,
                            "HotelName": "拉萨平措康桑自驾圣地富氧国际度假酒店"
                        }
                    }
                ]
            },
            {
                "title": "拉薩至羊湖再返回拉薩。",
                "subItems": [
                    {
                        "time": "07:30",
                        "daily_itinerary_sub_tit": "早餐",
                        "rich_content_view": "成人：含餐 儿童：不含餐"
                    },
                    {
                        "time": "全天",
                        "daily_itinerary_sub_tit": "交通",
                        "rich_content_view": "早餐后，我们从拉萨启程，沿雅鲁藏布江前行，穿过曲水大桥，翻越海拔4990米的岗巴拉山口。车行山谷，曲折上升，大约两小时后，眼前突然映入一面晶莹剔透的蔚蓝宝镜，那便是羊卓雍措，让人不禁惊叹欢呼。从山顶俯瞰，羊湖的碧绿与连绵山峰、湛蓝天空交融，湖面如同蓝天下的绿松石，纯净透亮。这藏南最美丽的内陆湖泊，美不胜收。\n\n游玩结束后，下午返回拉萨，结束这段愉快的旅程！",
                        "meal_hours_box": "行驶：约220千米/约5小时30分钟"
                    },
                    {
                        "time": "上午",
                        "daily_itinerary_sub_tit": "主题活动：户外探索",
                        "rich_content_view": "羊卓雍措，亦称羊湖雍措，简称羊湖。藏语“碧玉湖”，与纳木错、玛旁雍错共誉为西藏三大圣湖。位于喜马拉雅北麓，是大型内陆湖，藏语另有“上层珊瑚湖”之称。其湖光山色，藏南之最。",
                        "meal_hours_box": "活动时间：约2小时30分钟",
                        "daily_itinerary_sces": [
                            {
                                "GSScenicSpotID": 10521279,
                                "PreName": "",
                                "Name": "曲水大桥",
                                "SuffixName": null
                            },
                            {
                                "GSScenicSpotID": 82105,
                                "PreName": "",
                                "Name": "羊卓雍措",
                                "SuffixName": null
                            }
                        ]
                    },
                    {
                        "time": "12:30",
                        "daily_itinerary_sub_tit": "午餐",
                        "rich_content_view": "成人：不含餐 儿童：不含餐"
                    },
                    {
                        "time": "下午",
                        "daily_itinerary_sub_tit": "景点/场馆",
                        "meal_hours_box": "活动时间：约1小时",
                        "daily_itinerary_sces": [
                            {
                                "GSScenicSpotID": 82105,
                                "PreName": "",
                                "Name": "羊卓雍措",
                                "SuffixName": ""
                            }
                        ]
                    },
                    {
                        "time": "18:20",
                        "daily_itinerary_sub_tit": "晚餐",
                        "rich_content_view": "成人：不含餐 儿童：不含餐"
                    },
                    {
                        "time": "18:20",
                        "daily_itinerary_sub_tit": "酒店",
                        "rich_content_view": "鉴于藏区地理条件独特，物资相对短缺，酒店设施与内地城市有所区别，敬请客人不以都市标准来衡量（例如：不提供一次性拖鞋、吹风机等，一次性酒店用品有限，需自行准备）。",
                        "daily_itinerary_hotel": {
                            "HotelID": 447652,
                            "HotelName": "拉萨平措康桑自驾圣地富氧国际度假酒店"
                        }
                    }
                ]
            },
            {
                "title": "布达拉宫与大昭寺一日游（门票自理，请于参观前7天自行预约布达拉宫，大昭寺则需前1天预约）",
                "subItems": [
                    {
                        "time": "07:30",
                        "daily_itinerary_sub_tit": "早餐",
                        "rich_content_view": "成人：含餐 儿童：不含餐"
                    },
                    {
                        "time": "上午",
                        "daily_itinerary_sub_tit": "交通",
                        "rich_content_view": "早餐后，请按时集合，我们将前往布达拉宫及大昭寺游览。\n\n温馨提醒：\n\n1. 请在参观布达拉宫前7天、大昭寺前1天，通过官方公众号预约。您也可以选择在携程网提前购买联票。\n\n2. 由于布达拉宫和大昭寺地处市中心，停车不便，接送过程如有困扰，还请见谅。\n\n3. 今日不含住宿，我们将赠送布宫景观下午茶。请于出发前办理退房手续，如需继续在拉萨住宿，请自行预订。\n\n4. 司机会将您送达下午茶餐厅，此后交通服务结束。下午茶后，请自行返回住宿地点。",
                        "meal_hours_box": "行驶时间：约30分钟"
                    },
                    {
                        "time": "上午",
                        "daily_itinerary_sub_tit": "景点/场馆",
                        "meal_hours_box": "活动时间：约3小时30分钟",
                        "daily_itinerary_sces": [
                            {
                                "GSScenicSpotID": 75936,
                                "PreName": "",
                                "Name": "布达拉宫",
                                "SuffixName": "(不含门票)"
                            },
                            {
                                "GSScenicSpotID": 75938,
                                "PreName": "",
                                "Name": "大昭寺",
                                "SuffixName": "(不含门票)"
                            }
                        ]
                    },
                    {
                        "time": "13:00",
                        "daily_itinerary_sub_tit": "午餐",
                        "rich_content_view": "成人：不含餐 儿童：不含餐"
                    },
                    {
                        "time": "下午",
                        "daily_itinerary_sub_tit": "自由活动",
                        "rich_content_view": "今日限时赠送布宫美景下午茶。\n\n享用时间：13:00-17:00\n\n地点：拉萨平措康桑音乐观景餐厅\n\n温馨提示：将安排专车送您至下午茶餐厅，结束后请自行安排返回住处。",
                        "meal_hours_box": "活动时间：约1小时30分钟"
                    }
                ]
            }
        ],
        "days": [
            "全国各地一成都",
            "成都—折多山—康定机场彩虹路—鱼子西观日照金山—新都桥（海拔：3300M）",
            "新都桥—雅江—理塘—稻城—亚丁（海拔：2900M）",
            "亚丁1日游一亚丁/稻城（海拔：2900M）",
            "亚丁—巴塘一芒康（海拔：3850M）",
            "芒康—左贡—邦达—八宿（海拔：3280M）",
            "八宿—然乌—米堆冰川一鲁朗（海拔：2800M）",
            "鲁朗—鲁朗林海—林芝（海拔：2900M）",
            "林芝—巴松措—拉萨（海拔：3650M）",
            "拉萨一羊湖一拉萨",
            "布达拉宫+大昭寺一日游（门票需自理，布达拉宫需参观日前7天客人自行预约，大昭寺需参观日前1天客人自行预约）"
        ]
    }
]