[{"id":"28989067","title":"户外探索·西藏拉萨+稻城亚丁11日10晚私家团","subTitle":"【金川梨花+林芝桃花】醉美川藏路+丰田普拉多+1单1团||赠鱼子西雪山下午茶&理塘藏餐&鲁朗石锅鸡&布宫景观下午茶||无人机航拍•全程备氧||米堆冰川/然乌湖/鲁朗林海/巴松措","tags":["无购物","无自费","成团保障","雪山","冰川","森林","赏桃花","车型可选","藏宴","石锅鸡"],"sellNum":"已售10人","pmRec":"★ 赠送雪山下午茶+理塘特色藏餐+鲁朗石锅鸡+布宫景观下午茶，1人起订，8人封顶，纯玩自在行！\n★ 经典人文&景观的结合，鱼子西赏雅拉雪山日照金山。沿途景点尽览，纯玩自在，随叫随停\n★ 17年专注户外越野，10余年藏地老司机带你探秘醉美川藏线！纯玩无购物、无人机航拍！","detailDescriptionContentView":{"text":"预定须知\n\n\n1、本行程默认使用丰田越野车（限乘4位客人），5~8人提供海格/全顺等改装的保姆车，请知晓。\n\n2、各地飞成都单程机票统一按1000元/人核算（9.26-10.4按1600元/人核算），具体需按实际出票费用多退少补。\n\n\n3、由于AB线日松贡布入住的日期不同，且赏花班期价格略微上涨，如您希望改走B线川藏赏花线，请详询客服确认后再下单。\n\n4、稻城亚丁：每年11月下旬至次年4月中旬贡嘎措至牛奶海、五色海区域为冬春冰冻期，实施封闭管理，暂停对外开放，敬请知晓！\n\n        如需机票自理，下单时切换出发城市为成都，系统即会自动减去相应班期机票费用。     \n\n\n"},"dailyItinerary":[{"title":"全国各地一成都","subItems":[{"time":"不限","daily_itinerary_sub_tit":"航班","rich_content_view":"今日抵达成都，我们会安排双流机场接机或火车东站接站服务，送您前往市区酒店。\n\n【温馨提示】\n\n（1）各地飞成都航班较多，出发地至成都单程机票统一按1000元/人核算（9.26-10.4按1600元/人核算），具体需按实际出票费用多退少补。\n\n【【如需机票自理，下单时切换出发城市为成都，系统即会自动减去相应班期机票费用】】。\n\n（2）本产品赠送的接机服务默认【成都双流机场接机】。如您实际抵达的是成都天府机场，且需要接机，下单时请勾选接机服务可选项。如您未选择接机服务，则默认放弃此服务】\n\n（3）我们会在出发前1天以短信的形式发送出团通知。接机师傅也会提前1天和您联系，请保持手机通畅，不要遗漏信息！（如出发前1天21:00还没有接到任何通知，请及时与客服联系）。\n\n（4）自由活动期间，请注意人身财产安全，出门请记好酒店电话、位置等，请乘坐正规有保障的车辆出行。【酒店入住前如需交房卡押金，需由您在酒店前台现付】。\n"},{"time":"全天","daily_itinerary_sub_tit":"酒店","daily_itinerary_hotel":{"HotelID":436877,"HotelName":"成都西藏饭店"}}]},{"title":"成都—折多山—康定机场彩虹路—鱼子西观日照金山—新都桥（海拔：3300M）","subItems":[{"time":"07:30","daily_itinerary_sub_tit":"早餐","rich_content_view":"成人：含餐 儿童：不含餐","meal_hours_box":"用餐时间：约30分钟"},{"time":"全天","daily_itinerary_sub_tit":"交通","rich_content_view":"车型：今日正式开始318之旅，默认车型丰田普拉多（如希望更换车型可能产生差价，详询客服），保证安排藏区行驶经验丰富的老司机师傅！行程中车辆安排好之后路上不做调整。\n座位：行程中乘客座位按照顺时针方向每日换座。","meal_hours_box":"行驶：约350千米/约6小时30分钟"},{"time":"上午","daily_itinerary_sub_tit":"景点/场馆","meal_hours_box":"活动时间：约20分钟","daily_itinerary_sces":[{"GSScenicSpotID":56806268,"PreName":"","Name":"二郎山隧道","SuffixName":""}]},{"time":"12:30","daily_itinerary_sub_tit":"午餐","rich_content_view":"成人：不含餐 儿童：不含餐","meal_hours_box":"用餐时间：约1小时"},{"time":"下午","daily_itinerary_sub_tit":"景点/场馆","meal_hours_box":"活动时间：约1小时","daily_itinerary_sces":[{"GSScenicSpotID":10520932,"PreName":"","Name":"折多山","SuffixName":""},{"GSScenicSpotID":106596664,"PreName":"","Name":"鱼子西","SuffixName":""},{"GSScenicSpotID":82108,"PreName":"","Name":"新都桥","SuffixName":""}]},{"time":"晚上","daily_itinerary_sub_tit":"酒店","rich_content_view":"由于藏区地理特殊，物资匮乏，酒店设施与内地城市有差距，请客人勿以城市人心态衡量！","daily_itinerary_hotel":{"HotelID":108747741,"HotelName":"康定新都桥赞蕃大酒店"}},{"time":"18:20","daily_itinerary_sub_tit":"晚餐","rich_content_view":"成人：不含餐 儿童：不含餐","meal_hours_box":"用餐时间：约30分钟"}]},{"title":"新都桥—雅江—理塘—稻城—亚丁（海拔：2900M）","subItems":[{"time":"07:30","daily_itinerary_sub_tit":"早餐","rich_content_view":"成人：含餐 儿童：不含餐","meal_hours_box":"用餐时间：约30分钟"},{"time":"全天","daily_itinerary_sub_tit":"交通","rich_content_view":"早餐后从新都桥出发，穿高尔寺山隧道（全长5680米）后，经过雅砻江畔的康巴小山城·雅江县城，之后翻越剪子弯山、卡子拉山，一直在海拔4000米以上的高山草甸带前行。抵达西俄洛，横断山脉的崇山峻岭中，森林草原植被丰富，雅砻江支流穿行其间。在西俄洛观景台，还可以欣赏到“会当临绝顶，一览众山小”的壮观景象。翻越兔子山，经过青藏高原的古冰川遗迹，苍凉粗犷的海子山自然保护区，区内大大小的砾石及形态各异的冰蚀湖泊充斥了你的眼球。没有树木、河流就连野草也只是偶尔丛生，“蛮荒”得像是火星表面。\n继续出发，抵达香格里拉镇，晚上入住香格里拉镇。\n\n\n温馨提示：白天行车基本4000以上海拔，有出现高原反应和不适的，属正常反应，不要过于紧张，当晚入住地海拔较低，会有好转，请一定放松心态。用水情况请根据酒店介绍使用，请注意看看。","meal_hours_box":"行驶：约420千米/约8小时"},{"time":"上午","daily_itinerary_sub_tit":"景点/场馆","meal_hours_box":"活动时间：约1小时30分钟","daily_itinerary_sces":[{"GSScenicSpotID":82108,"PreName":"","Name":"新都桥","SuffixName":""},{"GSScenicSpotID":91951522,"PreName":"","Name":"天路十八弯观景台","SuffixName":""},{"GSScenicSpotID":22866237,"PreName":"","Name":"卡子拉山","SuffixName":""}]},{"time":"12:30","daily_itinerary_sub_tit":"午餐","rich_content_view":"成人：含餐 儿童：含餐","meal_hours_box":"用餐时间：约1小时","daily_itinerary_sces":[{"GSScenicSpotID":43356199,"Name":"传说理塘文化主题餐吧"},{"GSScenicSpotID":130810224,"Name":"喜马拉雅民族餐吧"}]},{"time":"下午","daily_itinerary_sub_tit":"景点/场馆","meal_hours_box":"活动时间：约2小时","daily_itinerary_sces":[{"GSScenicSpotID":24651207,"PreName":"","Name":"理塘草原","SuffixName":""},{"GSScenicSpotID":80456,"PreName":"","Name":"海子山","SuffixName":""},{"GSScenicSpotID":56806266,"PreName":"","Name":"兔儿山","SuffixName":""}]},{"time":"19:00","daily_itinerary_sub_tit":"晚餐","rich_content_view":"成人：不含餐 儿童：不含餐"},{"time":"18:20","daily_itinerary_sub_tit":"酒店","rich_content_view":"因藏区条件和资源特别有限，如遇酒店/客栈客满，我们会为您更换当地其他住宿，具体以实际安排入住为准、不得以此作为投诉。由于藏区地理特殊，物资匮乏，酒店设施与内地城市有差距，请客人勿以城市人心态衡量（如：没有一次性托鞋、吹风机、一次性酒店用品配备有限\n\n如旺季可能会安排住稻城县城，尽请谅解。\n","daily_itinerary_hotel":{"HotelID":458470,"HotelName":"亚丁日松贡布皇冠假日酒店"}}]},{"title":"亚丁1日游一亚丁/稻城（海拔：2900M）","subItems":[{"time":"07:30","daily_itinerary_sub_tit":"早餐","rich_content_view":"成人：含餐 儿童：不含餐","meal_hours_box":"用餐时间：约30分钟"},{"time":"08:00","daily_itinerary_sub_tit":"景点/场馆","rich_content_view":"早餐后进入亚丁景区，乘坐观光车抵达亚丁村，亚丁村徒步大约4小时可到洛绒牛场，当然大家也可选择骑马和坐电瓶观光车。（马费单程自理300元/人，从洛绒牛场—马帮运营终点站全程3.5公里），骑马需注意安全，必须由马夫牵方能骑,有1.8M的徒步路段，较为崎岖，对游客体力具有较高的要求，同时海拔高处气温较低，山风较大，需备足衣服。\n一般对于大部分客人来说洛绒牛场就是亚丁景区的中心地区，这里可以近距离观赏央迈勇（文殊菩萨）、夏洛多吉（金刚手菩萨）两座神山。","meal_hours_box":"活动时间：约5小时","daily_itinerary_sces":[{"GSScenicSpotID":78572,"PreName":"","Name":"稻城亚丁","SuffixName":""},{"GSScenicSpotID":87201,"PreName":"","Name":"仙乃日","SuffixName":""},{"GSScenicSpotID":80483,"PreName":"","Name":"洛绒牛场","SuffixName":""},{"GSScenicSpotID":87202,"PreName":"","Name":"甘孜稻城亚丁景区-夏诺多吉","SuffixName":""},{"GSScenicSpotID":80464,"PreName":"","Name":"央迈勇","SuffixName":""}]},{"time":"13:30","daily_itinerary_sub_tit":"午餐","rich_content_view":"成人：不含餐 儿童：不含餐","meal_hours_box":"用餐时间：约1小时"},{"time":"下午","daily_itinerary_sub_tit":"景点/场馆","rich_content_view":"体力好的徒步爱好者，到洛绒牛场后，可沿着渣石堆积的小路，前往牛奶海和五色海（往返约7公里，徒步时间约4小时）。牛奶海，呈扇贝形，中间是碧蓝的雪水，周边则是一圈乳白色环绕，这圈乳白色大致就是牛奶海名称的由来。\n五色海倒映着层次，丰富的山林云影，水边的经幡和玛尼堆表达着人们对神山圣湖的虔诚之心。需要注意的是，五色海海拔较高（有4600多米），而且天气变化异常，随时都可能遇到暴雨大风，美景可遇不可求，请大家一定要放平心态。此外，一路都在高海拔地区行走，请大家量力而行，风景可以再看，安全永远第一。晚上入住香格里拉镇，如遇旺季可能会安排住稻城县城，尽请谅解。","meal_hours_box":"活动时间：约3小时","daily_itinerary_sces":[{"GSScenicSpotID":82112,"PreName":"","Name":"牛奶海","SuffixName":""},{"GSScenicSpotID":87227,"PreName":"","Name":"五色海","SuffixName":""}]},{"time":"19:00","daily_itinerary_sub_tit":"晚餐","rich_content_view":"成人：不含餐 儿童：不含餐"},{"time":"18:20","daily_itinerary_sub_tit":"酒店","rich_content_view":"因藏区条件和资源特别有限，如遇酒店/客栈客满，我们会为您更换当地其他住宿，具体以实际安排入住为准、不得以此作为投诉。由于藏区地理特殊，物资匮乏，酒店设施与内地城市有差距，请客人勿以城市人心态衡量（如：没有一次性托鞋、吹风机、一次性酒店用品配备有限\n\n如旺季可能会安排住稻城县城，尽请谅解。\n","daily_itinerary_hotel":{"HotelID":458470,"HotelName":"亚丁日松贡布皇冠假日酒店"}}]},{"title":"亚丁—巴塘一芒康（海拔：3850M）","subItems":[{"time":"07:30","daily_itinerary_sub_tit":"早餐","rich_content_view":"成人：含餐 儿童：不含餐","meal_hours_box":"用餐时间：约30分钟"},{"time":"全天","daily_itinerary_sub_tit":"交通","rich_content_view":"早餐后出发，经理塘后进入毛垭大草原。群山的环抱之中，如海的草原郁郁葱葱，夏日，湛蓝的晴空下，牛羊成群，绿草连天，盛开的野花姹紫嫣红，打一个滚就是一身花香；秋天，晴空高远，云朵洁白，草木金黄；季节的变化赋予大草原无边的神韵与风姿。\n沿着G318国道西行，翻过沙鲁里山脉中段的一个垭口，来到海子山顶（4700米），拐个弯就能看到一幅令人窒息的美景：两处碧蓝澄澈的高原湖泊紧紧相依，一呼一吸之间，散发着让人沉醉的恬美，难以想象这是经历数百万年沧海桑田后的安详宁静。\n而后启程前往巴塘县城，晚上入住巴塘或芒康！","meal_hours_box":"行驶：约500千米/约10小时30分钟"},{"time":"上午","daily_itinerary_sub_tit":"主题活动：户外探索","rich_content_view":"晨起出发，经过毛垭大草原","meal_hours_box":"行驶：约70千米/约1小时30分钟","daily_itinerary_sces":[{"GSScenicSpotID":10758632,"PreName":"","Name":"毛垭草原","SuffixName":null}]},{"time":"12:30","daily_itinerary_sub_tit":"午餐","rich_content_view":"成人：不含餐 儿童：不含餐","meal_hours_box":"用餐时间：约1小时"},{"time":"下午","daily_itinerary_sub_tit":"景点/场馆","meal_hours_box":"活动时间：约1小时40分钟","daily_itinerary_sces":[{"GSScenicSpotID":80456,"PreName":"","Name":"海子山","SuffixName":""},{"GSScenicSpotID":20692869,"PreName":"","Name":"姊妹湖","SuffixName":""}]},{"time":"18:20","daily_itinerary_sub_tit":"晚餐","rich_content_view":"成人：不含餐 儿童：不含餐"},{"time":"晚上","daily_itinerary_sub_tit":"酒店","rich_content_view":"由于藏区地理特殊，物资匮乏，酒店设施与内地城市有差距，请客人勿以城市人心态衡量（如：没有一次性托鞋、吹风机、一次性酒店用品配备有限，敬请自理！","daily_itinerary_hotel":{"HotelID":54103858,"HotelName":"芒康康愿假日大酒店"}}]},{"title":"芒康—左贡—邦达—八宿（海拔：3280M）","subItems":[{"time":"07:30","daily_itinerary_sub_tit":"早餐","rich_content_view":"成人：含餐 儿童：不含餐","meal_hours_box":"用餐时间：约30分钟"},{"time":"全天","daily_itinerary_sub_tit":"交通","rich_content_view":"今天需早起早出发，也是路段路况用时较长的一天，巴塘后前行40公里，在竹巴茏跨过金沙江，正式进入西藏境内。这是进藏后的第一个县城芒康，川藏公路与滇藏公路在此交汇。再翻越拉乌山（4358米），经如美镇到达竹卡，跨过三江并流的第二条大江-澜沧江后翻越觉巴山。从觉巴山险峻的盘山公路望下，川藏公路和澜沧江像两条晶亮丝带，在千山万壑间时隐时现。过东达山（5008米）后抵达左贡县，前行100公里到邦达。\n邦达草原，是川藏南线和北线的交汇处，也是澜沧江与怒江的分水岭——它念它翁山主脊上的一个山原盆地，一块水草丰美的高寒草原，两岸广阔的低湿滩地，生长着茂密低矮的草甸植物，绿茵如毡，在湛蓝如洗的碧空下，成群牛羊悠闲觅食。告别邦达草原，翻越横断山天险-业拉山，经的九十九道拐下行到怒江，抵达八宿，藏语意为“勇士山脚下的村庄”。\n\n温馨提示：入藏之后沿线会有检查点（不要拍照），请备好身份证以备检查。芒康是入藏后的第一个县城，怒江大桥有武警驻守，请不要拍照。藏区设施有限，酒店内为电热水器，放热水需久一点，可能会出现热水供应不足的情况，等待热水的时间会稍长，正常洗漱没有问题，请大家做好心理准备。","meal_hours_box":"行驶：约400千米/约10小时"},{"time":"上午","daily_itinerary_sub_tit":"景点/场馆","meal_hours_box":"活动时间：约1小时30分钟","daily_itinerary_sces":[{"GSScenicSpotID":10521138,"PreName":"","Name":"觉巴山","SuffixName":"(外观)"},{"GSScenicSpotID":93862,"PreName":"","Name":"东达山","SuffixName":""}]},{"time":"12:30","daily_itinerary_sub_tit":"午餐","rich_content_view":"成人：不含餐 儿童：不含餐","meal_hours_box":"用餐时间：约1小时"},{"time":"下午","daily_itinerary_sub_tit":"景点/场馆","meal_hours_box":"活动时间：约1小时","daily_itinerary_sces":[{"GSScenicSpotID":10521136,"PreName":"","Name":"怒江七十二道拐","SuffixName":""}]},{"time":"19:00","daily_itinerary_sub_tit":"晚餐","rich_content_view":"成人：不含餐 儿童：不含餐"},{"time":"晚上","daily_itinerary_sub_tit":"酒店","rich_content_view":"由于藏区地理特殊，物资匮乏，酒店设施与内地城市有差距，请客人勿以城市人心态衡量（如：没有一次性托鞋、吹风机、一次性酒店用品配备有限，敬请自理！","daily_itinerary_hotel":{"HotelID":98395228,"HotelName":"西米供氧酒店(八宿店)"}}]},{"title":"八宿—然乌—米堆冰川一鲁朗（海拔：2800M）","subItems":[{"time":"07:30","daily_itinerary_sub_tit":"早餐","rich_content_view":"成人：含餐 儿童：不含餐","meal_hours_box":"用餐时间：约30分钟"},{"time":"全天","daily_itinerary_sub_tit":"交通","rich_content_view":"早餐后出发，翻过安久拉山垭口进入然乌镇。\n然乌湖的静和蓝是远近闻名的，湖水的颜色随季节而不同，春秋呈现出梦幻般的蓝色，夏季则是黄绿色，冬季冰雪覆盖一片白茫茫，四季美景都会使人如进梦幻之境。\n饱览绝色然乌后，途径“瓦村”后出发前往米堆冰川。米堆冰川被评为“中国六大冰川之一”，常年雪光闪耀，以发育美丽的拱弧构造闻名，是罕见的自然奇观。在这里，冰川、湖泊、农田、村庄、森林等融会在一起，是一处人与自然和谐相处的典范。\n然乌到波密一路风光绮丽，雪山江水、苍松翠柏、巨石岩峰，绿地红屋，美景如画，这一段是整个川藏线上很美的一段，走进波密，仿佛走进了一个可触的梦，江山如画。下午抵达波密古乡湖，入住波密，体验惬意的生活。　\n\n温馨提示：若入住波密网红仁青，藏式体验（穿藏服美拍|跳锅庄晚会），就要放肆玩，如若住波密县城，则体验全无！！\n此段是此行中风景较为秀美的一段，好好感受波密独特的美和森林带来的负氧离子吧。酒店备有太阳能电热水器，大家可尽情洗去一身尘埃，建议大家快速洗头洗澡，时间不要过长，以免感冒引起高反。","meal_hours_box":"行驶：约249千米/约6小时"},{"time":"上午","daily_itinerary_sub_tit":"景点/场馆","meal_hours_box":"活动时间：约2小时","daily_itinerary_sces":[{"GSScenicSpotID":82080,"PreName":"","Name":"然乌湖","SuffixName":""}]},{"time":"12:30","daily_itinerary_sub_tit":"午餐","rich_content_view":"成人：不含餐 儿童：不含餐","meal_hours_box":"参考标准：80CNY/人"},{"time":"下午","daily_itinerary_sub_tit":"景点/场馆","meal_hours_box":"活动时间：约2小时30分钟","daily_itinerary_sces":[{"GSScenicSpotID":85245,"PreName":"","Name":"米堆冰川","SuffixName":""},{"GSScenicSpotID":10523134,"PreName":"","Name":"古乡湖景区","SuffixName":""}]},{"time":"19:00","daily_itinerary_sub_tit":"晚餐","rich_content_view":"成人：含餐 儿童：含餐","daily_itinerary_sces":[{"GSScenicSpotID":33728479,"Name":"鲁朗何大妈特色石锅"}]},{"time":"晚上","daily_itinerary_sub_tit":"酒店","rich_content_view":"由于藏区地理特殊，物资匮乏，酒店设施与内地城市有差距，请客人勿以城市人心态衡量（如：没有一次性托鞋、吹风机、一次性酒店用品配备有限，敬请自理！","daily_itinerary_hotel":{"HotelID":5803922,"HotelName":"林芝保利雅途酒店"}}]},{"title":"鲁朗—鲁朗林海—林芝（海拔：2900M）","subItems":[{"time":"07:30","daily_itinerary_sub_tit":"早餐","rich_content_view":"成人：含餐 儿童：不含餐","meal_hours_box":"用餐时间：约30分钟"},{"time":"全天","daily_itinerary_sub_tit":"交通","rich_content_view":"清晨的波密安静清新，常年云雾缭绕，使得波密更增添了一抹仙气。后继续出发，穿过密林似海的鲁朗林海。鲁朗林海素有“西藏江南”美称，云杉和松树遍布的山峰，藏香猪、牦牛散落在山间，山腰的云雾聚散有时。\n继续前往林芝，翻越海拔4702米的色季拉山，冰雪覆盖、云雾缭绕，该山以春夏时的杜鹃花海闻名，同时也是南迦巴瓦峰的观景地。遥望世界第15高峰|南迦巴瓦峰，神思已乘风而去，飞升云中天堂…\n翻过色季拉山一路下坡，抵尼洋河下游河谷的林芝县城，两排柏杨装点着柏油公路，晚上入住八一镇。\n\n\n温馨提示：今天行程悠闲又浪漫，入住林芝酒店，酒店备有太阳能电热水器，大家可正常洗头洗澡，仍然建议时间不可过长，以免感冒引起高反","meal_hours_box":"行驶：约280千米/约5小时"},{"time":"上午","daily_itinerary_sub_tit":"主题活动：户外探索","rich_content_view":"波密到鲁朗有一段长长的林中公路，植被茂密，风景怡人，此路段海拔不算高，路况也不错","meal_hours_box":"行驶：约90千米/约2小时30分钟","daily_itinerary_sces":[{"GSScenicSpotID":10559064,"PreName":"","Name":"鲁朗林海","SuffixName":null}]},{"time":"12:30","daily_itinerary_sub_tit":"午餐","rich_content_view":"成人：不含餐 儿童：不含餐"},{"time":"下午","daily_itinerary_sub_tit":"景点/场馆","meal_hours_box":"活动时间：约1小时30分钟","daily_itinerary_sces":[{"GSScenicSpotID":76461,"PreName":"","Name":"南迦巴瓦峰","SuffixName":""},{"GSScenicSpotID":10559298,"PreName":"","Name":"色季拉山","SuffixName":""}]},{"time":"18:30","daily_itinerary_sub_tit":"晚餐","rich_content_view":"成人：不含餐 儿童：不含餐"},{"time":"晚上","daily_itinerary_sub_tit":"酒店","rich_content_view":"由于藏区地理特殊，物资匮乏，酒店设施与内地城市有差距，请客人勿以城市人心态衡量（如：没有一次性托鞋、吹风机、一次性酒店用品配备有限，敬请自理！","daily_itinerary_hotel":{"HotelID":6955557,"HotelName":"林芝汀樾观堂"}}]},{"title":"林芝—巴松措—拉萨（海拔：3650M）","subItems":[{"time":"07:30","daily_itinerary_sub_tit":"早餐","rich_content_view":"成人：含餐 儿童：不含餐"},{"time":"全天","daily_itinerary_sub_tit":"交通","rich_content_view":"早餐后出发，车顺着尼洋河河谷一路向西，前往巴松措景区：参观国家 4A 级风景去红教宁玛派圣湖巴松措。巴松措湖四面环 山，气候温和，平均海拔 4000 米，山上白雪皑皑，山下植被茂密，湖的形状如镶嵌在高山 峡谷中的一轮新月，湖水清澈见底，四周雪山倒映其中，沙鸥、白鹤浮游湖面，湖水透明可 见游鱼如织，情趣盎然。来到拉萨与林芝地区的分界山口，无论山下的天气阴晴，山口都经常下雪，温度较低，建议随身带好冲锋衣和墨镜。\n有这样一条公路，建在平均海拔3000米的高原，穿越海拔5000多米的米拉山口，是一条高原上的天路——拉林高速公路。由于特殊的地理位置，这条公路沿线拥有傲人的景观，雪山、森林、河流、湿地、草原到藏式村寨、农田等构成了一幅人与自然和谐相处的美好图景。沿着拉林高速出发，直至圣城拉萨。","meal_hours_box":"行驶：约470千米/约6小时"},{"time":"上午","daily_itinerary_sub_tit":"景点/场馆","meal_hours_box":"活动时间：约3小时","daily_itinerary_sces":[{"GSScenicSpotID":85244,"PreName":"","Name":"尼洋河","SuffixName":""},{"GSScenicSpotID":10558629,"PreName":"","Name":"巴松措","SuffixName":""}]},{"time":"12:30","daily_itinerary_sub_tit":"午餐","rich_content_view":"成人：不含餐 儿童：不含餐"},{"time":"下午","daily_itinerary_sub_tit":"景点/场馆","meal_hours_box":"活动时间：约1小时","daily_itinerary_sces":[{"GSScenicSpotID":84888,"PreName":"","Name":"拉萨河","SuffixName":""}]},{"time":"18:00","daily_itinerary_sub_tit":"晚餐","rich_content_view":"成人：不含餐 儿童：不含餐"},{"time":"18:20","daily_itinerary_sub_tit":"酒店","rich_content_view":"今日默认安排入住平措康桑。由于藏区地理特殊，物资匮乏，酒店设施与内地城市有差距，请客人勿以城市人心态衡量（如：没有一次性托鞋、吹风机、一次性酒店用品配备有限，敬请自理！","daily_itinerary_hotel":{"HotelID":447652,"HotelName":"拉萨平措康桑自驾圣地富氧国际度假酒店"}}]},{"title":"拉萨一羊湖一拉萨","subItems":[{"time":"07:30","daily_itinerary_sub_tit":"早餐","rich_content_view":"成人：含餐 儿童：不含餐"},{"time":"全天","daily_itinerary_sub_tit":"交通","rich_content_view":"早餐后从拉萨出发沿雅鲁藏布江前行，经过曲水大桥，翻越海拔4990米的岗巴拉山口后，汽车在蜿蜒的山谷中登上山顶，约2小时后，眼球里蓦然出现一面晶莹奇幻的蔚蓝色宝镜，人们无不惊叹欢呼，这便是羊卓雍措给所有人的第一印象。\n站在山顶俯瞰羊湖， 碧绿湖水，连绵山峦，与湛蓝天空在尽头交接，湖面在蓝天映衬下宛如一块清透的绿松石，作为喜马拉雅山北麓的内陆湖泊，湖光山色之美，冠绝藏南。\n\n游玩后出发下午回到拉萨，行程愉快的结束！","meal_hours_box":"行驶：约220千米/约5小时30分钟"},{"time":"上午","daily_itinerary_sub_tit":"主题活动：户外探索","rich_content_view":"羊卓雍措（YamdrokTso），又名羊湖雍措，简称羊湖。藏语意为“碧玉湖”，与纳木错、玛旁雍错并称西藏三大圣湖，是喜马拉雅山北麓大的内陆湖泊，在藏语中又被称为“上面的珊瑚湖”。湖光山色之美，冠绝藏南。","meal_hours_box":"活动时间：约2小时30分钟","daily_itinerary_sces":[{"GSScenicSpotID":10521279,"PreName":"","Name":"曲水大桥","SuffixName":null},{"GSScenicSpotID":82105,"PreName":"","Name":"羊卓雍措","SuffixName":null}]},{"time":"12:30","daily_itinerary_sub_tit":"午餐","rich_content_view":"成人：不含餐 儿童：不含餐"},{"time":"下午","daily_itinerary_sub_tit":"景点/场馆","meal_hours_box":"活动时间：约1小时","daily_itinerary_sces":[{"GSScenicSpotID":82105,"PreName":"","Name":"羊卓雍措","SuffixName":""}]},{"time":"18:20","daily_itinerary_sub_tit":"晚餐","rich_content_view":"成人：不含餐 儿童：不含餐"},{"time":"18:20","daily_itinerary_sub_tit":"酒店","rich_content_view":"由于藏区地理特殊，物资匮乏，酒店设施与内地城市有差距，请客人勿以城市人心态衡量（如：没有一次性托鞋、吹风机、一次性酒店用品配备有限，敬请自理！","daily_itinerary_hotel":{"HotelID":447652,"HotelName":"拉萨平措康桑自驾圣地富氧国际度假酒店"}}]},{"title":"布达拉宫+大昭寺一日游（门票需自理，布达拉宫需参观日前7天客人自行预约，大昭寺需参观日前1天客人自行预约）","subItems":[{"time":"07:30","daily_itinerary_sub_tit":"早餐","rich_content_view":"成人：含餐 儿童：不含餐"},{"time":"上午","daily_itinerary_sub_tit":"交通","rich_content_view":"早餐后，按约定时间集合前往布达拉宫、大昭寺游玩。\n\n温馨提示：\n\n1.布达拉宫需参观日前7天、大昭寺参观日前1天在各自景区的公众号上自行预约，您也可提前在携程网上购买套票。\n\n2.因布达拉宫、大昭寺位于市区核心地带，不易停车，接送如有不便，敬请谅解！\n\n3.今日不提供住宿，赠送一次布宫景观下午茶，早上出发前请自行办理退房手续，如您今晚继续入住拉萨，请提前预订今晚住宿。\n\n4.司机送您到下午茶餐厅后，用车即结束。客人享用下午茶后，需要自行前往住宿酒店。","meal_hours_box":"行驶时间：约30分钟"},{"time":"上午","daily_itinerary_sub_tit":"景点/场馆","meal_hours_box":"活动时间：约3小时30分钟","daily_itinerary_sces":[{"GSScenicSpotID":75936,"PreName":"","Name":"布达拉宫","SuffixName":"(不含门票)"},{"GSScenicSpotID":75938,"PreName":"","Name":"大昭寺","SuffixName":"(不含门票)"}]},{"time":"13:00","daily_itinerary_sub_tit":"午餐","rich_content_view":"成人：不含餐 儿童：不含餐"},{"time":"下午","daily_itinerary_sub_tit":"自由活动","rich_content_view":"今日特别赠送布宫景观下午茶。\n\n使用时间：13:00至17:00\n\n地址：拉萨平措康桑音乐观景餐厅\n\n注意事项：师傅会送您去下午茶餐厅，但下午茶结束后需您自行返回住宿地点。","meal_hours_box":"活动时间：约1小时30分钟"}]}],"days":["全国各地一成都","成都—折多山—康定机场彩虹路—鱼子西观日照金山—新都桥（海拔：3300M）","新都桥—雅江—理塘—稻城—亚丁（海拔：2900M）","亚丁1日游一亚丁/稻城（海拔：2900M）","亚丁—巴塘一芒康（海拔：3850M）","芒康—左贡—邦达—八宿（海拔：3280M）","八宿—然乌—米堆冰川一鲁朗（海拔：2800M）","鲁朗—鲁朗林海—林芝（海拔：2900M）","林芝—巴松措—拉萨（海拔：3650M）","拉萨一羊湖一拉萨","布达拉宫+大昭寺一日游（门票需自理，布达拉宫需参观日前7天客人自行预约，大昭寺需参观日前1天客人自行预约）"]}]