[[{"id":"33068041","title":"武汉+黄鹤楼+两坝一峡+三峡人家4日3晚私家团","subTitle":"【高端定制 2-12人包车游行程可微调】『自选商圈5钻酒店+一城江水半城山•满城花开入仙境』乘中餐厅4同款游船观三峡大坝奇观【多人立减·私人包车】交通任选","tags":["无购物","成团保障","3期免息","赏花","博物馆","自选酒店"],"sellNum":"已售9人"},{"id":"34400737","title":"三峡大坝+长江三峡+神农架+武当山+武汉7日6晚私家团","subTitle":"【春风过荆楚#吹醒繁花事】VIP包车环游 5钻野奢酒店·探秘世遗瑰宝 车型可选/土著向导「赞爆旅拍|记录美好」过葛洲坝/水涨船高+秘境神农架+仙山祈福+武汉/赏樱圣地","tags":["可加购导游服务","无购物","无自费","成团保障","亲子甄选","赠取消险","寺院祈福","赏花","车型可选"],"sellNum":"已售4人"},{"id":"32667130","title":"武汉+神农架+恩施市8日7晚私家团","subTitle":"【携程自营·湖北环线】大江大湖大武汉『江城赏樱&登黄鹤楼&大九湖云间湿地』‘’昭君说’’美人故土，神农顶/地缝*峡谷,S型廊桥遗梦狮子关,赠大峡谷上行索道+美味张关合渣,交通任选","tags":["可加购导游服务","无购物","无自费","成团保障","湿地","峡谷峡湾","赠取消险","赏花","古镇古村","车型可选","自选酒店"],"sellNum":"已售2人"}]]