[{"id":"33068041","title":"武汉+黄鹤楼+两坝一峡+三峡人家4日3晚私家团","subTitle":"【高端定制 2-12人包车游行程可微调】『自选商圈5钻酒店+一城江水半城山•满城花开入仙境』乘中餐厅4同款游船观三峡大坝奇观【多人立减·私人包车】交通任选","tags":["无购物","成团保障","3期免息","赏花","博物馆","自选酒店"],"sellNum":"已售9人","pmRec":"★ 【缤纷景点】重逢英雄城市武汉，漫天樱花雨，逛江城，来一碗“热干面”，上一份周黑鸭！历史和灯火辉煌交相辉映！大国重器—三峡大坝必打卡之地，一江碧绿向东流，解读前人百年夙愿，武汉进，宜昌出，不走回头路！\n★ 【服务保障】😋商圈优享美宿榜酒店任选，1车1土著司兼向导趣味讲解！学说湖北方言！5座天籁B级轿车、7-9座风行或瑞丰商务车、14-15座丰田海狮或金龙！随车配备口罩洗手液等防疫物（矿泉水水随时供应）拒绝拼车·私享包车更安心【1人可订，多人自动立减，车价自动分摊，科学私家定制】","dailyItinerary":[{"title":"各地出发，抵达武汉，夜宿精选5钻酒店，感受大武汉的无限热情！","subItems":[{"time":"10:00","daily_itinerary_sub_tit":"交通","rich_content_view":"全国各地抵达武汉，专属司机根据您的抵达信息安排接站/接机\n\n\n【出行信息】：\n\n(1)接站/机师傅在您出行前一天20:00之前，短信或电话通知您旅游的相关事宜，请您预留准确的出行人电话，我们热忱迎接您的到来！专属微管家提前一天添加出行人，解决您旅途中一切问题！\n\n(2)每张订单只提供行程内1次专车接站/机和1次专车送站/机服务。\n"},{"time":"12:00","daily_itinerary_sub_tit":"午餐","rich_content_view":"成人：不含餐 儿童：不含餐","meal_hours_box":"用餐时间：约30分钟"},{"time":"18:00","daily_itinerary_sub_tit":"酒店","rich_content_view":"【酒店任选系列说明须知】\n\n(1)该行程为酒店任选系列！可选范围为大数据精筛当地人气榜单好评星级酒店，房型任选可更换行政或者套房房型。押金根据酒店政策自理，离店时无特殊情况，正常退还。\n\n(2)默认为当地性价比人气款，行程日程所列为推荐优选款，更多选择您可于下单预订页面点击【更换酒店】&【更换房型】按钮任性更换。\n\n(3)请您注意所选酒店房型政策，是否含早，儿童是否占床皆以您下单时的选择为准，如有不明之处欢迎联系客服在线沟通。\n","daily_itinerary_hotel":{"HotelID":435926,"HotelName":"武汉金盾舒悦酒店"}},{"time":"18:00","daily_itinerary_sub_tit":"晚餐","rich_content_view":"成人：不含餐 儿童：不含餐","meal_hours_box":"用餐时间：约1小时","daily_itinerary_sces":[{"GSScenicSpotID":15410446,"Name":"老通城欢腾酒楼"},{"GSScenicSpotID":52498489,"Name":"肥肥虾庄"}]},{"time":"19:00","daily_itinerary_sub_tit":"自由活动","rich_content_view":"\n推荐：看江看湖品史歌，这座九省通衢的城市，融汇荆楚文化，民国命运，承载国人牵挂，欢迎您，来到大武汉！\n\n★【楚河汉街】汉街是中国建筑特色的城市商业步行街，主体采用民国建筑风格，红灰相间的清水砖墙、精致的砖砌线脚、乌漆大门、老旧的木漆窗户，置身其中，仿佛时光倒流，晚上还有星河，可以变换颜色的小彩灯给人带来了视觉上的冲击，犹如漫天眨着眼睛的星星。宛如银河般，浪漫，美好！（地址：武汉市武昌区烟霞路与松竹路交汇处东）\n\n★【黎黄陂路】这个地方被称为是街头博物馆，充满异域风情的建筑和民国风的小楼，隐匿在大城之中，喜欢文艺范儿的小青年不容错过的打卡点，拍照分分钟就出大片，重返民国！（地址：湖北省武汉市汉口）\n\n★【知音号】在武汉坐知音号，夜游大武汉，两江交汇，汉口江滩登船，身着旗袍，穿越民国时期，一层一层聆听着他们的故事，仿佛这也就是你的人生，一艘仿古船舶航行于江面，两边灯火辉煌大武汉现代化进程，无不留恋！（需提前购票，汉口粤汉码头登船）\n\n以上活动为推荐，您可根据您所抵达的时间，自行合理安排哦！","meal_hours_box":"活动时间：约2小时","daily_itinerary_sces":[{"GSScenicSpotID":30632900,"PreName":"","Name":"楚河汉街","SuffixName":null},{"GSScenicSpotID":18087019,"PreName":"","Name":"黎黄陂路","SuffixName":null},{"GSScenicSpotID":30651096,"PreName":"","Name":"知音号","SuffixName":null}]}]},{"title":"酒店出发，专属司机送您游览黄鹤楼登高望远，慢游东湖美景，打卡户部巷特色小吃，品千年文化湖北省博物馆，乘动车前往宜昌，入住自选5钻酒店","subItems":[{"time":"07:00","daily_itinerary_sub_tit":"早餐","rich_content_view":"成人：不含餐 儿童：不含餐","meal_hours_box":"用餐时间：约30分钟"},{"time":"07:30","daily_itinerary_sub_tit":"交通","rich_content_view":"专属司机送您去黄鹤楼景区参观","meal_hours_box":"行驶时间：约60分钟"},{"time":"08:30","daily_itinerary_sub_tit":"景点/场馆","meal_hours_box":"活动时间：约2小时","daily_itinerary_sces":[{"GSScenicSpotID":77593,"PreName":"","Name":"黄鹤楼","SuffixName":"(含首道门票)"}]},{"time":"11:00","daily_itinerary_sub_tit":"景点/场馆","rich_content_view":"游览【东湖听涛景区】","meal_hours_box":"活动时间：约1小时","daily_itinerary_sces":[{"GSScenicSpotID":10558666,"PreName":"","Name":"东湖","SuffixName":"(含首道门票)"}]},{"time":"12:00","daily_itinerary_sub_tit":"午餐","rich_content_view":"成人：不含餐 儿童：不含餐","meal_hours_box":"用餐时间：约1小时","daily_itinerary_sces":[{"GSScenicSpotID":36320311,"Name":"户部巷"}]},{"time":"14:00","daily_itinerary_sub_tit":"景点/场馆","rich_content_view":"湖北省博物馆门票需要实名预约，如当日门票预约满了无法参观游览，则将湖北省博物馆更换为【辛亥革命纪念馆】，请知晓！","meal_hours_box":"活动时间：约1小时","daily_itinerary_sces":[{"GSScenicSpotID":77591,"PreName":"","Name":"湖北省博物馆","SuffixName":"(已含门票)"}]},{"time":"15:00","daily_itinerary_sub_tit":"交通","rich_content_view":"游览结束以后，司机送抵汉口站，乘动车前往宜昌。\n\n为您安排汉口-宜昌东二等座车票，参考车次：\n\nD2247 汉口15:09-宜昌东17:10\n\nD2271 汉口15:28-宜昌东17:32","meal_hours_box":"行驶时间：约2小时"},{"time":"18:00","daily_itinerary_sub_tit":"交通","rich_content_view":"抵达宜昌东站，工作人员接站以后乘车送至酒店入住","meal_hours_box":"行驶时间：约2小时"},{"time":"18:00","daily_itinerary_sub_tit":"酒店","daily_itinerary_hotel":{"HotelID":425211,"HotelName":"宜昌富力皇冠假日酒店"}},{"time":"18:30","daily_itinerary_sub_tit":"晚餐","rich_content_view":"成人：不含餐 儿童：不含餐","meal_hours_box":"用餐时间：约18小时","daily_itinerary_sces":[{"GSScenicSpotID":61357185,"Name":"铁路坝小吃街"},{"GSScenicSpotID":61355946,"Name":"胖妹(陶珠路店)"}]},{"time":"19:00","daily_itinerary_sub_tit":"自由活动","rich_content_view":"吃过了美食，再去宜昌人平常逛街休闲的地方感受一下原住民的烟火气。在滨江公园，一到了夜晚，就是消食散步的场所。住在附近的老宜昌人们，到了夜晚，自带“音响设备”，迈开步子，自顾地走在步道里。在长江畔，有一种夜，叫做文艺浪漫。步行在江边，跟心爱的人吹吹江风，或是伴着夜色骑行，悠闲惬意。在购物广场，有一种夜，叫做人潮涌动。逛街、看电影…夜晚各色霓虹装点的商圈似乎更具诱惑的魔力。","meal_hours_box":"活动时间：约2小时","daily_itinerary_sces":[{"GSScenicSpotID":83954,"PreName":"","Name":"滨江公园","SuffixName":null},{"GSScenicSpotID":82407,"PreName":"","Name":"夷陵广场","SuffixName":null}]}]},{"title":"酒店出发，游览三峡大坝看太平盛世，乘船过葛洲坝船闸体验水涨船高，览西陵峡美景峡江风光，游览结束后返回宜昌市区，入住自选5钻酒店","subItems":[{"time":"07:00","daily_itinerary_sub_tit":"早餐","rich_content_view":"成人：不含餐 儿童：不含餐"},{"time":"07:30","daily_itinerary_sub_tit":"交通","rich_content_view":"乘专车前往，宜昌港乘峡江游船—“长江三峡系列”。 【温馨提示：两坝一峡行程分为车去船回和船去车回两种，所经过的景点是一样的，仅游览顺序不一样。网页行程中披露的游览顺序是船去车回，实际游览顺序根据船方分配船位决定，不能指定，请您理解】","meal_hours_box":"行驶时间：约15分钟"},{"time":"08:30","daily_itinerary_sub_tit":"景点/场馆","rich_content_view":"三峡游客中心码头登船，长江三峡系列游船开航","meal_hours_box":"活动时间：约2小时","daily_itinerary_sces":[{"GSScenicSpotID":100153,"PreName":"","Name":"交运两坝一峡游船","SuffixName":""}]},{"time":"08:30","daily_itinerary_sub_tit":"景点/场馆","rich_content_view":"船赏夷陵长江大桥（远观宜万铁路桥），滨江公园、镇江阁、庙咀、三江大桥。","meal_hours_box":"活动时间：约30分钟","daily_itinerary_sces":[{"GSScenicSpotID":18213652,"PreName":"","Name":"镇江阁","SuffixName":"(船观)"},{"GSScenicSpotID":82406,"PreName":"","Name":"夷陵长江大桥","SuffixName":""}]},{"time":"09:00","daily_itinerary_sub_tit":"景点/场馆","rich_content_view":"进入葛洲坝船闸内，体验人随游船过船闸，水涨船高的独特感受！（此行程为三峡短途仅有过船闸线路）","meal_hours_box":"活动时间：约30分钟","daily_itinerary_sces":[{"GSScenicSpotID":30066623,"PreName":"","Name":"葛洲坝船闸","SuffixName":"(船观)"}]},{"time":"10:00","daily_itinerary_sub_tit":"景点/场馆","meal_hours_box":"活动时间：约5小时","daily_itinerary_sces":[{"GSScenicSpotID":101330,"PreName":"","Name":"三峡南津关大峡谷","SuffixName":"(船观)"},{"GSScenicSpotID":18213695,"PreName":"","Name":"至喜亭","SuffixName":"(船观)"},{"GSScenicSpotID":18213728,"PreName":"","Name":"明月湾酒店","SuffixName":"(船观)"},{"GSScenicSpotID":18213703,"PreName":"","Name":"陈毅题词摩崖石刻","SuffixName":""},{"GSScenicSpotID":18213739,"PreName":"","Name":"西陵长江大桥","SuffixName":""},{"GSScenicSpotID":76359,"PreName":"","Name":"西陵峡风景区","SuffixName":"(船观)"}]},{"time":"10:40","daily_itinerary_sub_tit":"交通","rich_content_view":"游船途经三峡人家、明月湾、石牌、灯影石等","meal_hours_box":"行驶时间：约30分钟"},{"time":"11:20","daily_itinerary_sub_tit":"景点/场馆","meal_hours_box":"活动时间：约5分钟","daily_itinerary_sces":[{"GSScenicSpotID":18216949,"PreName":"","Name":"毛公山","SuffixName":"(船观)"},{"GSScenicSpotID":76441,"PreName":"","Name":"老黄陵庙","SuffixName":"(船观)"}]},{"time":"11:50","daily_itinerary_sub_tit":"交通","rich_content_view":"远观三峡大坝坝体。游船靠港。乘旅游大巴前往坝区。","meal_hours_box":"行驶时间：约10分钟"},{"time":"12:30","daily_itinerary_sub_tit":"午餐","rich_content_view":"成人：不含餐 儿童：不含餐"},{"time":"13:00","daily_itinerary_sub_tit":"景点/场馆","meal_hours_box":"活动时间：约2小时","daily_itinerary_sces":[{"GSScenicSpotID":100965,"PreName":"","Name":"三峡大坝旅游区","SuffixName":"(含首道门票)"},{"GSScenicSpotID":82408,"PreName":"","Name":"坛子岭风景区","SuffixName":""},{"GSScenicSpotID":18134112,"PreName":"","Name":"185观景平台","SuffixName":""},{"GSScenicSpotID":18134115,"PreName":"","Name":"三峡大坝旅游风景区-截流纪念园","SuffixName":""}]},{"time":"16:30","daily_itinerary_sub_tit":"交通","rich_content_view":"游览结束后乘空调汽车经中国公路隧道桥梁博物馆之称的三峡工程专用公路前往宜昌城区。","meal_hours_box":"行驶时间：约60分钟"},{"time":"18:30","daily_itinerary_sub_tit":"酒店","daily_itinerary_hotel":{"HotelID":425211,"HotelName":"宜昌富力皇冠假日酒店"}},{"time":"18:30","daily_itinerary_sub_tit":"晚餐","rich_content_view":"成人：不含餐 儿童：不含餐","meal_hours_box":"用餐时间：约1小时","daily_itinerary_sces":[{"GSScenicSpotID":33308514,"Name":"鸣凤酒楼"},{"GSScenicSpotID":26203173,"Name":"瑜儿腊货馆"}]}]},{"title":"今日您可根据自身喜好安排行程，可以享受慵懒的度假时光，或选择2选1游览美景：三峡人家/清江画廊，根据您的返程时间安排送站/送机","subItems":[{"time":"07:00","daily_itinerary_sub_tit":"早餐","rich_content_view":"成人：不含餐 儿童：不含餐"},{"time":"07:30","daily_itinerary_sub_tit":"景点/场馆","rich_content_view":"1、您可选择游览景点【请在附加服务中选择】\n2、若您不游览景点，工作人员会根据您的返程时间安排送站/送机服务。","meal_hours_box":"活动时间：约4小时","daily_itinerary_sces":[{"GSScenicSpotID":10559342,"PreName":"","Name":"三峡人家","SuffixName":"(不含门票)"},{"GSScenicSpotID":83949,"PreName":"","Name":"清江画廊","SuffixName":"(不含门票)"},{"GSScenicSpotID":87494,"PreName":"","Name":"三峡大瀑布","SuffixName":"(不含门票)"}]},{"time":"12:00","daily_itinerary_sub_tit":"午餐","rich_content_view":"成人：不含餐 儿童：不含餐"},{"time":"16:00","daily_itinerary_sub_tit":"交通","rich_content_view":"根据您的返程时间安排送站/送机，结束行程！","meal_hours_box":"行驶时间：约2小时"}]}],"days":["各地出发，抵达武汉，夜宿精选5钻酒店，感受大武汉的无限热情！","酒店出发，专属司机送您游览黄鹤楼登高望远，慢游东湖美景，打卡户部巷特色小吃，品千年文化湖北省博物馆，乘动车前往宜昌，入住自选5钻酒店","酒店出发，游览三峡大坝看太平盛世，乘船过葛洲坝船闸体验水涨船高，览西陵峡美景峡江风光，游览结束后返回宜昌市区，入住自选5钻酒店","今日您可根据自身喜好安排行程，可以享受慵懒的度假时光，或选择2选1游览美景：三峡人家/清江画廊，根据您的返程时间安排送站/送机"]},{"id":"34400737","title":"三峡大坝+长江三峡+神农架+武当山+武汉7日6晚私家团","subTitle":"【春风过荆楚#吹醒繁花事】VIP包车环游 5钻野奢酒店·探秘世遗瑰宝 车型可选/土著向导「赞爆旅拍|记录美好」过葛洲坝/水涨船高+秘境神农架+仙山祈福+武汉/赏樱圣地","tags":["可加购导游服务","无购物","无自费","成团保障","亲子甄选","赠取消险","寺院祈福","赏花","车型可选"],"sellNum":"已售4人","pmRec":"★ 【大牌驾到】💗​😋【心动理由 春日湖北·惊艳的视觉旅行】神农架山花烂漫，春色四溢，来这里吸氧润肺#远离城市喧嚣！武当山幽意的古神道，抬头迎喜#举步纳福，千里心愿一炷香！宜昌长江边，山野春浓、一路芬芳！武汉樱花满城#尽情凹造型拍照游玩#随手一拍都是大片！如果您念了一个冬天的湖北，最终还是没有出发，不如就在这个春日，义无反顾地奔向这片神奇神秘之地，来一场浪漫的踏青之约！\n★ 【度假首选】🌻 😋 【肆意玩乐 VIP礼遇享不停#沉浸式体验】全程升级5钻雅奢酒店/多种房型任性选择「环线不走回头路 亲子/家庭出游推荐玩法」1-4人5座天籁/雅阁等舒适轿车、4-8人升7-9座别克GL8/大通等商务车、9人以上升级12-19座金龙/丰田海狮等空调旅游车！「独立私密用车+土著司兼向导朋友式带玩 随走随停·随心自由 跟常规游的走马观花说拜拜」\n★ 【优选行程】🌻 😋【专属服务 限定VIP时光#爱无所不在】100%纯玩保证+微管家1V1一站式服务+不惧偶然·任性取消+随车配备礼遇大礼包（矿泉水+抽纸/充电器/晕车贴/晴雨伞+医药包）+当地人推荐餐厅「礼遇享不停 沉浸式体验 省心不踩雷」","detailDescriptionContentView":{"text":"【携程自营 相信品牌的力量】用脚步丈量美好\n\n私人定制，1单1团，不与陌生人拼团，时间更加自由，无需向其他团友妥协，任性宠爱自己和家人！\n\n【自营·礼遇安排】用相机记录美好 用摄影抓拍幸福！\n\n私享美拍IN神农顶（按需加购）：资深摄像师随行，专业摄像机高清旅拍，记录旅途的精彩瞬间！赞爆您的朋友圈！\n\n【自营·品质保障】100%臻奢纯玩，0购物，全程门票、景区必消小交通一价全含，尽享舒心阳光旅程！\n\n【自营·住宿甄选】全程严选5钻雅奢酒店，玩儿在哪里住到哪里，舒适不折腾！\n\n【自营·用车升级】全程独立用车，车况良好，整洁干净，宽敞舒适！\n\n1-4人使用天籁/雅阁等5座舒适B级轿车；\n\n5-8人使用大通/别克/奔驰等7-9座商务车；\n\n9人以上使用金龙/海狮/丰田12-19座空调旅游车；\n\n【自营·细节体验】\n\n细节1、随行配备款泉水/抽纸/医药包/血压仪，不惧偶然，肆意玩乐！\n\n细节2、土著向导朋友式带玩，专属管家1对，一站式服务！\n\n细节4、24h免费接送火车/飞机，落地Vip接站0等待！\n\n\n"},"dailyItinerary":[{"title":"「携程自营 相信品牌的力量」抵达宜昌「24H专车VIP接站/机」→入住酒店休息【宿宜昌·5钻口碑榜酒店/房型任选】","subItems":[{"time":"不限","daily_itinerary_sub_tit":"交通","rich_content_view":"「请根据您自选的交通方式前往宜昌」开始您的愉快行程！\n【温馨提示】工作人员最晚会在您出行前一天17:00前，短信或电话通知您旅游的相关事宜，请您保持订单中提供的手机号码随时畅通。\n\n为什么选择携程自营？\n一次出游 五大保障\n【出行安全】 营运车辆，按时检修，为您保驾护航！\n【行程透明】 专注纯玩，拒绝套路，还您纯净旅行！\n【服务安心】 管家服务，无缝衔接，护您出行无忧！\n【退改赔付】 无忧退订，任性取消，解决后顾之忧！\n【自营品牌】 旅游标杆，有口皆碑，尽享惬意时光！","meal_hours_box":"行驶：约400千米/约2小时"},{"time":"不限","daily_itinerary_sub_tit":"交通","rich_content_view":"热忱欢迎您的到来，接站/机后，专车送您至酒店办理入住手续。您可选择在酒店休息或自由活动！\n按照国际惯例，入住酒店的时间是14点，如您抵达较早，可协助您把行李寄存在前台，后您可进行自由活动或在大堂休息。\n\n温馨提示：\n【1】自由活动期间请注意自身安全及财产安全。\n【2】首日到宜昌请勿食用过多辣菜或者火锅，以防肠胃不适，影响第二天行程哦！\n注意：今日只包含接引服务，不含自由活动期间车费及导游服务费用，如您需要单独用车，请提前与客服沟通。","meal_hours_box":"行驶：约20千米/约30分钟"},{"time":"14:30","daily_itinerary_sub_tit":"酒店","rich_content_view":"【入住须知】 以上披露酒店为产品经理推荐，下单预订页面点击【更换酒店】＆【更换房型】按钮可任性更换，请您注意所选酒店房型政策，是否含早，儿童是否占床皆以您下单时的选择为准，如有不明之处欢迎联系客服在线沟通！","daily_itinerary_hotel":{"HotelID":87340887,"HotelName":"宜昌阿尔·宝阁丽酒店"}}]},{"title":"「VIP独立包车 随走随停」乘长江三峡系列游轮·船过葛洲坝船闸/体验“水涨船高”→赏原汁原味西陵峡风光→观国之重器工程三峡大坝【宿宜昌·5钻口碑榜酒店/房型任选】","subItems":[{"time":"07:30","daily_itinerary_sub_tit":"早餐","rich_content_view":"成人：含餐 儿童：不含餐","meal_hours_box":"用餐时间：约20分钟"},{"time":"08:00","daily_itinerary_sub_tit":"交通","rich_content_view":"车赴宜昌港乘精品峡江游船—“长江三峡系列”。","meal_hours_box":"行驶：约10千米/约20分钟"},{"time":"08:30","daily_itinerary_sub_tit":"景点/场馆","meal_hours_box":"活动时间：约2小时","daily_itinerary_sces":[{"GSScenicSpotID":100153,"PreName":"","Name":"交运两坝一峡游船","SuffixName":"(已含门票)"},{"GSScenicSpotID":82406,"PreName":"","Name":"夷陵长江大桥","SuffixName":"(船观)"},{"GSScenicSpotID":18213652,"PreName":"","Name":"镇江阁","SuffixName":"(船观)"}]},{"time":"09:30","daily_itinerary_sub_tit":"景点/场馆","rich_content_view":"翻坝过葛洲坝，体验水涨船高！","meal_hours_box":"活动时间：约30分钟","daily_itinerary_sces":[{"GSScenicSpotID":76361,"PreName":"","Name":"葛洲坝","SuffixName":""}]},{"time":"10:00","daily_itinerary_sub_tit":"景点/场馆","meal_hours_box":"活动时间：约1小时","daily_itinerary_sces":[{"GSScenicSpotID":57155251,"PreName":"","Name":"西陵峡游船","SuffixName":"(船观)"},{"GSScenicSpotID":18213739,"PreName":"","Name":"西陵长江大桥","SuffixName":"(船观)"},{"GSScenicSpotID":18213728,"PreName":"","Name":"明月湾酒店","SuffixName":"(船观)"},{"GSScenicSpotID":18213695,"PreName":"","Name":"至喜亭","SuffixName":"(船观)"},{"GSScenicSpotID":10559342,"PreName":"","Name":"三峡人家","SuffixName":"(外观)"},{"GSScenicSpotID":51769840,"PreName":"","Name":"石牌抗战纪念碑","SuffixName":"(外观)"},{"GSScenicSpotID":18213728,"PreName":"","Name":"明月湾酒店","SuffixName":"(外观)"},{"GSScenicSpotID":18182461,"PreName":"","Name":"灯影石","SuffixName":"(外观)"}]},{"time":"11:20","daily_itinerary_sub_tit":"景点/场馆","meal_hours_box":"活动时间：约30分钟","daily_itinerary_sces":[{"GSScenicSpotID":76441,"PreName":"","Name":"老黄陵庙","SuffixName":"(外观)"},{"GSScenicSpotID":18216949,"PreName":"","Name":"毛公山","SuffixName":"(外观)"}]},{"time":"12:00","daily_itinerary_sub_tit":"交通","rich_content_view":"游船靠港后，乘专车前往坝区附近自行用餐。","meal_hours_box":"行驶时间：约15分钟"},{"time":"12:30","daily_itinerary_sub_tit":"午餐","rich_content_view":"成人：不含餐 儿童：不含餐","meal_hours_box":"参考标准：50CNY/人","daily_itinerary_sces":[{"GSScenicSpotID":32480803,"Name":"三峡家常私房菜馆"},{"GSScenicSpotID":61461127,"Name":"锦食院"}]},{"time":"13:00","daily_itinerary_sub_tit":"景点/场馆","rich_content_view":"「含景交费」","meal_hours_box":"行驶：约5千米/约8分钟","daily_itinerary_sces":[{"GSScenicSpotID":100965,"PreName":"","Name":"三峡大坝旅游区","SuffixName":"(已含门票)"}]},{"time":"13:30","daily_itinerary_sub_tit":"景点/场馆","meal_hours_box":"活动时间：约40分钟","daily_itinerary_sces":[{"GSScenicSpotID":82408,"PreName":"","Name":"坛子岭风景区","SuffixName":"(已含门票)"}]},{"time":"14:10","daily_itinerary_sub_tit":"景点/场馆","rich_content_view":"196船闸观景平台(已含门票)","meal_hours_box":"活动时间：约30分钟","daily_itinerary_sces":[""]},{"time":"14:40","daily_itinerary_sub_tit":"景点/场馆","meal_hours_box":"活动时间：约30分钟","daily_itinerary_sces":[{"GSScenicSpotID":18134112,"PreName":"","Name":"185观景平台","SuffixName":"(已含门票)"}]},{"time":"15:20","daily_itinerary_sub_tit":"景点/场馆","meal_hours_box":"活动时间：约40分钟","daily_itinerary_sces":[{"GSScenicSpotID":98279485,"PreName":"","Name":"截流纪念园","SuffixName":"(已含门票)"}]},{"time":"16:20","daily_itinerary_sub_tit":"交通","rich_content_view":"游览结束后经中国公路隧道桥梁博物馆之称的三峡工程专用公路返回宜昌城区。","meal_hours_box":"行驶：约50千米/约60分钟"},{"time":"18:00","daily_itinerary_sub_tit":"酒店","rich_content_view":"【入住须知】 以上披露酒店为产品经理推荐，下单预订页面点击【更换酒店】＆【更换房型】按钮可任性更换，请您注意所选酒店房型政策，是否含早，儿童是否占床皆以您下单时的选择为准，如有不明之处欢迎联系客服在线沟通！","daily_itinerary_hotel":{"HotelID":87340887,"HotelName":"宜昌阿尔·宝阁丽酒店"}}]},{"title":"「VIP独立包车 随走随停」包车前往北纬30°秘境·神农坛拜始祖神农 聆听土家山歌→天生桥·观壮观奇瀑 天然石桥鬼斧神工 石壁栈道险峻奇特【宿木鱼·5钻口碑榜酒店/房型任选】","subItems":[{"time":"08:00","daily_itinerary_sub_tit":"早餐","rich_content_view":"成人：含餐 儿童：不含餐","meal_hours_box":"用餐时间：约20分钟"},{"time":"08:00","daily_itinerary_sub_tit":"其它","rich_content_view":"早餐后前往神农架，吸上一口富含氧离子的空气，整个人都是享受的！","meal_hours_box":"行驶：约160千米/约3小时"},{"time":"12:00","daily_itinerary_sub_tit":"午餐","rich_content_view":"成人：不含餐 儿童：不含餐","meal_hours_box":"用餐时间：约40分钟"},{"time":"13:00","daily_itinerary_sub_tit":"景点/场馆","meal_hours_box":"行驶：约10千米/约20分钟","daily_itinerary_sces":[{"GSScenicSpotID":77694,"PreName":"","Name":"神农祭坛","SuffixName":"(已含门票)"}]},{"time":"15:00","daily_itinerary_sub_tit":"景点/场馆","meal_hours_box":"行驶：约10千米/约20分钟","daily_itinerary_sces":[{"GSScenicSpotID":100198,"PreName":"","Name":"天生桥","SuffixName":"(已含门票)"}]},{"time":"17:00","daily_itinerary_sub_tit":"晚餐","rich_content_view":"成人：不含餐 儿童：不含餐","meal_hours_box":"参考标准：50CNY/人"},{"time":"18:00","daily_itinerary_sub_tit":"酒店","rich_content_view":"【入住须知】 以上披露酒店为产品经理推荐，下单预订页面点击【更换酒店】＆【更换房型】按钮可任性更换，请您注意所选酒店房型政策，是否含早，儿童是否占床皆以您下单时的选择为准，如有不明之处欢迎联系客服在线沟通！","meal_hours_box":"行驶：约5千米/约10分钟","daily_itinerary_hotel":{"HotelID":2652489,"HotelName":"神农架康帝君兰酒店"}}]},{"title":"「VIP独立包车 随走随停」官门山· 看4D电影 邂逅大熊猫→神农顶·享随行旅拍可选「亲密接触金丝猴 板壁岩寻野人踪迹/看山花浪漫」→天燕「野花遍野 舒爽怡人」→【宿武当山·5钻口碑榜酒店/房型任选】","subItems":[{"time":"07:30","daily_itinerary_sub_tit":"早餐","rich_content_view":"成人：含餐 儿童：不含餐","meal_hours_box":"用餐时间：约20分钟"},{"time":"08:00","daily_itinerary_sub_tit":"景点/场馆","meal_hours_box":"行驶：约10千米/约20分钟","daily_itinerary_sces":[{"GSScenicSpotID":97845,"PreName":"","Name":"官门山","SuffixName":"(已含门票)"}]},{"time":"10:00","daily_itinerary_sub_tit":"交通","rich_content_view":"前往游览神农顶。","meal_hours_box":"行驶：约15千米/约30分钟"},{"time":"10:30","daily_itinerary_sub_tit":"景点/场馆","rich_content_view":"「含景交费」\n【游览提示】神农顶景区内需换乘景区交通游览，费用已含！9座以下车型我司可免费升级开进神农顶景区，带您自驾穿越神农顶媲美自驾！\n【今日VIP礼遇】私享美拍IN神农顶（按需加购） 资深摄像师随行|专业摄像机高清旅拍\n用照片记录旅行\n用摄影抓拍幸福\n记录旅途的精彩瞬间\n贴心赠送：\n1.精修10张旅拍电子照\n2.底片全送","meal_hours_box":"行驶：约50千米/约1小时30分钟","daily_itinerary_sces":[{"GSScenicSpotID":77753,"PreName":"","Name":"神农顶风景区","SuffixName":"(已含门票)"},{"GSScenicSpotID":77769,"PreName":"","Name":"瞭望塔","SuffixName":"(已含门票)"},{"GSScenicSpotID":77691,"PreName":"","Name":"板壁岩","SuffixName":"(已含门票)"},{"GSScenicSpotID":77757,"PreName":"","Name":"小龙潭野考站","SuffixName":"(已含门票)"},{"GSScenicSpotID":77751,"PreName":"","Name":"金猴岭","SuffixName":"(已含门票)"}]},{"time":"13:00","daily_itinerary_sub_tit":"午餐","rich_content_view":"成人：不含餐 儿童：不含餐","meal_hours_box":"用餐时间：约40分钟"},{"time":"15:00","daily_itinerary_sub_tit":"景点/场馆","meal_hours_box":"行驶：约40千米/约50分钟","daily_itinerary_sces":[{"GSScenicSpotID":97940,"PreName":"","Name":"天燕旅游区","SuffixName":"(已含门票)"}]},{"time":"16:30","daily_itinerary_sub_tit":"交通","rich_content_view":"游览结束后前往武当山。","meal_hours_box":"行驶：约150千米/约2小时30分钟"},{"time":"19:30","daily_itinerary_sub_tit":"酒店","rich_content_view":"【入住须知】 以上披露酒店为产品经理推荐，下单预订页面点击【更换酒店】＆【更换房型】按钮可任性更换，请您注意所选酒店房型政策，是否含早，儿童是否占床皆以您下单时的选择为准，如有不明之处欢迎联系客服在线沟通！","daily_itinerary_hotel":{"HotelID":756195,"HotelName":"武当山建国饭店"}}]},{"title":"「VIP独立包车 随走随停」武当山问道祈福/含换乘车「逛红砖绿瓦太子坡·云外清都福地紫霄宫 看南岩绝壁宫殿 登海拔1612米的天柱峰/金顶云巅祈福」【宿武汉·5钻口碑榜酒店/房型任选】","subItems":[{"time":"07:30","daily_itinerary_sub_tit":"早餐","rich_content_view":"成人：含餐 儿童：不含餐","meal_hours_box":"用餐时间：约20分钟"},{"time":"08:00","daily_itinerary_sub_tit":"交通","rich_content_view":"前往武当山景区，换乘景区交通车开启您的武当山问道之旅。"},{"time":"09:00","daily_itinerary_sub_tit":"景点/场馆","rich_content_view":"「含景交费」","meal_hours_box":"活动时间：约3小时","daily_itinerary_sces":[{"GSScenicSpotID":10546988,"PreName":"","Name":"武当山风景区","SuffixName":"(已含门票)"},{"GSScenicSpotID":77395,"PreName":"","Name":"太子坡景区","SuffixName":"(已含门票)"},{"GSScenicSpotID":77386,"PreName":"","Name":"紫霄宫","SuffixName":"(已含门票)"},{"GSScenicSpotID":77398,"PreName":"","Name":"南岩宫","SuffixName":"(已含门票)"},{"GSScenicSpotID":83658,"PreName":"","Name":"南天门","SuffixName":"(已含门票)"},{"GSScenicSpotID":77381,"PreName":"","Name":"龙头香","SuffixName":"(已含门票)"},{"GSScenicSpotID":56806322,"PreName":"","Name":"玄帝殿","SuffixName":"(已含门票)"}]},{"time":"12:00","daily_itinerary_sub_tit":"午餐","rich_content_view":"成人：不含餐 儿童：不含餐","meal_hours_box":"用餐时间：约40分钟"},{"time":"13:00","daily_itinerary_sub_tit":"景点/场馆","meal_hours_box":"活动时间：约2小时30分钟","daily_itinerary_sces":[{"GSScenicSpotID":98278806,"PreName":"","Name":"金顶","SuffixName":"(已含门票)"},{"GSScenicSpotID":83573,"PreName":"","Name":"大岳太和宫","SuffixName":"(已含门票)"},{"GSScenicSpotID":77450,"PreName":"","Name":"天柱峰","SuffixName":"(已含门票)"}]},{"time":"17:00","daily_itinerary_sub_tit":"晚餐","rich_content_view":"成人：不含餐 儿童：不含餐","meal_hours_box":"用餐时间：约40分钟"},{"time":"18:00","daily_itinerary_sub_tit":"交通","rich_content_view":"晚餐后乘动车前往武汉。","meal_hours_box":"行驶：约400千米/约2小时"},{"time":"20:00","daily_itinerary_sub_tit":"酒店","rich_content_view":"【入住须知】 以上披露酒店为产品经理推荐，下单预订页面点击【更换酒店】＆【更换房型】按钮可任性更换，请您注意所选酒店房型政策，是否含早，儿童是否占床皆以您下单时的选择为准，如有不明之处欢迎联系客服在线沟通！","meal_hours_box":"行驶：约10千米/约20分钟","daily_itinerary_hotel":{"HotelID":45052018,"HotelName":"武汉泛海费尔蒙酒店"}}]},{"title":"「VIP独立包车 随走随停」初遇英雄之城·武汉Hot景点打卡「湖北省博物馆 东湖 外观武汉大学 黄鹤楼 长江大桥 户部巷」【宿武汉商圈5钻酒店】","subItems":[{"time":"07:30","daily_itinerary_sub_tit":"早餐","rich_content_view":"成人：含餐 儿童：不含餐","meal_hours_box":"用餐时间：约20分钟"},{"time":"09:00","daily_itinerary_sub_tit":"景点/场馆","rich_content_view":"【温馨提示】湖北省博物馆实行预约制度，如未预约上或闭馆（逢周一）则安排湖北省美术馆。","meal_hours_box":"行驶：约10千米/约20分钟","daily_itinerary_sces":[{"GSScenicSpotID":77591,"PreName":"","Name":"湖北省博物馆","SuffixName":"(已含门票)"},{"GSScenicSpotID":13799112,"PreName":"","Name":"湖北美术馆","SuffixName":"(已含门票)"}]},{"time":"10:30","daily_itinerary_sub_tit":"景点/场馆","meal_hours_box":"行驶：约5千米/约10分钟","daily_itinerary_sces":[{"GSScenicSpotID":18072976,"PreName":"","Name":"东湖听涛景区","SuffixName":"(已含门票)"}]},{"time":"12:00","daily_itinerary_sub_tit":"午餐","rich_content_view":"成人：不含餐 儿童：不含餐","meal_hours_box":"用餐时间：约40分钟"},{"time":"13:00","daily_itinerary_sub_tit":"景点/场馆","meal_hours_box":"行驶：约10千米/约20分钟","daily_itinerary_sces":[{"GSScenicSpotID":10558912,"PreName":"","Name":"武汉大学","SuffixName":"(外观)"}]},{"time":"14:00","daily_itinerary_sub_tit":"景点/场馆","meal_hours_box":"行驶：约10千米/约20分钟","daily_itinerary_sces":[{"GSScenicSpotID":77593,"PreName":"","Name":"黄鹤楼","SuffixName":"(已含门票)"}]},{"time":"15:30","daily_itinerary_sub_tit":"景点/场馆","meal_hours_box":"活动时间：约20分钟","daily_itinerary_sces":[{"GSScenicSpotID":77592,"PreName":"","Name":"武汉长江大桥","SuffixName":""}]},{"time":"16:00","daily_itinerary_sub_tit":"景点/场馆","meal_hours_box":"活动时间：约1小时","daily_itinerary_sces":[{"GSScenicSpotID":10524156,"PreName":"","Name":"户部巷","SuffixName":""}]},{"time":"16:30","daily_itinerary_sub_tit":"晚餐","rich_content_view":"成人：不含餐 儿童：不含餐","meal_hours_box":"用餐时间：约40分钟"},{"time":"18:00","daily_itinerary_sub_tit":"酒店","rich_content_view":"【入住须知】 以上披露酒店为产品经理推荐，下单预订页面点击【更换酒店】＆【更换房型】按钮可任性更换，请您注意所选酒店房型政策，是否含早，儿童是否占床皆以您下单时的选择为准，如有不明之处欢迎联系客服在线沟通！","daily_itinerary_hotel":{"HotelID":712581,"HotelName":"武汉万达瑞华酒店"}}]},{"title":"甜睡自然醒→安排免费送您前往火车站 /天河机场，愉快的旅程结束，返回温馨的家。","subItems":[{"time":"08:00","daily_itinerary_sub_tit":"早餐","rich_content_view":"成人：不含餐 儿童：不含餐","meal_hours_box":"用餐时间：约20分钟"},{"time":"09:00","daily_itinerary_sub_tit":"交通","rich_content_view":"【温馨提示】\n1、本产品提供全天24小时专车送站/机服务。\n2、送站/机司机会在您离开前一晚20:00前主动跟您打电话确认送达时间及地点！请您自由活动期间注意安全同时掌握好时间，保持手机畅通，注意查看短信，以便送达人员联系，不要误了回家的时间哦！","meal_hours_box":"行驶时间：约20分钟"}]}],"days":["「携程自营 相信品牌的力量」抵达宜昌「24H专车VIP接站/机」→入住酒店休息【宿宜昌·5钻口碑榜酒店/房型任选】","「VIP独立包车 随走随停」乘长江三峡系列游轮·船过葛洲坝船闸/体验“水涨船高”→赏原汁原味西陵峡风光→观国之重器工程三峡大坝【宿宜昌·5钻口碑榜酒店/房型任选】","「VIP独立包车 随走随停」包车前往北纬30°秘境·神农坛拜始祖神农 聆听土家山歌→天生桥·观壮观奇瀑 天然石桥鬼斧神工 石壁栈道险峻奇特【宿木鱼·5钻口碑榜酒店/房型任选】","「VIP独立包车 随走随停」官门山· 看4D电影 邂逅大熊猫→神农顶·享随行旅拍可选「亲密接触金丝猴 板壁岩寻野人踪迹/看山花浪漫」→天燕「野花遍野 舒爽怡人」→【宿武当山·5钻口碑榜酒店/房型任选】","「VIP独立包车 随走随停」武当山问道祈福/含换乘车「逛红砖绿瓦太子坡·云外清都福地紫霄宫 看南岩绝壁宫殿 登海拔1612米的天柱峰/金顶云巅祈福」【宿武汉·5钻口碑榜酒店/房型任选】","「VIP独立包车 随走随停」初遇英雄之城·武汉Hot景点打卡「湖北省博物馆 东湖 外观武汉大学 黄鹤楼 长江大桥 户部巷」【宿武汉商圈5钻酒店】","甜睡自然醒→安排免费送您前往火车站 /天河机场，愉快的旅程结束，返回温馨的家。"]},{"id":"32667130","title":"武汉+神农架+恩施市8日7晚私家团","subTitle":"【携程自营·湖北环线】大江大湖大武汉『江城赏樱&登黄鹤楼&大九湖云间湿地』‘’昭君说’’美人故土，神农顶/地缝*峡谷,S型廊桥遗梦狮子关,赠大峡谷上行索道+美味张关合渣,交通任选","tags":["可加购导游服务","无购物","无自费","成团保障","湿地","峡谷峡湾","赠取消险","赏花","古镇古村","车型可选","自选酒店"],"sellNum":"已售2人","pmRec":"★ 【缤纷景点】【携程自营 缤纷景点】【自营旗舰官方•CEO钦点行程•BOSS专享精心研发|老板说不满意，产品经理别干了！】探寻狮子关网红S浮桥，乘小木舟悬浮在清澈碧水之中，走在绝壁长廊观高山云海，绝妙观景席下午茶对望峡谷山峰，土家换装变身土家阿哥阿妹，大九湖高山湿地湖泊，屏山峡谷仙本那。\n★ 【度假首选】【携程自营 轻奢度假】探店坪迁古镇，山里人家，云间湿地，向往的生活＆山林间你便能拥有一方山林，享受山居生活与自然，【每单赠送1箱恩施富硒土豆•地方好物特产好礼】随车配备口罩洗手液等物、良品铺子零食，真人微信管家24*7+1V1为您服务。\n★ 【服务保障】【携程自营 升级用车】一城一车一司到底不换车！1-4人可选5座舒适小车，4-6人可选升级7座商务车，5-12人可选升级14座空调旅游车【严选司兼向导】严格面试，优选当地老司机！朋友式带玩，趣味讲解风土人情，当地活地图,拍照能手，热情服务，协理取票入园，行李搬运，当地人深度玩法。【单独导游可加选】","detailDescriptionContentView":{"text":"同款线路走法，武汉当地参团→点这里"},"dailyItinerary":[{"title":"【抵达江城武汉机场/火车站，专车礼遇接待】重新认识武汉，江湖武汉城，好客武汉人！晚可选《知音号》夜观武汉两岸江景！","subItems":[{"time":"12:00","daily_itinerary_sub_tit":"交通","rich_content_view":"我们为您提供专属服务，在您出行的前一天，我们的工作人员会提前与您联系，根据您的时间，武汉城区或武汉机场/火车站专车接团。"},{"time":"12:30","daily_itinerary_sub_tit":"午餐","rich_content_view":"成人：不含餐 儿童：不含餐","meal_hours_box":"用餐时间：约1小时"},{"time":"14:00","daily_itinerary_sub_tit":"酒店","daily_itinerary_hotel":{"HotelID":371169,"HotelName":"武汉富力威斯汀酒店"}},{"time":"下午","daily_itinerary_sub_tit":"自由活动","rich_content_view":"武汉游玩攻略\n\n楚河汉街：为什么叫这个名字呢？因为这里有条河叫楚河，这里有一条街叫汉街，街临着河，河挨着街，所以名为楚河汉街（我真的没有开玩笑，认真脸🤫）这条街不是很长，中间有餐饮和商品店，还有个杜莎夫人蜡像馆，散散步吃个午饭还是不错的（下午到晚上灯光比较有感觉）汉街上面还有个蓝桥，也适合拍照📸哦～\n\n\n光谷广场：一个像外国建筑的网红拍照打卡地，很美丽还是值得一来的，就是位置不太好找。下了光谷地铁，你会发现四周都在修路，不要care，这是因为光谷再建造一个无人能及的复杂地下路线，虽然修了10年还没有修好吧😅好了回归正题，穿过两个天桥，我们会经过商场，在这里吃吃喝喝玩玩看电影都不错，商场里会有指示牌告诉你到西班牙风情街，意大利风情街，跟着走就到这里来了有小火车，灯光秀，教堂和一些外国雕塑，走累了可以进教堂里歇歇。\n\n\n轮渡：必坐！！！这个强推啊，可以看到整个武汉。起点是江汉路步行街，终点是户部巷那里，支付宝扫码进入还打折（武汉是由一条江隔开，所以轮渡是很有当地特色的一个渡江方式，人车都可以上船）进去之后就等着闸门打开，开了后抓紧时间冲上2楼的看台区（风光独好）"},{"time":"18:00","daily_itinerary_sub_tit":"晚餐","rich_content_view":"成人：不含餐 儿童：不含餐","meal_hours_box":"用餐时间：约1小时"},{"time":"19:00","daily_itinerary_sub_tit":"自由活动","rich_content_view":"晚上可自选《知音号》夜游武汉长江，《知音号》的故事发生在船上，然而演出和观看的过程，从上船之前就开始了。这艘复古轮船连接了过去与今天，观众从登上码头的那一刻起，就走进了一段过往的时光，又开始了一段寻找自己的旅程。与传统剧场演出在观众席上正襟危坐的体验不同，观众可以在船舱内部自由行动，体验船内每个角落发生的故事。这种交互式体验，是彼此间通过行为艺术获得感悟和达到真理的一条通道。借一次旅途，抵达的是自己的内心和记忆。这是一座活的博物馆，船上每一个角落发生的故事都与观众每刻的呼吸与体验紧密共生。","meal_hours_box":"活动时间：约1小时","daily_itinerary_sces":[{"GSScenicSpotID":30651096,"PreName":"","Name":"知音号","SuffixName":null}]}]},{"title":"【包车市内游览 玩转大武汉】登高望远黄鹤楼+品黄鹤楼咖啡+湖北省博耳麦讲解+编钟表演+网红美食一条街户部巷尝遍武汉美食，动车前往宜昌，水电之都，三峡起始处宜昌欢迎您！","subItems":[{"time":"07:30","daily_itinerary_sub_tit":"早餐","rich_content_view":"成人：不含餐 儿童：不含餐","meal_hours_box":"用餐时间：约30分钟"},{"time":"08:00","daily_itinerary_sub_tit":"交通","rich_content_view":"早餐后，专车出发前往黄鹤楼。","meal_hours_box":"行驶时间：约40分钟"},{"time":"08:30","daily_itinerary_sub_tit":"景点/场馆","rich_content_view":"含黄鹤楼景区花式导游讲解【含荆楚快板+楚剧唱诗串烧】，体验新式的导游服务。\n黄鹤楼！可登高，可望远，有故事，有诗意，当然，现在还有了咖啡！喝着一杯特有的黄鹤楼拉花的拿铁，站在黄鹤楼上去仰望这片充满无限热情的江城大地，很难不让人重新再爱上一遍这栋充满文化底蕴的古楼(每人赠送一杯黄鹤楼咖啡）。","meal_hours_box":"活动时间：约1小时30分钟","daily_itinerary_sces":[{"GSScenicSpotID":77593,"PreName":"","Name":"黄鹤楼","SuffixName":"(已含门票)"}]},{"time":"10:00","daily_itinerary_sub_tit":"交通","rich_content_view":"前往红楼，缅怀革命历史，辛亥革命博物馆逢周一闭馆，如遇闭馆期间，行程调整至昙华林，请知悉。","meal_hours_box":"行驶时间：约10小时"},{"time":"10:30","daily_itinerary_sub_tit":"景点/场馆","meal_hours_box":"活动时间：约1小时","daily_itinerary_sces":[{"GSScenicSpotID":77671,"PreName":"","Name":"辛亥革命武昌起义纪念馆","SuffixName":"(已含门票)"},{"GSScenicSpotID":10559439,"PreName":"","Name":"昙华林","SuffixName":""}]},{"time":"11:30","daily_itinerary_sub_tit":"景点/场馆","meal_hours_box":"活动时间：约2小时","daily_itinerary_sces":[{"GSScenicSpotID":10524156,"PreName":"","Name":"户部巷","SuffixName":"(已含门票)"}]},{"time":"12:00","daily_itinerary_sub_tit":"午餐","rich_content_view":"成人：含餐 儿童：含餐","meal_hours_box":"餐标：50CNY/人","daily_itinerary_sces":[{"GSScenicSpotID":61326198,"Name":"蔡林记(户部巷3店)"}]},{"time":"13:00","daily_itinerary_sub_tit":"景点/场馆","rich_content_view":"含省博全程语音导游耳麦讲解。（如遇周一闭馆，行程则调整到武汉东湖听涛景区，请知悉）。","meal_hours_box":"活动时间：约2小时","daily_itinerary_sces":[{"GSScenicSpotID":77591,"PreName":"","Name":"湖北省博物馆","SuffixName":"(已含门票)"},{"GSScenicSpotID":98275821,"PreName":"","Name":"曾侯乙编钟","SuffixName":"(已含门票)"},{"GSScenicSpotID":18072976,"PreName":"","Name":"东湖听涛景区","SuffixName":""}]},{"time":"15:30","daily_itinerary_sub_tit":"交通","rich_content_view":"游览结束，送至汉口站，搭乘动车前往宜昌。","meal_hours_box":"行驶时间：约1小时30分钟"},{"time":"17:00","daily_itinerary_sub_tit":"交通","rich_content_view":"抵达宜昌东火车站，专车接您，前往市区酒店。","meal_hours_box":"行驶时间：约30分钟"},{"time":"18:00","daily_itinerary_sub_tit":"晚餐","rich_content_view":"成人：不含餐 儿童：不含餐","meal_hours_box":"参考标准：50CNY/人"},{"time":"20:30","daily_itinerary_sub_tit":"酒店","rich_content_view":"【酒店任选系列说明须知】\n\n【1】该行程为酒店任选系列！可选范围为大数据精筛20家当地人气榜单好评星级酒店，房型任选可更换行政或者套房房型。\n\n【2】默认为当地性价比人气款，行程日程所列为推荐优选款，更多选择您可于下单预订页面点击【更换酒店】&【更换房型】按钮任性更换。\n\n【3】请您注意所选酒店房型政策，是否含早，儿童是否占床皆以您下单时的选择为准，如有不明之处欢迎联系客服在线沟通。","daily_itinerary_hotel":{"HotelID":425211,"HotelName":"宜昌富力皇冠假日酒店"}}]},{"title":"【宜昌包车前往神农架】抵达南国华中屋脊—神农架的南大门—神农架木鱼镇，\"昭君说\"文化使者分享+官门山+天生桥+神农坛【可选宿森林野奢5钻,阿尔卡迪亚/康帝君兰】","subItems":[{"time":"08:00","daily_itinerary_sub_tit":"早餐","rich_content_view":"成人：含餐 儿童：不含餐","meal_hours_box":"用餐时间：约30分钟"},{"time":"09:00","daily_itinerary_sub_tit":"交通","rich_content_view":"前往神农架开启探秘之旅！\n\n【温馨提醒】：神农架山区路程较长，晕车的游客朋友我们土著已背好了晕车药哦！","meal_hours_box":"行驶时间：约2小时30分钟"},{"time":"11:30","daily_itinerary_sub_tit":"景点/场馆","rich_content_view":"来自昭君故土，特邀王昭君王氏后人分享昭君生平故事，深入走进美人故土，走进一代传奇人物，和平使者“王昭君”的一生！\n昭君村位于香溪河畔，原名宝坪村，因西汉时有“沉鱼落雁”之美的王昭君生长于此，得名昭君村。村中有粉黛林、佳丽岛、浣纱处、彩石滩等20余处胜迹，昭君纪念馆收藏陈列着昭君村出土的汉唐文物，昭君书院内珍藏着各个版本的古典书籍，记载着几千年来人们对昭君的评价。村内王家崖云雾缭绕，香溪河九曲八弯，娘娘泉古朴典雅，梳妆台花荫满地，昭君像亭亭玉立，抚琴台琴韵悦耳。","meal_hours_box":"活动时间：约1小时","daily_itinerary_sces":[{"GSScenicSpotID":79317,"PreName":"","Name":"昭君村","SuffixName":"(已含门票)"}]},{"time":"12:30","daily_itinerary_sub_tit":"午餐","rich_content_view":"成人：不含餐 儿童：不含餐","meal_hours_box":"参考标准：45CNY/人","daily_itinerary_sces":[{"GSScenicSpotID":32726754,"Name":"香妃土菜馆"},{"GSScenicSpotID":52774721,"Name":"神昭家常菜"}]},{"time":"14:30","daily_itinerary_sub_tit":"景点/场馆","rich_content_view":"天生桥山岩叠嶂，长满野花绿树，因遍生兰草，幽香四溢。","meal_hours_box":"活动时间：约1小时","daily_itinerary_sces":[{"GSScenicSpotID":100198,"PreName":"","Name":"天生桥","SuffixName":"(已含门票)"}]},{"time":"15:30","daily_itinerary_sub_tit":"景点/场馆","rich_content_view":"神农祭坛地处湖北神农架旅游开放区木鱼镇，是神农架旅游的南大门，也是中心旅游区。整个景区内青山环抱，美丽而幽静。 景区分为主体祭祀区、古老植物园、千年古杉、蝴蝶标本馆、编钟演奏厅五大部分，其主体建筑是神农巨型牛首人身雕像，像高21米，宽35米。雕像立于苍翠群山之间，以大地为身驱，双目微闭，似在思索宇宙奥秘。祭祀区内，踩在脚下的是代表天和地的圆形和方形图案，在代表地的方形图案中，五色石分别为五行学说中的金、木、水、火、土。","meal_hours_box":"活动时间：约1小时","daily_itinerary_sces":[{"GSScenicSpotID":77694,"PreName":"","Name":"神农祭坛","SuffixName":"(已含门票)"}]},{"time":"16:30","daily_itinerary_sub_tit":"景点/场馆","meal_hours_box":"活动时间：约1小时","daily_itinerary_sces":[{"GSScenicSpotID":97845,"PreName":"","Name":"官门山","SuffixName":"(已含门票)"}]},{"time":"17:30","daily_itinerary_sub_tit":"交通","rich_content_view":"抵达神农架生态旅游度假圣地—木鱼镇入住酒店。","meal_hours_box":"行驶时间：约15分钟"},{"time":"18:30","daily_itinerary_sub_tit":"晚餐","rich_content_view":"成人：不含餐 儿童：不含餐","meal_hours_box":"参考标准：40CNY/人","daily_itinerary_sces":[{"GSScenicSpotID":15953021,"Name":"老地方(迎宾大道店)"},{"GSScenicSpotID":32483370,"Name":"乡野菜"}]},{"time":"19:00","daily_itinerary_sub_tit":"酒店","daily_itinerary_hotel":{"HotelID":2652489,"HotelName":"神农架康帝君兰酒店"}},{"time":"19:30","daily_itinerary_sub_tit":"自由活动","rich_content_view":"木鱼镇地处华中第一峰——神农顶南部山麓，平均海拔1200米，作为省级旅游度假区，镇内有神农顶、神农坛、天生桥、香溪源等旅游景点，是湖北“长江三峡、神农架、武当山”旅游黄金线上的重要节点和游客集散地，是鄂西生态文化旅游圈的核心板块，是神农架旅游接待服务中心，林区对外开放的“窗口”。\n\n神农架木鱼镇全镇只有一条街，被称为土特产一条街。这里可以买到神农架林区的土蜂蜜、菌类、香菇等特产，还有当地的竹雕等旅游纪念品。夏天旺季时，这里成为木鱼镇的夜市，有许多小吃烧烤。","meal_hours_box":"活动时间：约1小时30分钟","daily_itinerary_sces":[{"GSScenicSpotID":64671804,"PreName":"","Name":"木鱼镇","SuffixName":null}]}]},{"title":"包车前往酒壶坪，换乘景区环保车【神农顶+小龙潭看野生金丝猴+板壁岩寻野人踪迹+海拔3106.2米高山草甸+原始冷杉林】前往【 云间湿地 天上九湖 群山怀抱 仿佛游离在爱丽丝仙境之中】","subItems":[{"time":"07:30","daily_itinerary_sub_tit":"早餐","rich_content_view":"成人：不含餐 儿童：不含餐"},{"time":"08:00","daily_itinerary_sub_tit":"交通","rich_content_view":"【根据景区客流量，出发时间实际通知为准】早餐后乘车赴【神农顶风景区】。","meal_hours_box":"行驶时间：约40分钟"},{"time":"08:30","daily_itinerary_sub_tit":"景点/场馆","meal_hours_box":"活动时间：约3小时","daily_itinerary_sces":[{"GSScenicSpotID":77753,"PreName":"","Name":"神农顶风景区","SuffixName":"(已含门票)"}]},{"time":"09:00","daily_itinerary_sub_tit":"景点/场馆","meal_hours_box":"活动时间：约3小时","daily_itinerary_sces":[{"GSScenicSpotID":77757,"PreName":"","Name":"小龙潭野考站","SuffixName":""},{"GSScenicSpotID":77751,"PreName":"","Name":"金猴岭","SuffixName":""},{"GSScenicSpotID":77747,"PreName":"","Name":"神农谷","SuffixName":""},{"GSScenicSpotID":77769,"PreName":"","Name":"瞭望塔","SuffixName":""},{"GSScenicSpotID":77691,"PreName":"","Name":"板壁岩","SuffixName":""}]},{"time":"12:00","daily_itinerary_sub_tit":"午餐","rich_content_view":"成人：不含餐 儿童：不含餐","meal_hours_box":"参考标准：50CNY/人","daily_itinerary_sces":[{"GSScenicSpotID":78675277,"Name":"爷爷的疙瘩火"},{"GSScenicSpotID":130202807,"Name":"奶奶的土吊锅"}]},{"time":"13:00","daily_itinerary_sub_tit":"景点/场馆","meal_hours_box":"活动时间：约3小时","daily_itinerary_sces":[{"GSScenicSpotID":97835,"PreName":"","Name":"大九湖国家湿地公园","SuffixName":"(已含门票)"}]},{"time":"16:00","daily_itinerary_sub_tit":"交通","rich_content_view":"乘环保车返回（酒壶坪换乘专车前往木鱼）。","meal_hours_box":"行驶时间：约2小时"},{"time":"18:00","daily_itinerary_sub_tit":"酒店","daily_itinerary_hotel":{"HotelID":2652489,"HotelName":"神农架康帝君兰酒店"}},{"time":"19:00","daily_itinerary_sub_tit":"晚餐","rich_content_view":"成人：不含餐 儿童：不含餐","meal_hours_box":"用餐时间：约1小时"}]},{"title":"返程宜昌，动车前往恩施，下午走进土家部落首领王宫，来到女儿城秒变土家女，摆手舞/张关合渣，感受土家儿女的热情~","subItems":[{"time":"08:00","daily_itinerary_sub_tit":"早餐","rich_content_view":"成人：不含餐 儿童：不含餐","meal_hours_box":"用餐时间：约30分钟"},{"time":"09:00","daily_itinerary_sub_tit":"交通","rich_content_view":"返程宜昌，午餐后，乘坐动车前往恩施。","meal_hours_box":"行驶时间：约3小时30分钟"},{"time":"12:00","daily_itinerary_sub_tit":"午餐","rich_content_view":"成人：不含餐 儿童：不含餐","meal_hours_box":"参考标准：50CNY/人"},{"time":"13:30","daily_itinerary_sub_tit":"交通","rich_content_view":"搭乘动车前往恩施。","meal_hours_box":"行驶时间：约2小时"},{"time":"16:30","daily_itinerary_sub_tit":"景点/场馆","meal_hours_box":"行驶时间：约30分钟","daily_itinerary_sces":[{"GSScenicSpotID":10758390,"PreName":"","Name":"恩施土司城","SuffixName":"(已含门票)"}]},{"time":"18:00","daily_itinerary_sub_tit":"景点/场馆","meal_hours_box":"活动时间：约2小时","daily_itinerary_sces":[{"GSScenicSpotID":13512054,"PreName":"","Name":"恩施土家女儿城","SuffixName":""}]},{"time":"18:30","daily_itinerary_sub_tit":"晚餐","rich_content_view":"成人：含餐 儿童：含餐","meal_hours_box":"餐标：50CNY/人","daily_itinerary_sces":[{"GSScenicSpotID":43710185,"Name":"张关合渣"}]},{"time":"20:00","daily_itinerary_sub_tit":"酒店","daily_itinerary_hotel":{"HotelID":854726,"HotelName":"恩施瑞享国际酒店"}}]},{"title":"【前往恩施大峡谷】七星寨景区景随路转，忽尔绝壁万丈，忽尔孤峰独耸，地缝全长约3.8公里，断面呈深“U”型，山水相依，人杰地灵，打卡恩施女儿城仿古建筑和吊脚楼的结合，吃土家合渣 感受土家儿女的热情；","subItems":[{"time":"08:00","daily_itinerary_sub_tit":"早餐","rich_content_view":"成人：不含餐 儿童：不含餐","meal_hours_box":"用餐时间：约30分钟"},{"time":"08:30","daily_itinerary_sub_tit":"交通","rich_content_view":"专车前往恩施大峡谷。","meal_hours_box":"行驶时间：约20分钟"},{"time":"10:00","daily_itinerary_sub_tit":"景点/场馆","rich_content_view":"灵秀湖北旅游名片之一。神秘险峻的恩施大峡谷拥有【清江升白云】、【绝壁环峰丛】、【天桥连洞群】、【暗河接飞瀑】、【天坑配地缝】五大奇观。\n\n恩施大峡谷游玩攻略：\n\n推荐一（先地缝后七星寨）：大峡谷停车场（步行约10分钟）——新游客中心（检票口）——地面缆车——索道广场——游览“云龙地缝”（游览约1.5小时）——乘坐扶梯（自理30元/人）——索道广场——乘坐索道（费用已包含）——“七星寨”景区（游览约3小时）——“绝壁长廊”——峡谷轩酒店（自理用餐）——“迎客松”——“一炷香”——“母子情深”—— “大地山川”——大楼门扶梯（自理30元/人）——环保车（约25分钟）——新游客中心——停车场——返程。\n\n推荐二（先七星寨后地缝）：大峡谷号停车场（步行约10分钟）——新游客中心（检票口）——地面缆车——索道广场——乘坐索道（费用已包含）——“七星寨”景区（游览约3小时）——“绝壁长廊”——峡谷轩酒店（自理用餐）——“迎客松”——“一炷香”——“母子情深”—— “大地山川”——大楼门扶梯（自理30元/人）——环保车（约25分钟）——索道广场——游览“云龙地缝”（游览约1.5小时）——乘坐云龙地缝观光电梯（自理30元/人）——索道广场——新游客中心——停车场——返程。\n\nPS:因七星寨景区游玩的体力消耗较大，游客根据自身情况可以自行选择是否游览七星寨景区，也可以在游览云龙地缝后回到游客中心休息。另七星寨爬山路段有提供代步的的特色交通工具“滑竿”,该服务按路程收费，费用为100-1000元不等；游客可根据自身情况自愿选择。\n","meal_hours_box":"活动时间：约5小时","daily_itinerary_sces":[{"GSScenicSpotID":83835,"PreName":"","Name":"恩施大峡谷","SuffixName":"(已含门票)"}]},{"time":"10:30","daily_itinerary_sub_tit":"景点/场馆","rich_content_view":"特别说明：【恩施大峡谷】分为【七星寨】和【云龙地缝】2个景区，【云龙河地缝】景区因维护只开放部分景点，无法全部游览，请知悉！","meal_hours_box":"活动时间：约2小时","daily_itinerary_sces":[{"GSScenicSpotID":50714758,"PreName":"","Name":"云龙地缝","SuffixName":"(已含门票)"},{"GSScenicSpotID":20963166,"PreName":"","Name":"云龙瀑布","SuffixName":"(已含门票)"},{"GSScenicSpotID":20963171,"PreName":"","Name":"五彩黄龙瀑布","SuffixName":"(已含门票)"},{"GSScenicSpotID":20963174,"PreName":"","Name":"石帘","SuffixName":"(已含门票)"}]},{"time":"12:00","daily_itinerary_sub_tit":"午餐","rich_content_view":"成人：不含餐 儿童：不含餐","meal_hours_box":"用餐时间：约30分钟","daily_itinerary_sces":[{"GSScenicSpotID":32567214,"Name":"土家女儿村山景餐厅"},{"GSScenicSpotID":57662395,"Name":"土家柴火灶生态农庄"}]},{"time":"13:00","daily_itinerary_sub_tit":"景点/场馆","meal_hours_box":"活动时间：约3小时","daily_itinerary_sces":[{"GSScenicSpotID":22866961,"PreName":"","Name":"七星寨景区","SuffixName":"(已含门票)"}]},{"time":"13:30","daily_itinerary_sub_tit":"景点/场馆","meal_hours_box":"活动时间：约2小时","daily_itinerary_sces":[{"GSScenicSpotID":20963187,"PreName":"","Name":"楼门石浪","SuffixName":"(已含门票)"},{"GSScenicSpotID":20963183,"PreName":"","Name":"绝壁长廊","SuffixName":"(已含门票)"},{"GSScenicSpotID":20963182,"PreName":"","Name":"一炷香","SuffixName":"(已含门票)"}]},{"time":"16:00","daily_itinerary_sub_tit":"交通","rich_content_view":"专车前往女儿城。","meal_hours_box":"行驶时间：约2小时"},{"time":"17:30","daily_itinerary_sub_tit":"景点/场馆","meal_hours_box":"行驶时间：约1小时30分钟","daily_itinerary_sces":[{"GSScenicSpotID":13512054,"PreName":"","Name":"恩施土家女儿城","SuffixName":"(已含门票)"}]},{"time":"18:00","daily_itinerary_sub_tit":"晚餐","rich_content_view":"成人：含餐 儿童：含餐","meal_hours_box":"餐标：50CNY/人","daily_itinerary_sces":[{"GSScenicSpotID":27164539,"Name":"张关合渣(女儿城店)"}]},{"time":"19:00","daily_itinerary_sub_tit":"酒店","daily_itinerary_hotel":{"HotelID":854726,"HotelName":"恩施瑞享国际酒店"}}]},{"title":"【包车前往鹤峰·悬浮体验】据说这里被誉为“中国的仙本那”，清澈见底的河上，船行上面犹如漂浮空中，舟行碧波上，如悬浮水面 ,宛如仙境~·","subItems":[{"time":"08:00","daily_itinerary_sub_tit":"早餐","rich_content_view":"成人：不含餐 儿童：不含餐","meal_hours_box":"参考标准：20CNY/人"},{"time":"08:30","daily_itinerary_sub_tit":"交通","rich_content_view":"专车前往鹤峰屏山大峡谷。","meal_hours_box":"行驶时间：约3小时30分钟"},{"time":"12:00","daily_itinerary_sub_tit":"午餐","rich_content_view":"成人：不含餐 儿童：不含餐","meal_hours_box":"参考标准：40CNY/人","daily_itinerary_sces":[{"GSScenicSpotID":43709361,"Name":"红嫂子农家乐"},{"GSScenicSpotID":77981456,"Name":"银珠寨农家乐"}]},{"time":"13:00","daily_itinerary_sub_tit":"景点/场馆","rich_content_view":"这里被誉为“中国的仙本那”，水清澈见底，船行上面尤如飘浮空中。屏山峡谷自古仙境，俨然一幅美妙绝伦的画卷，置身于充满神奇魅力的峡谷内，你就会有一种如痴如醉、返朴归真的梦幻般的感觉。","meal_hours_box":"活动时间：约2小时30分钟","daily_itinerary_sces":[{"GSScenicSpotID":25320264,"PreName":"","Name":"屏山峡谷","SuffixName":"(已含门票)"}]},{"time":"15:30","daily_itinerary_sub_tit":"交通","rich_content_view":"专车返回恩施。","meal_hours_box":"行驶时间：约3小时30分钟"},{"time":"18:30","daily_itinerary_sub_tit":"晚餐","rich_content_view":"成人：不含餐 儿童：不含餐","meal_hours_box":"参考标准：40CNY/人","daily_itinerary_sces":[{"GSScenicSpotID":43710185,"Name":"张关合渣"},{"GSScenicSpotID":34629356,"Name":"赵记腊味(恩施州总店)"}]},{"time":"19:00","daily_itinerary_sub_tit":"酒店","daily_itinerary_hotel":{"HotelID":854726,"HotelName":"恩施瑞享国际酒店"}}]},{"title":"【包车送往机场/恩施火车/市区】","subItems":[{"time":"08:00","daily_itinerary_sub_tit":"早餐","rich_content_view":"成人：不含餐 儿童：不含餐","meal_hours_box":"用餐时间：约30分钟"},{"time":"10:00","daily_itinerary_sub_tit":"自由活动","rich_content_view":"★张关合渣-恩施合渣的吃法有很多，而张关合渣就是制作合渣火锅的典型，搭配蔬菜及肉类，营养又美味！\n\n★炕洋芋-恩施高山上出产的洋芋个小香甜味道非常受食客的欢迎，“炕土豆”是在街头巷尾都能见到的代表性的街头小吃之一。\n\n★土家腊肉-恩施传统美食，味道鲜香、香飘十里。鲜红的炸广椒加上土家腊肉让整碗菜自带滤镜，看着就好吃！\n\n★烤糍粑-传统工艺原汁原味的手工糍粑，在火上架起支架，糍粑放在架上烧，一盘香喷喷的糍粑就可以大块朵颐了！\n\n★柏杨豆干-色泽金黄，美味幽长，绵醇厚道，质地细腻，无论生食还是热炒，五香还是麻辣，均有沁人心脾回味无穷之感！\n\n在恩施随便找一条当地的街巷溜达溜达，邂逅地道的恩施味道，藏在背篓里的苞谷粑粑、鲜而不腻的格格、沁人心脾的恩施玉露、豪迈爽朗的摔碗酒…一定能满足你的期待、惊艳你的味蕾，俘获地道吃货的芳心。","meal_hours_box":"活动时间：约3小时"},{"time":"不限","daily_itinerary_sub_tit":"交通","rich_content_view":"根据返程交通的时间，您可以选择在酒店稍事休息或带着悠闲的心情前往恩施的大街小巷逛逛。\n\n今日无行程安排（自由活动期间不含车、餐、导游、门票）。请于12:00之前退房（如返程交通是中午以后的，游客可把行礼寄存在酒店前台再外出游玩，以免造成不必要的损失），旅行社工作人员会根据您所定的交通启程时间送您前往站点，自行乘坐返回。\n\n【温馨提示】：\n\n1、全天自由活动，无导游陪同，若您回程时间较晚，可将行李寄存于酒店前台，自由活动期间请您注意安全哦；\n\n2、酒店当天退房时间在中午12:00，请您在自由活动期间注意时间，以免因延迟退房，酒店加收您的房费；\n\n3、和司机师傅提前约定好时间地点接，一般提前1.5小时送站。如果回程时间较晚，行李可自行寄存前台。","meal_hours_box":"行驶时间：约30分钟"},{"time":"12:00","daily_itinerary_sub_tit":"午餐","rich_content_view":"成人：不含餐 儿童：不含餐","meal_hours_box":"用餐时间：约1小时"}]}],"days":["【抵达江城武汉机场/火车站，专车礼遇接待】重新认识武汉，江湖武汉城，好客武汉人！晚可选《知音号》夜观武汉两岸江景！","【包车市内游览 玩转大武汉】登高望远黄鹤楼+品黄鹤楼咖啡+湖北省博耳麦讲解+编钟表演+网红美食一条街户部巷尝遍武汉美食，动车前往宜昌，水电之都，三峡起始处宜昌欢迎您！","【宜昌包车前往神农架】抵达南国华中屋脊—神农架的南大门—神农架木鱼镇，\"昭君说\"文化使者分享+官门山+天生桥+神农坛【可选宿森林野奢5钻,阿尔卡迪亚/康帝君兰】","包车前往酒壶坪，换乘景区环保车【神农顶+小龙潭看野生金丝猴+板壁岩寻野人踪迹+海拔3106.2米高山草甸+原始冷杉林】前往【 云间湿地 天上九湖 群山怀抱 仿佛游离在爱丽丝仙境之中】","返程宜昌，动车前往恩施，下午走进土家部落首领王宫，来到女儿城秒变土家女，摆手舞/张关合渣，感受土家儿女的热情~","【前往恩施大峡谷】七星寨景区景随路转，忽尔绝壁万丈，忽尔孤峰独耸，地缝全长约3.8公里，断面呈深“U”型，山水相依，人杰地灵，打卡恩施女儿城仿古建筑和吊脚楼的结合，吃土家合渣 感受土家儿女的热情；","【包车前往鹤峰·悬浮体验】据说这里被誉为“中国的仙本那”，清澈见底的河上，船行上面犹如漂浮空中，舟行碧波上，如悬浮水面 ,宛如仙境~·","【包车送往机场/恩施火车/市区】"]}]